Name: 广东珠江, URL: http://php.jdshipin.com/TVOD/iptv.php?id=gdzj, IPv_Type: ipv6, Location: 美国, ISP: CloudFlare Inc., Date: None, Delay: -1 ms, Speed: 0.00 M/s, Resolution: None
Name: 广东珠江, URL: http://php.jdshipin.com/TVOD/hnyd.php?id=200000001898/460000089800010091, IPv_Type: ipv6, Location: 美国, ISP: CloudFlare Inc., Date: None, Delay: -1 ms, Speed: 0.00 M/s, Resolution: None
Name: 广东珠江, URL: http://lu.wqwqwq.sbs/itv/2000000003000000033.m3u8?cdn=hnbblive, IPv_Type: ipv6, Location: 美国, ISP: CloudFlare Inc., Date: None, Delay: -1 ms, Speed: 0.00 M/s, Resolution: None
Name: 广东珠江, URL: http://[2409:8087:5e08:24::d]:6610/000000001000/1/2000000003000000033/index.m3u8?stbId=3&livemode=1&HlsProfileId=&channel-id=hnbblive&Contentid=2000000003000000033&yang-1989, IPv_Type: ipv6, Location: 中国, ISP: 中国移动, Date: None, Delay: -1 ms, Speed: 0.00 M/s, Resolution: None
Name: 广东珠江, URL: http://cdn2.163189.xyz/live/gdzj/stream.m3u8, IPv_Type: ipv6, Location: 新加坡, ISP: Aceville Pte.Ltd., Date: None, Delay: -1 ms, Speed: 0.00 M/s, Resolution: None
Name: 广东珠江, URL: http://[2409:8087:5e00:24::10]:6060/200000001898/460000089800010091/0.m3u8, IPv_Type: ipv6, Location: 中国, ISP: 中国移动, Date: None, Delay: -1 ms, Speed: 0.00 M/s, Resolution: None
Name: 广东珠江, URL: https://php.17186.eu.org/gdtv/web/gdzj.m3u8, IPv_Type: ipv6, Location: 美国, ISP: CloudFlare Inc., Date: None, Delay: -1 ms, Speed: 0.00 M/s, Resolution: None
Name: 广东珠江, URL: https://smart.pendy.dpdns.org/Smart.php?id=zhujiang, IPv_Type: ipv6, Location: 美国, ISP: CloudFlare Inc., Date: None, Delay: -1 ms, Speed: 0.00 M/s, Resolution: None
Name: 广东珠江, URL: http://[2409:8087:5e08:24::d]:6610/000000001000/1/2000000003000000033/index.m3u8, IPv_Type: ipv6, Location: 中国, ISP: 中国移动, Date: None, Delay: -1 ms, Speed: 0.00 M/s, Resolution: None
Name: 广东珠江, URL: http://[2409:8087:5e08:24::11]:6610/000000001000/2000000003000000033/index.m3u8, IPv_Type: ipv6, Location: 中国, ISP: 中国移动, Date: None, Delay: -1 ms, Speed: 0.00 M/s, Resolution: None
Name: 广东珠江, URL: http://[2409:8087:5e00:24::1e]:6060/200000001898/460000089800010091/1.m3u8, IPv_Type: ipv6, Location: 中国, ISP: 中国移动, Date: None, Delay: -1 ms, Speed: 0.00 M/s, Resolution: None
Name: 广东珠江, URL: https://smart.pendy.dpdns.org/Smart.php, IPv_Type: ipv6, Location: 美国, ISP: CloudFlare Inc., Date: None, Delay: -1 ms, Speed: 0.00 M/s, Resolution: None
Name: 广东珠江, URL: http://r.jdshipin.com/sE5vO, IPv_Type: ipv6, Location: 美国, ISP: CloudFlare Inc., Date: None, Delay: -1 ms, Speed: 0.00 M/s, Resolution: None
Name: 广东珠江, URL: http://bxtv.3a.ink/api.php?id=gdzj, IPv_Type: ipv6, Location: 美国, ISP: CloudFlare Inc., Date: None, Delay: -1 ms, Speed: 0.00 M/s, Resolution: None
Name: 广东体育, URL: http://php.jdshipin.com/TVOD/iptv.php?id=gdty, IPv_Type: ipv6, Location: 美国, ISP: CloudFlare Inc., Date: None, Delay: -1 ms, Speed: 0.00 M/s, Resolution: None
Name: 广东体育, URL: http://php.jdshipin.com:8880/chudian.php?id=gdty, IPv_Type: ipv6, Location: 美国, ISP: CloudFlare Inc., Date: None, Delay: -1 ms, Speed: 0.00 M/s, Resolution: None
Name: 广东体育, URL: http://cdn2.163189.xyz/live/gdty/stream.m3u8, IPv_Type: ipv6, Location: 新加坡, ISP: Aceville Pte.Ltd., Date: None, Delay: -1 ms, Speed: 0.00 M/s, Resolution: None
Name: 广东体育, URL: https://php.17186.eu.org/gdtv/gdty.m3u8, IPv_Type: ipv6, Location: 美国, ISP: CloudFlare Inc., Date: None, Delay: -1 ms, Speed: 0.00 M/s, Resolution: None
Name: 广东体育, URL: https://epg.pw/stream/7b470f9fc5c305db0c8622117b7b25ca00eb35ba3e93e865cf0ff9df5c736681.m3u8, IPv_Type: ipv6, Location: 美国, ISP: CloudFlare Inc., Date: None, Delay: -1 ms, Speed: 0.00 M/s, Resolution: None
Name: 广东体育, URL: https://hls-gateway.vpstv.net/streams/476954.m3u8, IPv_Type: ipv6, Location: 美国, ISP: CloudFlare Inc., Date: None, Delay: -1 ms, Speed: 0.00 M/s, Resolution: None
Name: 广东体育, URL: http://r.jdshipin.com/LiYdg, IPv_Type: ipv6, Location: 美国, ISP: CloudFlare Inc., Date: None, Delay: -1 ms, Speed: 0.00 M/s, Resolution: None
Name: 广东体育, URL: http://bxtv.3a.ink/api.php?id=gdty, IPv_Type: ipv6, Location: 美国, ISP: CloudFlare Inc., Date: None, Delay: -1 ms, Speed: 0.00 M/s, Resolution: None
Name: 广东新闻, URL: http://php.jdshipin.com:8880/chudian.php?id=gdxw, IPv_Type: ipv6, Location: 美国, ISP: CloudFlare Inc., Date: None, Delay: -1 ms, Speed: 0.00 M/s, Resolution: None
Name: 广东新闻, URL: https://hls-gateway.vpstv.net/streams/708873.m3u8, IPv_Type: ipv6, Location: 美国, ISP: CloudFlare Inc., Date: None, Delay: -1 ms, Speed: 0.00 M/s, Resolution: None
Name: 广东卫视, URL: http://php.jdshipin.com:8880/TVOD/gsyd.php?id=9900000520, IPv_Type: ipv6, Location: 美国, ISP: CloudFlare Inc., Date: None, Delay: -1 ms, Speed: 0.00 M/s, Resolution: None
Name: 广东卫视, URL: http://z.b.bkpcp.top/m.php?id=gdws, IPv_Type: ipv6, Location: 美国, ISP: CloudFlare Inc., Date: None, Delay: -1 ms, Speed: 0.00 M/s, Resolution: None
Name: 广东卫视, URL: http://j.x.bkpcp.top/jx/GUANGDHD, IPv_Type: ipv6, Location: 美国, ISP: CloudFlare Inc., Date: None, Delay: -1 ms, Speed: 0.00 M/s, Resolution: None
Name: 广东卫视, URL: http://goo.bkpcp.top/mg/gdws, IPv_Type: ipv6, Location: 美国, ISP: CloudFlare Inc., Date: None, Delay: -1 ms, Speed: 0.00 M/s, Resolution: None
Name: 广东卫视, URL: http://[2409:8087:74f0:22::6]:6410/270000001128/9900000520/index.m3u8, IPv_Type: ipv6, Location: 中国, ISP: 中国移动, Date: None, Delay: -1 ms, Speed: 0.00 M/s, Resolution: None
Name: 广东卫视, URL: http://[2409:8087:5e00:24::1e]:6060/200000001898/460000089800010055/1.m3u8, IPv_Type: ipv6, Location: 中国, ISP: 中国移动, Date: None, Delay: -1 ms, Speed: 0.00 M/s, Resolution: None
Name: 广东卫视, URL: http://[2409:8087:3869:8021:1001::e5]:6610/PLTV/88888910/224/3221225701/index.m3u8, IPv_Type: ipv6, Location: 中国, ISP: 中国移动, Date: None, Delay: -1 ms, Speed: 0.00 M/s, Resolution: None
Name: 广东卫视, URL: http://iptv.huuc.edu.cn/hls/gdhd.m3u8, IPv_Type: ipv6, Location: 中国, ISP: 教育网, Date: None, Delay: -1 ms, Speed: 0.00 M/s, Resolution: None
Name: 广东卫视, URL: http://yc.myds.me:35455/itv/1000000001000014176.m3u8?cdn=ystenlive, IPv_Type: ipv6, Location: 中国, ISP: 中国电信, Date: None, Delay: -1 ms, Speed: 0.00 M/s, Resolution: None
Name: 广东卫视, URL: http://nas.suntao.online:35455/itv/1000000001000014176.m3u8?cdn=ystenlive, IPv_Type: ipv6, Location: 中国, ISP: 中国联通, Date: None, Delay: -1 ms, Speed: 0.00 M/s, Resolution: None
Name: 广东卫视, URL: http://rrs01.hw.gmcc.net:8088/PLTV/81/224/3221227161/1.m3u8, IPv_Type: ipv6, Location: 中国, ISP: 中国移动, Date: None, Delay: -1 ms, Speed: 0.00 M/s, Resolution: None
Name: 广东卫视, URL: http://[2409:8087:3869:8021:1001::e5]:6610/PLTV/88888888/224/3221225597/2/index.m3u8, IPv_Type: ipv6, Location: 中国, ISP: 中国移动, Date: None, Delay: -1 ms, Speed: 0.00 M/s, Resolution: None
Name: 广东卫视, URL: http://dsj.motem.top:8880/bptv/10000100000000050000000003873459.m3u8, IPv_Type: ipv6, Location: 美国, ISP: CloudFlare Inc., Date: None, Delay: -1 ms, Speed: 0.00 M/s, Resolution: None
Name: 广东卫视, URL: http://wouu.net:9977/udp/239.93.0.181:5140, IPv_Type: ipv6, Location: 保留地址, ISP: 主机之间的链路本地地址, Date: None, Delay: -1 ms, Speed: 0.00 M/s, Resolution: None
Name: 广东卫视, URL: http://lu.wqwqwq.sbs/itv/1000000005000265034.m3u8?cdn=ystenlive, IPv_Type: ipv6, Location: 美国, ISP: CloudFlare Inc., Date: None, Delay: -1 ms, Speed: 0.00 M/s, Resolution: None
Name: 广东卫视, URL: http://tvbox6.com/tv/bfgd.php?id=092, IPv_Type: ipv6, Location: 美国, ISP: CloudFlare Inc., Date: None, Delay: -1 ms, Speed: 0.00 M/s, Resolution: None
Name: 广东卫视, URL: http://alvin.ergotron.net:8000/udp/239.77.1.19:5146, IPv_Type: ipv6, Location: 中国, ISP: 中国电信, Date: None, Delay: -1 ms, Speed: 0.00 M/s, Resolution: None
Name: 广东卫视, URL: http://webmail.axxe.top:4022/rtp/239.3.1.142:8048, IPv_Type: ipv6, Location: 中国, ISP: 中国电信, Date: None, Delay: -1 ms, Speed: 0.00 M/s, Resolution: None
Name: 广东卫视, URL: http://gf.you123.fun:35455/itv/1000000005000265034.m3u8?cdn=ystenlive, IPv_Type: ipv6, Location: 中国, ISP: 中国电信, Date: None, Delay: -1 ms, Speed: 0.00 M/s, Resolution: None
Name: 广东卫视, URL: https://hls-gateway.vpstv.net/streams/476914.m3u8, IPv_Type: ipv6, Location: 美国, ISP: CloudFlare Inc., Date: None, Delay: -1 ms, Speed: 0.00 M/s, Resolution: None
Name: 广东卫视, URL: https://migu.188766.xyz/?migutoken=d981f9e55dc32b2b531e3a3cb64384c3&id=gdws&type=sz, IPv_Type: ipv6, Location: 美国, ISP: CloudFlare Inc., Date: None, Delay: -1 ms, Speed: 0.00 M/s, Resolution: None
Name: 广东卫视, URL: https://migu.188766.xyz/?migutoken=44b0c2524bb2ea4a193daea3544c7d17&id=gdws&type=sz, IPv_Type: ipv6, Location: 美国, ISP: CloudFlare Inc., Date: None, Delay: -1 ms, Speed: 0.00 M/s, Resolution: None
Name: 广东卫视, URL: http://gslbmgsplive.miguvideo.com/ws_w/2018/gdws/gdws711/1000/index.m3u8?msisdn=20250919040038fb2435a0354e4769864e99dc17075f30&mdspid=&spid=699054&netType=0&sid=2202428795&pid=2028597139&timestamp=20250919040038&Channel_ID=0116_2600000900-99000-201600010010027&ProgramID=608831231&ParentNodeID=-99&assertID=2202428795&client_ip=106.13.250.89&SecurityKey=20250919040038&promotionId=&mvid=2202428795&mcid=500020&playurlVersion=WX-A1-8.9.1-RELEASE&userid=&jmhm=&videocodec=h264&bean=mgspad&tid=android&conFee=0&puData=41121f42094e684205f4d693edb9e01a&ddCalcu=a411e011e28910bfd4e2309964de46f85402, IPv_Type: ipv6, Location: 中国, ISP: 中国移动, Date: None, Delay: -1 ms, Speed: 0.00 M/s, Resolution: None
Name: 广东卫视, URL: http://gslbmgsplive.miguvideo.com/ws_w/2018/gdws/gdws711/1000/index.m3u8?msisdn=2025091916003809031e5c6ab84a46aaed6ea64c02d27d&mdspid=&spid=699054&netType=0&sid=2202428795&pid=2028597139&timestamp=20250919160038&Channel_ID=0116_2600000900-99000-201600010010027&ProgramID=608831231&ParentNodeID=-99&assertID=2202428795&client_ip=106.13.250.89&SecurityKey=20250919160038&promotionId=&mvid=2202428795&mcid=500020&playurlVersion=WX-A1-8.9.1-RELEASE&userid=&jmhm=&videocodec=h264&bean=mgspad&tid=android&conFee=0&puData=4bbb104c8328eec72d9b4827b997f411&ddCalcu=141be4b1fb87109094bc78238248be9edc27, IPv_Type: ipv6, Location: 中国, ISP: 中国移动, Date: None, Delay: -1 ms, Speed: 0.00 M/s, Resolution: None
Name: 广东卫视, URL: http://gslbmgsplive.miguvideo.com/ws_w/2018/gdws/gdws711/1000/index.m3u8?msisdn=202509200400410f7ed28d12ca45e69b11a92aaa55b0e3&mdspid=&spid=699054&netType=0&sid=2202428795&pid=2028597139&timestamp=20250920040041&Channel_ID=0116_2600000900-99000-201600010010027&ProgramID=608831231&ParentNodeID=-99&assertID=2202428795&client_ip=106.13.250.83&SecurityKey=20250920040041&promotionId=&mvid=2202428795&mcid=500020&playurlVersion=WX-A1-8.9.1-RELEASE&userid=&jmhm=&videocodec=h264&bean=mgspad&tid=android&conFee=0&puData=015d228f5ae472c1c89dbb43ac8960bb&ddCalcu=b0b1e0516d892082c8af354abeb4d7928cc1, IPv_Type: ipv6, Location: 中国, ISP: 中国移动, Date: None, Delay: -1 ms, Speed: 0.00 M/s, Resolution: None
Name: 广东卫视, URL: http://gslbmgsplive.miguvideo.com/ws_w/2018/gdws/gdws711/1000/index.m3u8?msisdn=202509201600362af9df667713419eb6374896b457d115&mdspid=&spid=699054&netType=0&sid=2202428795&pid=2028597139&timestamp=20250920160036&Channel_ID=0116_2600000900-99000-201600010010027&ProgramID=608831231&ParentNodeID=-99&assertID=2202428795&client_ip=106.13.250.90&SecurityKey=20250920160036&promotionId=&mvid=2202428795&mcid=500020&playurlVersion=WX-A1-8.9.1-RELEASE&userid=&jmhm=&videocodec=h264&bean=mgspad&tid=android&conFee=0&puData=bc19fe965a12cbf7ca68628831f61b9a&ddCalcu=ab9ceb121986f0fe1936858a21628c6bafc7, IPv_Type: ipv6, Location: 中国, ISP: 中国移动, Date: None, Delay: -1 ms, Speed: 0.00 M/s, Resolution: None
Name: 广东卫视, URL: http://gslbmgsplive.miguvideo.com/ws_w/2018/gdws/gdws711/1000/index.m3u8?msisdn=202509210600369f36bdb9a403426983107223345a0721&mdspid=&spid=699054&netType=0&sid=2202428795&pid=2028597139&timestamp=20250921060036&Channel_ID=0116_2600000900-99000-201600010010027&ProgramID=608831231&ParentNodeID=-99&assertID=2202428795&client_ip=106.13.250.88&SecurityKey=20250921060036&promotionId=&mvid=2202428795&mcid=500020&playurlVersion=WX-A1-8.9.1-RELEASE&userid=&jmhm=&videocodec=h264&bean=mgspad&tid=android&conFee=0&puData=67a7cfe07788e26af3eea961b5394737&ddCalcu=7637e7a24789c03f5eb0176798a8eee236fa, IPv_Type: ipv6, Location: 中国, ISP: 中国移动, Date: None, Delay: -1 ms, Speed: 0.00 M/s, Resolution: None
Name: 广东卫视, URL: http://gslbmgsplive.miguvideo.com/ws_w/2018/gdws/gdws711/1000/index.m3u8?msisdn=20250921180036f353fe9b51384e20a0fbe34f60d7c077&mdspid=&spid=699054&netType=0&sid=2202428795&pid=2028597139&timestamp=20250921180036&Channel_ID=0116_2600000900-99000-201600010010027&ProgramID=608831231&ParentNodeID=-99&assertID=2202428795&client_ip=106.13.250.89&SecurityKey=20250921180036&promotionId=&mvid=2202428795&mcid=500020&playurlVersion=WX-A1-8.9.1-RELEASE&userid=&jmhm=&videocodec=h264&bean=mgspad&tid=android&conFee=0&puData=ea2cff4433977c5e50f67c077b874c67&ddCalcu=7e6aec224c87f08fb4747303c97767fc055e, IPv_Type: ipv6, Location: 中国, ISP: 中国移动, Date: None, Delay: -1 ms, Speed: 0.00 M/s, Resolution: None
Name: 广东卫视, URL: http://gslbmgsplive.miguvideo.com/ws_w/2018/gdws/gdws711/1000/index.m3u8?msisdn=202509220600311bee8880fc094f188ef5f31b76026eac&mdspid=&spid=699054&netType=0&sid=2202428795&pid=2028597139&timestamp=20250922060031&Channel_ID=0116_2600000900-99000-201600010010027&ProgramID=608831231&ParentNodeID=-99&assertID=2202428795&client_ip=106.13.250.89&SecurityKey=20250922060031&promotionId=&mvid=2202428795&mcid=500020&playurlVersion=WX-A1-8.9.1-RELEASE&userid=&jmhm=&videocodec=h264&bean=mgspad&tid=android&conFee=0&puData=e2d68a1a6d64ecc26faaf50258d89cf9&ddCalcu=9ef2ecd2968880da815a260d56f4aeacfc62, IPv_Type: ipv6, Location: 中国, ISP: 中国移动, Date: None, Delay: -1 ms, Speed: 0.00 M/s, Resolution: None
Name: 广东卫视, URL: http://gslbmgsplive.miguvideo.com/ws_w/2018/gdws/gdws711/1000/index.m3u8?msisdn=20250922180040420255d09b3844c0b5692b53402c24c0&mdspid=&spid=699054&netType=0&sid=2202428795&pid=2028597139&timestamp=20250922180040&Channel_ID=0116_2600000900-99000-201600010010027&ProgramID=608831231&ParentNodeID=-99&assertID=2202428795&client_ip=106.13.250.90&SecurityKey=20250922180040&promotionId=&mvid=2202428795&mcid=500020&playurlVersion=WX-A1-8.9.1-RELEASE&userid=&jmhm=&videocodec=h264&bean=mgspad&tid=android&conFee=0&puData=78b3337c3dc3d6d636e86d0d3f99c446&ddCalcu=6748e4b2c3893093f73cd30ddc638de66d36, IPv_Type: ipv6, Location: 中国, ISP: 中国移动, Date: None, Delay: -1 ms, Speed: 0.00 M/s, Resolution: None
Name: 广东卫视, URL: http://gslbmgsplive.miguvideo.com/ws_w/2018/gdws/gdws711/1000/index.m3u8?msisdn=20250923180037db4e67a3097f4c5bbff93a5a81d7aed4&mdspid=&spid=699054&netType=0&sid=2202428795&pid=2028597139&timestamp=20250923180037&Channel_ID=0116_2600000900-99000-201600010010027&ProgramID=608831231&ParentNodeID=-99&assertID=2202428795&client_ip=106.13.250.88&SecurityKey=20250923180037&promotionId=&mvid=2202428795&mcid=500020&playurlVersion=WX-A1-8.9.1-RELEASE&userid=&jmhm=&videocodec=h264&bean=mgspad&tid=android&conFee=0&puData=a1bb4a81dd5f1f579e463da6cbc902a9&ddCalcu=9aa1e2b20b8940cab8c16dadd53f614fe597, IPv_Type: ipv6, Location: 中国, ISP: 中国移动, Date: None, Delay: -1 ms, Speed: 0.00 M/s, Resolution: None
Name: 广东卫视, URL: http://gslbmgsplive.miguvideo.com/ws_w/2018/gdws/gdws711/1000/index.m3u8?msisdn=202509240400311da8331e04ce403697d77d56a259752c&mdspid=&spid=699054&netType=0&sid=2202428795&pid=2028597139&timestamp=20250924040031&Channel_ID=0116_2600000900-99000-201600010010027&ProgramID=608831231&ParentNodeID=-99&assertID=2202428795&client_ip=106.13.250.89&SecurityKey=20250924040031&promotionId=&mvid=2202428795&mcid=500020&playurlVersion=WX-A1-8.9.1-RELEASE&userid=&jmhm=&videocodec=h264&bean=mgspad&tid=android&conFee=0&puData=d9ce3490b03d3b437664ed810c150aba&ddCalcu=adb9eac20e853014c9001b80d3ed436b6473, IPv_Type: ipv6, Location: 中国, ISP: 中国移动, Date: None, Delay: -1 ms, Speed: 0.00 M/s, Resolution: None
Name: 广东民生, URL: http://php.jdshipin.com:8880/chudian.php?id=gdms, IPv_Type: ipv6, Location: 美国, ISP: CloudFlare Inc., Date: None, Delay: -1 ms, Speed: 0.00 M/s, Resolution: None
Name: 广东影视, URL: http://php.jdshipin.com:8880/chudian.php?id=gdys, IPv_Type: ipv6, Location: 美国, ISP: CloudFlare Inc., Date: None, Delay: -1 ms, Speed: 0.00 M/s, Resolution: None
Name: 大湾区卫视, URL: http://php.jdshipin.com/TVOD/hnyd.php?id=200000001898/460000089800010108, IPv_Type: ipv6, Location: 美国, ISP: CloudFlare Inc., Date: None, Delay: -1 ms, Speed: 0.00 M/s, Resolution: None
Name: 大湾区卫视, URL: http://z.b.bkpcp.top/m.php?id=dwqws, IPv_Type: ipv6, Location: 美国, ISP: CloudFlare Inc., Date: None, Delay: -1 ms, Speed: 0.00 M/s, Resolution: None
Name: 大湾区卫视, URL: http://goo.bkpcp.top/mg/dwqws, IPv_Type: ipv6, Location: 美国, ISP: CloudFlare Inc., Date: None, Delay: -1 ms, Speed: 0.00 M/s, Resolution: None
Name: 大湾区卫视, URL: http://jp1.jdiptv.cc/live/nfws.m3u8?kdstime=, IPv_Type: ipv6, Location: 美国, ISP: CloudFlare Inc., Date: None, Delay: -1 ms, Speed: 0.00 M/s, Resolution: None
Name: 大湾区卫视, URL: http://alvin.ergotron.net:8000/udp/239.77.0.215:5146, IPv_Type: ipv6, Location: 中国, ISP: 中国电信, Date: None, Delay: -1 ms, Speed: 0.00 M/s, Resolution: None
Name: 大湾区卫视, URL: http://[2409:8087:5e00:24::1e]:6060/000000001000/1000000002000011619/index.m3u8, IPv_Type: ipv6, Location: 中国, ISP: 中国移动, Date: None, Delay: -1 ms, Speed: 0.00 M/s, Resolution: None
Name: 大湾区卫视, URL: https://migu.188766.xyz/?migutoken=adec474ac1b965e2b10805a80ef8da61&id=%E5%A4%A7%E6%B9%BE%E5%8C%BA%E5%8D%AB%E8%A7%86&type=yy, IPv_Type: ipv6, Location: 美国, ISP: CloudFlare Inc., Date: None, Delay: -1 ms, Speed: 0.00 M/s, Resolution: None
Name: 大湾区卫视, URL: https://migu.188766.xyz/?migutoken=bb13a6633e02b3193b14f806a8cb0f49&id=%E5%A4%A7%E6%B9%BE%E5%8C%BA%E5%8D%AB%E8%A7%86&type=yy, IPv_Type: ipv6, Location: 美国, ISP: CloudFlare Inc., Date: None, Delay: -1 ms, Speed: 0.00 M/s, Resolution: None
Name: 大湾区卫视, URL: https://migu.188766.xyz/?migutoken=f633e6ca01ece478052e8972ea7ad001&id=%E5%A4%A7%E6%B9%BE%E5%8C%BA%E5%8D%AB%E8%A7%86&type=yy, IPv_Type: ipv6, Location: 美国, ISP: CloudFlare Inc., Date: None, Delay: -1 ms, Speed: 0.00 M/s, Resolution: None
Name: 大湾区卫视, URL: http://z.b.bkpcp.top/m.php, IPv_Type: ipv6, Location: 美国, ISP: CloudFlare Inc., Date: None, Delay: -1 ms, Speed: 0.00 M/s, Resolution: None
Name: 大湾区卫视, URL: http://jp1.jdiptv.cc/live/nfws.m3u8, IPv_Type: ipv6, Location: 美国, ISP: CloudFlare Inc., Date: None, Delay: -1 ms, Speed: 0.00 M/s, Resolution: None
Name: 大湾区卫视, URL: https://migu.188766.xyz/?migutoken=b585c679b1554118b3df943cc6264012&id=%E5%A4%A7%E6%B9%BE%E5%8C%BA%E5%8D%AB%E8%A7%86&type=yy, IPv_Type: ipv6, Location: 美国, ISP: CloudFlare Inc., Date: None, Delay: -1 ms, Speed: 0.00 M/s, Resolution: None
Name: 大湾区卫视, URL: https://migu.188766.xyz/?migutoken=29d17aed4205e51724dd38b52fc9cb42&id=%E5%A4%A7%E6%B9%BE%E5%8C%BA%E5%8D%AB%E8%A7%86&type=yy, IPv_Type: ipv6, Location: 美国, ISP: CloudFlare Inc., Date: None, Delay: -1 ms, Speed: 0.00 M/s, Resolution: None
Name: 大湾区卫视, URL: https://migu.188766.xyz/?migutoken=e384497faf63c887b257a0f5cedbf845&id=%E5%A4%A7%E6%B9%BE%E5%8C%BA%E5%8D%AB%E8%A7%86&type=yy, IPv_Type: ipv6, Location: 美国, ISP: CloudFlare Inc., Date: None, Delay: -1 ms, Speed: 0.00 M/s, Resolution: None
Name: 大湾区卫视, URL: https://migu.188766.xyz/?migutoken=9b1d9ad987c542e1d8d73478bff1fc99&id=%E5%A4%A7%E6%B9%BE%E5%8C%BA%E5%8D%AB%E8%A7%86&type=yy, IPv_Type: ipv6, Location: 美国, ISP: CloudFlare Inc., Date: None, Delay: -1 ms, Speed: 0.00 M/s, Resolution: None
Name: 大湾区卫视, URL: https://migu.188766.xyz/?migutoken=6c356744e9403596c5ab81e008478704&id=%E5%A4%A7%E6%B9%BE%E5%8C%BA%E5%8D%AB%E8%A7%86&type=yy, IPv_Type: ipv6, Location: 美国, ISP: CloudFlare Inc., Date: None, Delay: -1 ms, Speed: 0.00 M/s, Resolution: None
Name: 大湾区卫视, URL: https://migu.188766.xyz/?migutoken=bd2d6da4d68957f372216c4cd6921732&id=%E5%A4%A7%E6%B9%BE%E5%8C%BA%E5%8D%AB%E8%A7%86&type=yy, IPv_Type: ipv6, Location: 美国, ISP: CloudFlare Inc., Date: None, Delay: -1 ms, Speed: 0.00 M/s, Resolution: None
Name: 大湾区卫视, URL: https://migu.188766.xyz/?migutoken=0bc168a000c5fb85171a2eb1a1a8769a&id=%E5%A4%A7%E6%B9%BE%E5%8C%BA%E5%8D%AB%E8%A7%86&type=yy, IPv_Type: ipv6, Location: 美国, ISP: CloudFlare Inc., Date: None, Delay: -1 ms, Speed: 0.00 M/s, Resolution: None
Name: 大湾区卫视, URL: https://migu.188766.xyz/?migutoken=747358dc6f7cc17ee2e302f999786557&id=%E5%A4%A7%E6%B9%BE%E5%8C%BA%E5%8D%AB%E8%A7%86&type=yy, IPv_Type: ipv6, Location: 美国, ISP: CloudFlare Inc., Date: None, Delay: -1 ms, Speed: 0.00 M/s, Resolution: None
Name: 大湾区卫视, URL: https://migu.188766.xyz/?migutoken=b7f24c3516079e9eda2ff95514d92e87&id=%E5%A4%A7%E6%B9%BE%E5%8C%BA%E5%8D%AB%E8%A7%86&type=yy, IPv_Type: ipv6, Location: 美国, ISP: CloudFlare Inc., Date: None, Delay: -1 ms, Speed: 0.00 M/s, Resolution: None
Name: 大湾区卫视, URL: https://migu.188766.xyz/?migutoken=5a13647732fae29d4eb4c89864daf555&id=%E5%A4%A7%E6%B9%BE%E5%8C%BA%E5%8D%AB%E8%A7%86&type=yy, IPv_Type: ipv6, Location: 美国, ISP: CloudFlare Inc., Date: None, Delay: -1 ms, Speed: 0.00 M/s, Resolution: None
Name: 大湾区卫视, URL: https://migu.188766.xyz/?migutoken=490263ff470a180dc044f21a4c0fc7a2&id=%E5%A4%A7%E6%B9%BE%E5%8C%BA%E5%8D%AB%E8%A7%86&type=yy, IPv_Type: ipv6, Location: 美国, ISP: CloudFlare Inc., Date: None, Delay: -1 ms, Speed: 0.00 M/s, Resolution: None
Name: 大湾区卫视, URL: https://migu.188766.xyz/?migutoken=e7e2f0224ea0b2726479cf38733c422c&id=%E5%A4%A7%E6%B9%BE%E5%8C%BA%E5%8D%AB%E8%A7%86&type=yy, IPv_Type: ipv6, Location: 美国, ISP: CloudFlare Inc., Date: None, Delay: -1 ms, Speed: 0.00 M/s, Resolution: None
Name: 大湾区卫视, URL: https://migu.188766.xyz/?migutoken=8eacfa61ef6795772c8bb72f1de2871c&id=%E5%A4%A7%E6%B9%BE%E5%8C%BA%E5%8D%AB%E8%A7%86&type=yy, IPv_Type: ipv6, Location: 美国, ISP: CloudFlare Inc., Date: None, Delay: -1 ms, Speed: 0.00 M/s, Resolution: None
Name: 大湾区卫视, URL: https://migu.188766.xyz/?migutoken=a961f87e2f9dd70e60f99f905a66a49f&id=%E5%A4%A7%E6%B9%BE%E5%8C%BA%E5%8D%AB%E8%A7%86&type=yy, IPv_Type: ipv6, Location: 美国, ISP: CloudFlare Inc., Date: None, Delay: -1 ms, Speed: 0.00 M/s, Resolution: None
Name: 大湾区卫视, URL: https://migu.188766.xyz/?migutoken=07dddd52c992ca0665fb6fa83999c077&id=%E5%A4%A7%E6%B9%BE%E5%8C%BA%E5%8D%AB%E8%A7%86&type=yy, IPv_Type: ipv6, Location: 美国, ISP: CloudFlare Inc., Date: None, Delay: -1 ms, Speed: 0.00 M/s, Resolution: None
Name: 大湾区卫视, URL: https://migu.188766.xyz/?migutoken=09916660f86a90fc77ff9f27fcc4241f&id=%E5%A4%A7%E6%B9%BE%E5%8C%BA%E5%8D%AB%E8%A7%86&type=yy, IPv_Type: ipv6, Location: 美国, ISP: CloudFlare Inc., Date: None, Delay: -1 ms, Speed: 0.00 M/s, Resolution: None
Name: 大湾区卫视, URL: http://gslbmgsplive.miguvideo.com/wd_r3/2018/nfmedia/nfws/1000/index.m3u8?msisdn=20250919040039daec7aba28204ddb90d764f61f048b81&mdspid=&spid=699054&netType=0&sid=2200322852&pid=2028597139&timestamp=20250919040039&Channel_ID=0116_2600000900-99000-201600010010027&ProgramID=608917627&ParentNodeID=-99&assertID=2200322852&client_ip=106.13.250.89&SecurityKey=20250919040039&promotionId=&mvid=2200322852&mcid=500020&playurlVersion=WX-A1-8.9.1-RELEASE&userid=&jmhm=&videocodec=h264&bean=mgspad&tid=android&conFee=0&puData=54914e4b8524cb13ddbb4ee242a18481&ddCalcu=1584e491818140ae244b28e5e244bcbbd1d3, IPv_Type: ipv6, Location: 中国, ISP: 中国移动, Date: None, Delay: -1 ms, Speed: 0.00 M/s, Resolution: None
Name: 大湾区卫视, URL: http://gslbmgsplive.miguvideo.com/wd_r3/2018/nfmedia/nfws/1000/index.m3u8?msisdn=20250919160038848c6d59947b47148b175823956ed119&mdspid=&spid=699054&netType=0&sid=2200322852&pid=2028597139&timestamp=20250919160038&Channel_ID=0116_2600000900-99000-201600010010027&ProgramID=608917627&ParentNodeID=-99&assertID=2200322852&client_ip=106.13.250.89&SecurityKey=20250919160038&promotionId=&mvid=2200322852&mcid=500020&playurlVersion=WX-A1-8.9.1-RELEASE&userid=&jmhm=&videocodec=h264&bean=mgspad&tid=android&conFee=0&puData=2c625d3068aa207aaba357dc2f7f3d0d&ddCalcu=d20ced61328f507df320c6d87a5a32a0b7aa, IPv_Type: ipv6, Location: 中国, ISP: 中国移动, Date: None, Delay: -1 ms, Speed: 0.00 M/s, Resolution: None
Name: 大湾区卫视, URL: http://gslbmgsplive.miguvideo.com/wd_r3/2018/nfmedia/nfws/1000/index.m3u8?msisdn=20250920040042e5e9295cc2c94fb48b02db25ca56f5de&mdspid=&spid=699054&netType=0&sid=2200322852&pid=2028597139&timestamp=20250920040042&Channel_ID=0116_2600000900-99000-201600010010027&ProgramID=608917627&ParentNodeID=-99&assertID=2200322852&client_ip=106.13.250.83&SecurityKey=20250920040042&promotionId=&mvid=2200322852&mcid=500020&playurlVersion=WX-A1-8.9.1-RELEASE&userid=&jmhm=&videocodec=h264&bean=mgspad&tid=android&conFee=0&puData=678403b8fd36a32649d6630cee276d5a&ddCalcu=a657ed8164870023ebe8cf0d33666ad39246, IPv_Type: ipv6, Location: 中国, ISP: 中国移动, Date: None, Delay: -1 ms, Speed: 0.00 M/s, Resolution: None
Name: 大湾区卫视, URL: http://gslbmgsplive.miguvideo.com/wd_r3/2018/nfmedia/nfws/1000/index.m3u8?msisdn=202509201600360c7754cbd219443889181920331189f0&mdspid=&spid=699054&netType=0&sid=2200322852&pid=2028597139&timestamp=20250920160036&Channel_ID=0116_2600000900-99000-201600010010027&ProgramID=608917627&ParentNodeID=-99&assertID=2200322852&client_ip=106.13.250.90&SecurityKey=20250920160036&promotionId=&mvid=2200322852&mcid=500020&playurlVersion=WX-A1-8.9.1-RELEASE&userid=&jmhm=&videocodec=h264&bean=mgspad&tid=android&conFee=0&puData=f00ea986b794ce208975a87fc3ad8fef&ddCalcu=ffe0ef028e8da0a938c6fb7789a45c7e9280, IPv_Type: ipv6, Location: 中国, ISP: 中国移动, Date: None, Delay: -1 ms, Speed: 0.00 M/s, Resolution: None
Name: 大湾区卫视, URL: http://gslbmgsplive.miguvideo.com/wd_r3/2018/nfmedia/nfws/1000/index.m3u8?msisdn=202509210600379a986f004f7c43faa52aca3fc75a3119&mdspid=&spid=699054&netType=0&sid=2200322852&pid=2028597139&timestamp=20250921060037&Channel_ID=0116_2600000900-99000-201600010010027&ProgramID=608917627&ParentNodeID=-99&assertID=2200322852&client_ip=106.13.250.88&SecurityKey=20250921060037&promotionId=&mvid=2200322852&mcid=500020&playurlVersion=WX-A1-8.9.1-RELEASE&userid=&jmhm=&videocodec=h264&bean=mgspad&tid=android&conFee=0&puData=63f7a028bde204db9be9c982d45067f3&ddCalcu=36f3e7f26780a05042d82b8d9ec290e4bd9b, IPv_Type: ipv6, Location: 中国, ISP: 中国移动, Date: None, Delay: -1 ms, Speed: 0.00 M/s, Resolution: None
Name: 大湾区卫视, URL: http://gslbmgsplive.miguvideo.com/wd_r3/2018/nfmedia/nfws/1000/index.m3u8?msisdn=20250921180036cf961725e4f74a549763b35ad48e9741&mdspid=&spid=699054&netType=0&sid=2200322852&pid=2028597139&timestamp=20250921180036&Channel_ID=0116_2600000900-99000-201600010010027&ProgramID=608917627&ParentNodeID=-99&assertID=2200322852&client_ip=106.13.250.89&SecurityKey=20250921180036&promotionId=&mvid=2200322852&mcid=500020&playurlVersion=WX-A1-8.9.1-RELEASE&userid=&jmhm=&videocodec=h264&bean=mgspad&tid=android&conFee=0&puData=60996dfe05e952583858209c9f1a5f40&ddCalcu=0640ef92598a601dff9ec0950e2985528538, IPv_Type: ipv6, Location: 中国, ISP: 中国移动, Date: None, Delay: -1 ms, Speed: 0.00 M/s, Resolution: None
Name: 大湾区卫视, URL: http://gslbmgsplive.miguvideo.com/wd_r3/2018/nfmedia/nfws/1000/index.m3u8?msisdn=2025092206003134bd2f5d230c46d38aa819be7f844d62&mdspid=&spid=699054&netType=0&sid=2200322852&pid=2028597139&timestamp=20250922060031&Channel_ID=0116_2600000900-99000-201600010010027&ProgramID=608917627&ParentNodeID=-99&assertID=2200322852&client_ip=106.13.250.89&SecurityKey=20250922060031&promotionId=&mvid=2200322852&mcid=500020&playurlVersion=WX-A1-8.9.1-RELEASE&userid=&jmhm=&videocodec=h264&bean=mgspad&tid=android&conFee=0&puData=ba0b756052a480190e92a58736a36f52&ddCalcu=2b5aef026b8370a5663075825aa42890e109, IPv_Type: ipv6, Location: 中国, ISP: 中国移动, Date: None, Delay: -1 ms, Speed: 0.00 M/s, Resolution: None
Name: 大湾区卫视, URL: http://gslbmgsplive.miguvideo.com/wd_r3/2018/nfmedia/nfws/1000/index.m3u8?msisdn=2025092218004156d683178a134c2cafde4fd47e5da63f&mdspid=&spid=699054&netType=0&sid=2200322852&pid=2028597139&timestamp=20250922180041&Channel_ID=0116_2600000900-99000-201600010010027&ProgramID=608917627&ParentNodeID=-99&assertID=2200322852&client_ip=106.13.250.90&SecurityKey=20250922180041&promotionId=&mvid=2200322852&mcid=500020&playurlVersion=WX-A1-8.9.1-RELEASE&userid=&jmhm=&videocodec=h264&bean=mgspad&tid=android&conFee=0&puData=70f3ec94097a391161d7a8fa27859de7&ddCalcu=77e0edf29385e08c7924a0f987aa73d91161, IPv_Type: ipv6, Location: 中国, ISP: 中国移动, Date: None, Delay: -1 ms, Speed: 0.00 M/s, Resolution: None
Name: 大湾区卫视, URL: http://gslbmgsplive.miguvideo.com/wd_r3/2018/nfmedia/nfws/1000/index.m3u8?msisdn=202509231800370b95ffcd66274062b8142922073feb80&mdspid=&spid=699054&netType=0&sid=2200322852&pid=2028597139&timestamp=20250923180037&Channel_ID=0116_2600000900-99000-201600010010027&ProgramID=608917627&ParentNodeID=-99&assertID=2200322852&client_ip=106.13.250.88&SecurityKey=20250923180037&promotionId=&mvid=2200322852&mcid=500020&playurlVersion=WX-A1-8.9.1-RELEASE&userid=&jmhm=&videocodec=h264&bean=mgspad&tid=android&conFee=0&puData=1eff55aedcc9245489d8541efb0f8f67&ddCalcu=716eeff28f8f5005bafeed1c4c5982d49584, IPv_Type: ipv6, Location: 中国, ISP: 中国移动, Date: None, Delay: -1 ms, Speed: 0.00 M/s, Resolution: None
Name: 大湾区卫视, URL: http://gslbmgsplive.miguvideo.com/wd_r3/2018/nfmedia/nfws/1000/index.m3u8?msisdn=20250924040031781667908c6042a0977641c51de672ec&mdspid=&spid=699054&netType=0&sid=2200322852&pid=2028597139&timestamp=20250924040031&Channel_ID=0116_2600000900-99000-201600010010027&ProgramID=608917627&ParentNodeID=-99&assertID=2200322852&client_ip=106.13.250.89&SecurityKey=20250924040031&promotionId=&mvid=2200322852&mcid=500020&playurlVersion=WX-A1-8.9.1-RELEASE&userid=&jmhm=&videocodec=h264&bean=mgspad&tid=android&conFee=0&puData=c7e513fc00693b7ca9beba15e27b72ad&ddCalcu=dca7e2e2758b10732fec5010a6b9e3bb97ac, IPv_Type: ipv6, Location: 中国, ISP: 中国移动, Date: None, Delay: -1 ms, Speed: 0.00 M/s, Resolution: None
Name: 广州综合, URL: https://tencentplaywebsite.gztv.com/live/zonghes.m3u8?txSecret=751b5ecd94a0d9d34c7e37e25bb8b27a&txTime=193108637cb, IPv_Type: ipv4, Location: 中国-广东-广州, ISP: 腾讯云, Date: None, Delay: -1 ms, Speed: 0.00 M/s, Resolution: None
Name: 广州综合, URL: https://tencentplay.gztv.com/live/zonghes.m3u8?txSecret=82c6bfd1d14bdd5cefbeb40aae404dd5&txTime=194d0c43cd6, IPv_Type: ipv4, Location: 中国-广东-深圳, ISP: 腾讯云, Date: None, Delay: -1 ms, Speed: 0.00 M/s, Resolution: None
Name: 广州综合, URL: http://php.jdshipin.com:8880/gztv.php?id=zhonghe, IPv_Type: ipv6, Location: 美国, ISP: CloudFlare Inc., Date: None, Delay: -1 ms, Speed: 0.00 M/s, Resolution: None
Name: 广州综合, URL: https://live.iill.top/gztv/zhonghe, IPv_Type: ipv6, Location: 美国, ISP: CloudFlare Inc., Date: None, Delay: -1 ms, Speed: 0.00 M/s, Resolution: None
Name: 广州综合, URL: https://live.lalifeier.eu.org/gztv/zhonghe.m3u8?t=1743040305&key=9b8c0f43fde1e08e18b3c6bf6363710c, IPv_Type: ipv6, Location: 美国, ISP: CloudFlare Inc., Date: None, Delay: -1 ms, Speed: 0.00 M/s, Resolution: None
Name: 广州综合, URL: https://tv.iill.top/gztv/zhonghe, IPv_Type: ipv6, Location: 美国, ISP: CloudFlare Inc., Date: None, Delay: -1 ms, Speed: 0.00 M/s, Resolution: None
Name: 广州综合, URL: https://live.lalifeier.eu.org/gztv/zhonghe.m3u8?t=1746292937&key=20079a0c421e334c8ff6f63f230b8038, IPv_Type: ipv6, Location: 美国, ISP: CloudFlare Inc., Date: None, Delay: -1 ms, Speed: 0.00 M/s, Resolution: None
Name: 广州综合, URL: https://live.lalifeier.eu.org/gztv/zhonghe.m3u8?t=1746393735&key=2b88a832f53237919a3924cdaeda3a0d, IPv_Type: ipv6, Location: 美国, ISP: CloudFlare Inc., Date: None, Delay: -1 ms, Speed: 0.00 M/s, Resolution: None
Name: 广州综合, URL: https://live.lalifeier.eu.org/gztv/zhonghe.m3u8?t=1746289777&key=d60e81860f262e40617e934abf53669b, IPv_Type: ipv6, Location: 美国, ISP: CloudFlare Inc., Date: None, Delay: -1 ms, Speed: 0.00 M/s, Resolution: None
Name: 广州综合, URL: https://live.lalifeier.eu.org/gztv/zhonghe.m3u8?t=1747792956&key=d2334b0b8369b16914ff978c0b2ec957, IPv_Type: ipv6, Location: 美国, ISP: CloudFlare Inc., Date: None, Delay: -1 ms, Speed: 0.00 M/s, Resolution: None
Name: 广州综合, URL: https://live.lalifeier.eu.org/gztv/zhonghe.m3u8?t=1748186796&key=92bdcabdc7e5182014031fe038ba179e, IPv_Type: ipv6, Location: 美国, ISP: CloudFlare Inc., Date: None, Delay: -1 ms, Speed: 0.00 M/s, Resolution: None
Name: 广州综合, URL: https://live.lalifeier.eu.org/gztv/zhonghe.m3u8?t=1748225084&key=a07d8860e44aa73f04537a8d3404a781, IPv_Type: ipv6, Location: 美国, ISP: CloudFlare Inc., Date: None, Delay: -1 ms, Speed: 0.00 M/s, Resolution: None
Name: 广州综合, URL: https://live.lalifeier.eu.org/gztv/zhonghe.m3u8?t=1748253139&key=599572e1269774d28e0448b88c82b115, IPv_Type: ipv6, Location: 美国, ISP: CloudFlare Inc., Date: None, Delay: -1 ms, Speed: 0.00 M/s, Resolution: None
Name: 广州综合, URL: https://live.lalifeier.eu.org/gztv/zhonghe.m3u8?t=1747965636&key=e56bfa26dbb228df4954b7cc46d62b7c, IPv_Type: ipv6, Location: 美国, ISP: CloudFlare Inc., Date: None, Delay: -1 ms, Speed: 0.00 M/s, Resolution: None
Name: 广州综合, URL: https://live.lalifeier.eu.org/gztv/zhonghe.m3u8?t=1747733333&key=bd32d7639eaacac7fcd18ecfeeca8af1, IPv_Type: ipv6, Location: 美国, ISP: CloudFlare Inc., Date: None, Delay: -1 ms, Speed: 0.00 M/s, Resolution: None
Name: 广州综合, URL: https://live.lalifeier.eu.org/gztv/zhonghe.m3u8?t=1748315908&key=aa1880f760d2d7081dec6db49e94f408, IPv_Type: ipv6, Location: 美国, ISP: CloudFlare Inc., Date: None, Delay: -1 ms, Speed: 0.00 M/s, Resolution: None
Name: 广州综合, URL: https://live.lalifeier.eu.org/gztv/zhonghe.m3u8?t=1748330780&key=5b71dc3e0999fab45d6023fa99d87d05, IPv_Type: ipv6, Location: 美国, ISP: CloudFlare Inc., Date: None, Delay: -1 ms, Speed: 0.00 M/s, Resolution: None
Name: 广州综合, URL: https://live.lalifeier.eu.org/gztv/zhonghe.m3u8?t=1748338081&key=27a248dde7d81d33b61d52db6dee5b88, IPv_Type: ipv6, Location: 美国, ISP: CloudFlare Inc., Date: None, Delay: -1 ms, Speed: 0.00 M/s, Resolution: None
Name: 广州综合, URL: http://php.666230.xyz/公众号【睡眼迷离的猫】/proxy/p10.php, IPv_Type: ipv6, Location: 美国, ISP: CloudFlare Inc., Date: None, Delay: -1 ms, Speed: 0.00 M/s, Resolution: None
Name: 广州综合, URL: https://live.lalifeier.eu.org/gztv/zhonghe.m3u8?t=1748359757&key=12542dece55f98ff569636305613195b, IPv_Type: ipv6, Location: 美国, ISP: CloudFlare Inc., Date: None, Delay: -1 ms, Speed: 0.00 M/s, Resolution: None
Name: 广州综合, URL: https://live.lalifeier.eu.org/gztv/zhonghe.m3u8?t=1748366630&key=e19793b5bb4366fbecf925e326bb6fda, IPv_Type: ipv6, Location: 美国, ISP: CloudFlare Inc., Date: None, Delay: -1 ms, Speed: 0.00 M/s, Resolution: None
Name: 广州综合, URL: https://live.lalifeier.eu.org/gztv/zhonghe.m3u8?t=1748381085&key=1328f85e91ae3bf016421a0b3b723bda, IPv_Type: ipv6, Location: 美国, ISP: CloudFlare Inc., Date: None, Delay: -1 ms, Speed: 0.00 M/s, Resolution: None
Name: 广州综合, URL: https://live.lalifeier.eu.org/gztv/zhonghe.m3u8?t=1748446177&key=80d7c0f592b12747f6cefc92e72c546d, IPv_Type: ipv6, Location: 美国, ISP: CloudFlare Inc., Date: None, Delay: -1 ms, Speed: 0.00 M/s, Resolution: None
Name: 广州综合, URL: https://live.lalifeier.eu.org/gztv/zhonghe.m3u8?t=1748453025&key=fe444157bd08df663a91081a24d0bee7, IPv_Type: ipv6, Location: 美国, ISP: CloudFlare Inc., Date: None, Delay: -1 ms, Speed: 0.00 M/s, Resolution: None
Name: 广州综合, URL: https://live.lalifeier.eu.org/gztv/zhonghe.m3u8?t=1748467475&key=b08a63fadc21105d6dc65a13459dc9f5, IPv_Type: ipv6, Location: 美国, ISP: CloudFlare Inc., Date: None, Delay: -1 ms, Speed: 0.00 M/s, Resolution: None
Name: 广州综合, URL: https://live.lalifeier.eu.org/gztv/zhonghe.m3u8?t=1748488808&key=ceb208089546c93032a69fd4b83b01b5, IPv_Type: ipv6, Location: 美国, ISP: CloudFlare Inc., Date: None, Delay: -1 ms, Speed: 0.00 M/s, Resolution: None
Name: 广州综合, URL: https://live.lalifeier.eu.org/gztv/zhonghe.m3u8?t=1748503654&key=44da657e32218a1c1bca0f87b77ec36d, IPv_Type: ipv6, Location: 美国, ISP: CloudFlare Inc., Date: None, Delay: -1 ms, Speed: 0.00 M/s, Resolution: None
Name: 广州综合, URL: https://live.lalifeier.eu.org/gztv/zhonghe.m3u8?t=1748514595&key=e068d2e3d2522569c9865c901463f004, IPv_Type: ipv6, Location: 美国, ISP: CloudFlare Inc., Date: None, Delay: -1 ms, Speed: 0.00 M/s, Resolution: None
Name: 广州综合, URL: https://live.lalifeier.eu.org/gztv/zhonghe.m3u8?t=1748532526&key=343e739f396843fcf4151d7cc489ac61, IPv_Type: ipv6, Location: 美国, ISP: CloudFlare Inc., Date: None, Delay: -1 ms, Speed: 0.00 M/s, Resolution: None
Name: 广州综合, URL: https://live.lalifeier.eu.org/gztv/zhonghe.m3u8?t=1748539588&key=3054e2965e567c747dcc79bc9bf423e2, IPv_Type: ipv6, Location: 美国, ISP: CloudFlare Inc., Date: None, Delay: -1 ms, Speed: 0.00 M/s, Resolution: None
Name: 广州综合, URL: https://live.lalifeier.eu.org/gztv/zhonghe.m3u8?t=1748553884&key=0e8a03a9b6f11566fad67251de10e7ae, IPv_Type: ipv6, Location: 美国, ISP: CloudFlare Inc., Date: None, Delay: -1 ms, Speed: 0.00 M/s, Resolution: None
Name: 广州综合, URL: https://live.lalifeier.eu.org/gztv/zhonghe.m3u8?t=1748575051&key=e8d64f686ebed4403f19846639bc8339, IPv_Type: ipv6, Location: 美国, ISP: CloudFlare Inc., Date: None, Delay: -1 ms, Speed: 0.00 M/s, Resolution: None
Name: 广州综合, URL: https://live.lalifeier.eu.org/gztv/zhonghe.m3u8?t=1748590013&key=eb99d814e12ee09693ffdcee0b645315, IPv_Type: ipv6, Location: 美国, ISP: CloudFlare Inc., Date: None, Delay: -1 ms, Speed: 0.00 M/s, Resolution: None
Name: 广州综合, URL: https://live.lalifeier.eu.org/gztv/zhonghe.m3u8?t=1748597362&key=a7696f003aa8ff29b089d895384ef128, IPv_Type: ipv6, Location: 美国, ISP: CloudFlare Inc., Date: None, Delay: -1 ms, Speed: 0.00 M/s, Resolution: None
Name: 广州综合, URL: https://live.lalifeier.eu.org/gztv/zhonghe.m3u8?t=1748618920&key=0687eea44c1db37d5855e02700e83fda, IPv_Type: ipv6, Location: 美国, ISP: CloudFlare Inc., Date: None, Delay: -1 ms, Speed: 0.00 M/s, Resolution: None
Name: 广州综合, URL: https://live.lalifeier.eu.org/gztv/zhonghe.m3u8?t=1748625812&key=ab1c5f962b395a27d2ed4e773e070f7f, IPv_Type: ipv6, Location: 美国, ISP: CloudFlare Inc., Date: None, Delay: -1 ms, Speed: 0.00 M/s, Resolution: None
Name: 广州综合, URL: https://live.lalifeier.eu.org/gztv/zhonghe.m3u8?t=1748640180&key=db685b34690f369c87a4481aebae2a0a, IPv_Type: ipv6, Location: 美国, ISP: CloudFlare Inc., Date: None, Delay: -1 ms, Speed: 0.00 M/s, Resolution: None
Name: 广州综合, URL: https://live.lalifeier.eu.org/gztv/zhonghe.m3u8?t=1748661383&key=dd71d0656915537c07f4636f7cdfa229, IPv_Type: ipv6, Location: 美国, ISP: CloudFlare Inc., Date: None, Delay: -1 ms, Speed: 0.00 M/s, Resolution: None
Name: 广州综合, URL: https://live.lalifeier.eu.org/gztv/zhonghe.m3u8?t=1748676222&key=bf181608e0e71f5e3a588d36e6cc9311, IPv_Type: ipv6, Location: 美国, ISP: CloudFlare Inc., Date: None, Delay: -1 ms, Speed: 0.00 M/s, Resolution: None
Name: 广州综合, URL: https://live.lalifeier.eu.org/gztv/zhonghe.m3u8?t=1748683536&key=7852ca17669345efa45b5024604f765e, IPv_Type: ipv6, Location: 美国, ISP: CloudFlare Inc., Date: None, Delay: -1 ms, Speed: 0.00 M/s, Resolution: None
Name: 广州新闻, URL: https://tencentplay.gztv.com/live/xinwen.m3u8?txSecret=4c09e8c2d093bcb692e036ae54ff87c7&txTime=1903e37cd8a, IPv_Type: ipv4, Location: 中国-广东-深圳, ISP: 腾讯云, Date: None, Delay: -1 ms, Speed: 0.00 M/s, Resolution: None
Name: 广州新闻, URL: https://tencentplaywebsite.gztv.com/live/xinwen.m3u8?txSecret=c53d0e4d014632321a8e0efd6abecda4&txTime=193108637cb, IPv_Type: ipv4, Location: 中国-广东-广州, ISP: 腾讯云, Date: None, Delay: -1 ms, Speed: 0.00 M/s, Resolution: None
Name: 广州新闻, URL: http://php.jdshipin.com:8880/gztv.php?id=xinwen, IPv_Type: ipv6, Location: 美国, ISP: CloudFlare Inc., Date: None, Delay: -1 ms, Speed: 0.00 M/s, Resolution: None
Name: 广州影视, URL: https://tencentplay.gztv.com/live/yingshi.m3u8?txSecret=ec79a0d817981989c161f548c48c2954&txTime=1903e79e680, IPv_Type: ipv4, Location: 中国-广东-深圳, ISP: 腾讯云, Date: None, Delay: -1 ms, Speed: 0.00 M/s, Resolution: None
Name: 广州影视, URL: https://tencentplaywebsite.gztv.com/live/yingshi.m3u8?txSecret=074974bc25835d38fda6936ae40aabe9&txTime=193108637cb, IPv_Type: ipv4, Location: 中国-广东-广州, ISP: 腾讯云, Date: None, Delay: -1 ms, Speed: 0.00 M/s, Resolution: None
Name: 广州影视, URL: http://php.jdshipin.com:8880/gztv.php?id=yingshi, IPv_Type: ipv6, Location: 美国, ISP: CloudFlare Inc., Date: None, Delay: -1 ms, Speed: 0.00 M/s, Resolution: None
Name: 广州影视, URL: http://php.jdshipin.com:8880/gztv.php?id=yingshi#https://tencentplay.gztv.com/live/yingshi.m3u8?txSecret=7e9bddad7c8911626ed1d2c09fc605d9&txTime=18d00acf487, IPv_Type: ipv6, Location: 美国, ISP: CloudFlare Inc., Date: None, Delay: -1 ms, Speed: 0.00 M/s, Resolution: None
Name: 广州影视, URL: https://live.lalifeier.eu.org/gztv/yingshi.m3u8?t=1745774515&key=1582833445aee08df286b7097e95e7a1, IPv_Type: ipv6, Location: 美国, ISP: CloudFlare Inc., Date: None, Delay: -1 ms, Speed: 0.00 M/s, Resolution: None
Name: 广州影视, URL: https://tv.iill.top/gztv/yingshi, IPv_Type: ipv6, Location: 美国, ISP: CloudFlare Inc., Date: None, Delay: -1 ms, Speed: 0.00 M/s, Resolution: None
Name: 广州影视, URL: https://live.lalifeier.eu.org/gztv/yingshi.m3u8?t=1746292937&key=a30a89b429981379ff7c586fdb54ac86, IPv_Type: ipv6, Location: 美国, ISP: CloudFlare Inc., Date: None, Delay: -1 ms, Speed: 0.00 M/s, Resolution: None
Name: 广州影视, URL: https://live.lalifeier.eu.org/gztv/yingshi.m3u8?t=1746393735&key=1c3dbffdc7f539bde2e1cf2100bb4266, IPv_Type: ipv6, Location: 美国, ISP: CloudFlare Inc., Date: None, Delay: -1 ms, Speed: 0.00 M/s, Resolution: None
Name: 广州影视, URL: https://live.lalifeier.eu.org/gztv/yingshi.m3u8?t=1748225084&key=e53e2175234e07a6a35bdba803805313, IPv_Type: ipv6, Location: 美国, ISP: CloudFlare Inc., Date: None, Delay: -1 ms, Speed: 0.00 M/s, Resolution: None
Name: 广州影视, URL: https://live.lalifeier.eu.org/gztv/yingshi.m3u8?t=1748253139&key=f0896df3e760bcdfc9f69705ecce3542, IPv_Type: ipv6, Location: 美国, ISP: CloudFlare Inc., Date: None, Delay: -1 ms, Speed: 0.00 M/s, Resolution: None
Name: 广州影视, URL: https://live.lalifeier.eu.org/gztv/yingshi.m3u8?t=1748330780&key=6875a0262172e1cbc266588ef8a74d4f, IPv_Type: ipv6, Location: 美国, ISP: CloudFlare Inc., Date: None, Delay: -1 ms, Speed: 0.00 M/s, Resolution: None
Name: 广州影视, URL: https://live.lalifeier.eu.org/gztv/yingshi.m3u8?t=1748338081&key=bad8809cf54889adbc95671c92bcdfe5, IPv_Type: ipv6, Location: 美国, ISP: CloudFlare Inc., Date: None, Delay: -1 ms, Speed: 0.00 M/s, Resolution: None
Name: 广州影视, URL: https://live.lalifeier.eu.org/gztv/yingshi.m3u8?t=1748366630&key=5b0359fb1def9d6cfdb1f9dd89c3c176, IPv_Type: ipv6, Location: 美国, ISP: CloudFlare Inc., Date: None, Delay: -1 ms, Speed: 0.00 M/s, Resolution: None
Name: 广州影视, URL: https://live.lalifeier.eu.org/gztv/yingshi.m3u8?t=1748381085&key=0ed4de7aeb840cb7b83155e0cff93c1f, IPv_Type: ipv6, Location: 美国, ISP: CloudFlare Inc., Date: None, Delay: -1 ms, Speed: 0.00 M/s, Resolution: None
Name: 广州影视, URL: https://live.lalifeier.eu.org/gztv/yingshi.m3u8?t=1748453025&key=ba58cd366b0ffec4b45e6203aedc6567, IPv_Type: ipv6, Location: 美国, ISP: CloudFlare Inc., Date: None, Delay: -1 ms, Speed: 0.00 M/s, Resolution: None
Name: 广州影视, URL: https://live.lalifeier.eu.org/gztv/yingshi.m3u8?t=1748467475&key=c10bbbe8709e0f6b819b893c660eb39d, IPv_Type: ipv6, Location: 美国, ISP: CloudFlare Inc., Date: None, Delay: -1 ms, Speed: 0.00 M/s, Resolution: None
Name: 广州影视, URL: https://live.lalifeier.eu.org/gztv/yingshi.m3u8?t=1748503654&key=378a853efc2aac5349f2925fc7f583b5, IPv_Type: ipv6, Location: 美国, ISP: CloudFlare Inc., Date: None, Delay: -1 ms, Speed: 0.00 M/s, Resolution: None
Name: 广州影视, URL: https://live.lalifeier.eu.org/gztv/yingshi.m3u8?t=1748514595&key=d247c4222318ae1d7e441a53acf02e35, IPv_Type: ipv6, Location: 美国, ISP: CloudFlare Inc., Date: None, Delay: -1 ms, Speed: 0.00 M/s, Resolution: None
Name: 广州影视, URL: https://live.lalifeier.eu.org/gztv/yingshi.m3u8?t=1748539588&key=1fc8ccbe445e4828446af3c5d10d4702, IPv_Type: ipv6, Location: 美国, ISP: CloudFlare Inc., Date: None, Delay: -1 ms, Speed: 0.00 M/s, Resolution: None
Name: 广州影视, URL: https://live.lalifeier.eu.org/gztv/yingshi.m3u8?t=1748553884&key=14dd07f94415a167d6cc6b11c06595cb, IPv_Type: ipv6, Location: 美国, ISP: CloudFlare Inc., Date: None, Delay: -1 ms, Speed: 0.00 M/s, Resolution: None
Name: 广州影视, URL: https://live.lalifeier.eu.org/gztv/yingshi.m3u8?t=1748590013&key=2559e3acab746f4205c6ded2810f86c7, IPv_Type: ipv6, Location: 美国, ISP: CloudFlare Inc., Date: None, Delay: -1 ms, Speed: 0.00 M/s, Resolution: None
Name: 广州影视, URL: https://live.lalifeier.eu.org/gztv/yingshi.m3u8?t=1748597362&key=b3f5f2d986a446ae00fa7cc4d4b8f3fc, IPv_Type: ipv6, Location: 美国, ISP: CloudFlare Inc., Date: None, Delay: -1 ms, Speed: 0.00 M/s, Resolution: None
Name: 广州影视, URL: https://live.lalifeier.eu.org/gztv/yingshi.m3u8?t=1748625812&key=4c071cf2cd1b1fcd7ef11d8d9599180d, IPv_Type: ipv6, Location: 美国, ISP: CloudFlare Inc., Date: None, Delay: -1 ms, Speed: 0.00 M/s, Resolution: None
Name: 广州影视, URL: https://live.lalifeier.eu.org/gztv/yingshi.m3u8?t=1748640180&key=6e0adb9b27560390dc239c5f046c8ef6, IPv_Type: ipv6, Location: 美国, ISP: CloudFlare Inc., Date: None, Delay: -1 ms, Speed: 0.00 M/s, Resolution: None
Name: 广州影视, URL: https://live.lalifeier.eu.org/gztv/yingshi.m3u8?t=1748676222&key=d52fafea28046645bfb266c0e2578bf6, IPv_Type: ipv6, Location: 美国, ISP: CloudFlare Inc., Date: None, Delay: -1 ms, Speed: 0.00 M/s, Resolution: None
Name: 广州影视, URL: https://live.lalifeier.eu.org/gztv/yingshi.m3u8?t=1748683536&key=7d9e60df513d27ede64c670bee746837, IPv_Type: ipv6, Location: 美国, ISP: CloudFlare Inc., Date: None, Delay: -1 ms, Speed: 0.00 M/s, Resolution: None
Name: 广州竞赛, URL: https://tencentplay.gztv.com/live/jingsai.m3u8?txSecret=9be68e7c35579d02d11f6968531343ea&txTime=1903ea2dd6a, IPv_Type: ipv4, Location: 中国-广东-深圳, ISP: 腾讯云, Date: None, Delay: -1 ms, Speed: 0.00 M/s, Resolution: None
Name: 广州竞赛, URL: https://tencentplaywebsite.gztv.com/live/jingsai.m3u8?txSecret=cd5eb475078e689b230ada7df792e4de&txTime=193108637cb, IPv_Type: ipv4, Location: 中国-广东-广州, ISP: 腾讯云, Date: None, Delay: -1 ms, Speed: 0.00 M/s, Resolution: None
Name: 广州竞赛, URL: http://php.jdshipin.com:8880/gztv.php?id=jingsai, IPv_Type: ipv6, Location: 美国, ISP: CloudFlare Inc., Date: None, Delay: -1 ms, Speed: 0.00 M/s, Resolution: None
Name: 广州竞赛, URL: http://php.jdshipin.com:8880/gztv.php?id=jingsai#https://tencentplay.gztv.com/live/jingsai.m3u8?txSecret=49c8041461997c7a97dbcc3c7fd11b4f&txTime=18d00acf487, IPv_Type: ipv6, Location: 美国, ISP: CloudFlare Inc., Date: None, Delay: -1 ms, Speed: 0.00 M/s, Resolution: None
Name: 广州竞赛, URL: https://live.lalifeier.eu.org/gztv/jingsai.m3u8?t=1745774515&key=78e6a12641c455c41ba29024931e276e, IPv_Type: ipv6, Location: 美国, ISP: CloudFlare Inc., Date: None, Delay: -1 ms, Speed: 0.00 M/s, Resolution: None
Name: 广州竞赛, URL: https://live.lalifeier.eu.org/gztv/jingsai.m3u8?t=1748225084&key=9f1e5a913d75bfb9c02432f32e935766, IPv_Type: ipv6, Location: 美国, ISP: CloudFlare Inc., Date: None, Delay: -1 ms, Speed: 0.00 M/s, Resolution: None
Name: 广州竞赛, URL: https://live.lalifeier.eu.org/gztv/jingsai.m3u8?t=1748253139&key=5ceecdccd7822f58833b3e3d08f3bbc1, IPv_Type: ipv6, Location: 美国, ISP: CloudFlare Inc., Date: None, Delay: -1 ms, Speed: 0.00 M/s, Resolution: None
Name: 广州竞赛, URL: https://live.lalifeier.eu.org/gztv/jingsai.m3u8?t=1748280279&key=c126e2baf1f8a61321b9e89957b9cd90, IPv_Type: ipv6, Location: 美国, ISP: CloudFlare Inc., Date: None, Delay: -1 ms, Speed: 0.00 M/s, Resolution: None
Name: 广州竞赛, URL: https://live.lalifeier.eu.org/gztv/jingsai.m3u8?t=1748294604&key=adb4a3f31b4ea3bdf40026fef4817abe, IPv_Type: ipv6, Location: 美国, ISP: CloudFlare Inc., Date: None, Delay: -1 ms, Speed: 0.00 M/s, Resolution: None
Name: 广州竞赛, URL: https://live.lalifeier.eu.org/gztv/jingsai.m3u8?t=1748330780&key=e340cc58c467afe4f3216915e132731a, IPv_Type: ipv6, Location: 美国, ISP: CloudFlare Inc., Date: None, Delay: -1 ms, Speed: 0.00 M/s, Resolution: None
Name: 广州竞赛, URL: https://live.lalifeier.eu.org/gztv/jingsai.m3u8?t=1748338081&key=2c14decb66859c2618b3b1c53ba6dcf2, IPv_Type: ipv6, Location: 美国, ISP: CloudFlare Inc., Date: None, Delay: -1 ms, Speed: 0.00 M/s, Resolution: None
Name: 广州竞赛, URL: https://live.lalifeier.eu.org/gztv/jingsai.m3u8?t=1748366630&key=f30d9ab38b3d8a44decb70f7f62bf4f8, IPv_Type: ipv6, Location: 美国, ISP: CloudFlare Inc., Date: None, Delay: -1 ms, Speed: 0.00 M/s, Resolution: None
Name: 广州竞赛, URL: https://live.lalifeier.eu.org/gztv/jingsai.m3u8?t=1748381085&key=994e013b08acdc0d9e7302b0ca5790c2, IPv_Type: ipv6, Location: 美国, ISP: CloudFlare Inc., Date: None, Delay: -1 ms, Speed: 0.00 M/s, Resolution: None
Name: 广州竞赛, URL: https://live.lalifeier.eu.org/gztv/jingsai.m3u8?t=1748453025&key=bb95d20ca7ecbe22b621d563a789667e, IPv_Type: ipv6, Location: 美国, ISP: CloudFlare Inc., Date: None, Delay: -1 ms, Speed: 0.00 M/s, Resolution: None
Name: 广州竞赛, URL: https://live.lalifeier.eu.org/gztv/jingsai.m3u8?t=1748467475&key=daa41d7ecc126f253a9a105330621b1b, IPv_Type: ipv6, Location: 美国, ISP: CloudFlare Inc., Date: None, Delay: -1 ms, Speed: 0.00 M/s, Resolution: None
Name: 广州竞赛, URL: https://live.lalifeier.eu.org/gztv/jingsai.m3u8?t=1748503654&key=738819c98e5ca81679b848fde899adcb, IPv_Type: ipv6, Location: 美国, ISP: CloudFlare Inc., Date: None, Delay: -1 ms, Speed: 0.00 M/s, Resolution: None
Name: 广州竞赛, URL: https://live.lalifeier.eu.org/gztv/jingsai.m3u8?t=1748514595&key=144d5ff77584a917a09de9c30ca78198, IPv_Type: ipv6, Location: 美国, ISP: CloudFlare Inc., Date: None, Delay: -1 ms, Speed: 0.00 M/s, Resolution: None
Name: 广州竞赛, URL: https://live.lalifeier.eu.org/gztv/jingsai.m3u8?t=1748539588&key=ec3768dd0ef38a7c316347ae32f6d7fd, IPv_Type: ipv6, Location: 美国, ISP: CloudFlare Inc., Date: None, Delay: -1 ms, Speed: 0.00 M/s, Resolution: None
Name: 广州竞赛, URL: https://live.lalifeier.eu.org/gztv/jingsai.m3u8?t=1748553884&key=f1b25dc086bbf2cf53aef5e36661d606, IPv_Type: ipv6, Location: 美国, ISP: CloudFlare Inc., Date: None, Delay: -1 ms, Speed: 0.00 M/s, Resolution: None
Name: 广州竞赛, URL: https://live.lalifeier.eu.org/gztv/jingsai.m3u8?t=1748590013&key=a2813861f41953ee66bafe1724246c21, IPv_Type: ipv6, Location: 美国, ISP: CloudFlare Inc., Date: None, Delay: -1 ms, Speed: 0.00 M/s, Resolution: None
Name: 广州竞赛, URL: https://live.lalifeier.eu.org/gztv/jingsai.m3u8?t=1748597362&key=3bbc5a7e220a245b79fe4b2f33c107a1, IPv_Type: ipv6, Location: 美国, ISP: CloudFlare Inc., Date: None, Delay: -1 ms, Speed: 0.00 M/s, Resolution: None
Name: 广州竞赛, URL: https://live.lalifeier.eu.org/gztv/jingsai.m3u8?t=1748625812&key=b7cff0af52d98bef1d79f323bc7a2d20, IPv_Type: ipv6, Location: 美国, ISP: CloudFlare Inc., Date: None, Delay: -1 ms, Speed: 0.00 M/s, Resolution: None
Name: 广州竞赛, URL: https://live.lalifeier.eu.org/gztv/jingsai.m3u8?t=1748640180&key=84487bf0e4a99f898a81737e2a43caef, IPv_Type: ipv6, Location: 美国, ISP: CloudFlare Inc., Date: None, Delay: -1 ms, Speed: 0.00 M/s, Resolution: None
Name: 广州竞赛, URL: https://live.lalifeier.eu.org/gztv/jingsai.m3u8?t=1748676222&key=86e2e11d28199f1ece5a69719de0b288, IPv_Type: ipv6, Location: 美国, ISP: CloudFlare Inc., Date: None, Delay: -1 ms, Speed: 0.00 M/s, Resolution: None
Name: 广州竞赛, URL: https://live.lalifeier.eu.org/gztv/jingsai.m3u8?t=1748683536&key=fa839a7c153bf8e22b174c3f98f1f71b, IPv_Type: ipv6, Location: 美国, ISP: CloudFlare Inc., Date: None, Delay: -1 ms, Speed: 0.00 M/s, Resolution: None
Name: 广州法治, URL: https://tencentplay.gztv.com/live/fazhi.m3u8?txSecret=040cda8ae37088f2b96bea7b68bd0eb5&txTime=1903e5b8abe, IPv_Type: ipv4, Location: 中国-广东-深圳, ISP: 腾讯云, Date: None, Delay: -1 ms, Speed: 0.00 M/s, Resolution: None
Name: 广州法治, URL: https://tencentplaywebsite.gztv.com/live/fazhi.m3u8?txSecret=f84d116447cf4c6fc8a66820d3fa2777&txTime=193108637cb, IPv_Type: ipv4, Location: 中国-广东-广州, ISP: 腾讯云, Date: None, Delay: -1 ms, Speed: 0.00 M/s, Resolution: None
Name: 广州法治, URL: http://php.jdshipin.com:8880/gztv.php?id=fazhi, IPv_Type: ipv6, Location: 美国, ISP: CloudFlare Inc., Date: None, Delay: -1 ms, Speed: 0.00 M/s, Resolution: None
Name: 广州南国, URL: https://tencentplaywebsite.gztv.com/live/nanguodushi.m3u8?txSecret=e93eb85173edb8a0c70fd1438c7bd7d7&txTime=193108637cb, IPv_Type: ipv4, Location: 中国-广东-广州, ISP: 腾讯云, Date: None, Delay: -1 ms, Speed: 0.00 M/s, Resolution: None
Name: 佛山综合, URL: http://php.jdshipin.com:8880/fstv.php?id=fszh, IPv_Type: ipv6, Location: 美国, ISP: CloudFlare Inc., Date: None, Delay: -1 ms, Speed: 0.00 M/s, Resolution: None
Name: 佛山综合, URL: https://live.lalifeier.eu.org/fstv/fszh.m3u8?t=1746307365&key=776c844ec448f3aca62132b212878ee5, IPv_Type: ipv6, Location: 美国, ISP: CloudFlare Inc., Date: None, Delay: -1 ms, Speed: 0.00 M/s, Resolution: None
Name: 佛山综合, URL: https://live.lalifeier.eu.org/fstv/fszh.m3u8?t=1746292937&key=c4f7204aa8204ca91d522df2edff56b5, IPv_Type: ipv6, Location: 美国, ISP: CloudFlare Inc., Date: None, Delay: -1 ms, Speed: 0.00 M/s, Resolution: None
Name: 佛山综合, URL: https://live.lalifeier.eu.org/fstv/fszh.m3u8?t=1748225084&key=9d0be56b20495fca1d267e3a351b9619, IPv_Type: ipv6, Location: 美国, ISP: CloudFlare Inc., Date: None, Delay: -1 ms, Speed: 0.00 M/s, Resolution: None
Name: 佛山综合, URL: https://live.lalifeier.eu.org/fstv/fszh.m3u8?t=1748253139&key=cd0607fe3d447731c79e349c34bf522d, IPv_Type: ipv6, Location: 美国, ISP: CloudFlare Inc., Date: None, Delay: -1 ms, Speed: 0.00 M/s, Resolution: None
Name: 佛山综合, URL: http://dslive.grtn.cn/fszh/sd/live.m3u8, IPv_Type: ipv6, Location: 中国, ISP: 中国电信, Date: None, Delay: -1 ms, Speed: 0.00 M/s, Resolution: None
Name: 佛山综合, URL: https://live.lalifeier.eu.org/fstv/fszh.m3u8?t=1744010833&key=30e1b8742dfc028e8c2f6d554c2532df, IPv_Type: ipv6, Location: 美国, ISP: CloudFlare Inc., Date: None, Delay: -1 ms, Speed: 0.00 M/s, Resolution: None
Name: 佛山综合, URL: https://live.lalifeier.eu.org/fstv/fszh.m3u8?t=1748280279&key=4df879e9a796e0f7047d00f4ed1b0ec2, IPv_Type: ipv6, Location: 美国, ISP: CloudFlare Inc., Date: None, Delay: -1 ms, Speed: 0.00 M/s, Resolution: None
Name: 佛山综合, URL: https://live.lalifeier.eu.org/fstv/fszh.m3u8?t=1748294604&key=1fab747875e1ecd7fa1a81a692eca342, IPv_Type: ipv6, Location: 美国, ISP: CloudFlare Inc., Date: None, Delay: -1 ms, Speed: 0.00 M/s, Resolution: None
Name: 佛山综合, URL: https://live.lalifeier.eu.org/fstv/fszh.m3u8?t=1748330780&key=144ea59923409e9c912126048637f833, IPv_Type: ipv6, Location: 美国, ISP: CloudFlare Inc., Date: None, Delay: -1 ms, Speed: 0.00 M/s, Resolution: None
Name: 佛山综合, URL: https://live.lalifeier.eu.org/fstv/fszh.m3u8?t=1748338081&key=c22edc124c7f3de22662340bf5d313d5, IPv_Type: ipv6, Location: 美国, ISP: CloudFlare Inc., Date: None, Delay: -1 ms, Speed: 0.00 M/s, Resolution: None
Name: 佛山综合, URL: http://php.666230.xyz/公众号【睡眼迷离的猫】/proxy/p9.php, IPv_Type: ipv6, Location: 美国, ISP: CloudFlare Inc., Date: None, Delay: -1 ms, Speed: 0.00 M/s, Resolution: None
Name: 佛山综合, URL: https://live.lalifeier.eu.org/fstv/fszh.m3u8?t=1748366630&key=24576bedc45b70ceddc04cdf81c1560e, IPv_Type: ipv6, Location: 美国, ISP: CloudFlare Inc., Date: None, Delay: -1 ms, Speed: 0.00 M/s, Resolution: None
Name: 佛山综合, URL: https://live.lalifeier.eu.org/fstv/fszh.m3u8?t=1748381085&key=78510a368e9b0ac2dd8e39afcd5e60d3, IPv_Type: ipv6, Location: 美国, ISP: CloudFlare Inc., Date: None, Delay: -1 ms, Speed: 0.00 M/s, Resolution: None
Name: 佛山综合, URL: https://live.lalifeier.eu.org/fstv/fszh.m3u8?t=1748453025&key=abc1bafbe63e13a1812cb13c6706f68d, IPv_Type: ipv6, Location: 美国, ISP: CloudFlare Inc., Date: None, Delay: -1 ms, Speed: 0.00 M/s, Resolution: None
Name: 佛山综合, URL: https://live.lalifeier.eu.org/fstv/fszh.m3u8?t=1748467475&key=36655878f5d307967701d63e5f0b16ca, IPv_Type: ipv6, Location: 美国, ISP: CloudFlare Inc., Date: None, Delay: -1 ms, Speed: 0.00 M/s, Resolution: None
Name: 佛山综合, URL: https://live.lalifeier.eu.org/fstv/fszh.m3u8?t=1748503654&key=244e51b166318731684be0136c48f1fd, IPv_Type: ipv6, Location: 美国, ISP: CloudFlare Inc., Date: None, Delay: -1 ms, Speed: 0.00 M/s, Resolution: None
Name: 佛山综合, URL: https://live.lalifeier.eu.org/fstv/fszh.m3u8?t=1748514595&key=6caea51c97514bf70836d991a8157e1f, IPv_Type: ipv6, Location: 美国, ISP: CloudFlare Inc., Date: None, Delay: -1 ms, Speed: 0.00 M/s, Resolution: None
Name: 佛山综合, URL: https://live.lalifeier.eu.org/fstv/fszh.m3u8?t=1748539588&key=b1a355cc61a8117ed8b0b2b0f66e3a5b, IPv_Type: ipv6, Location: 美国, ISP: CloudFlare Inc., Date: None, Delay: -1 ms, Speed: 0.00 M/s, Resolution: None
Name: 佛山综合, URL: https://live.lalifeier.eu.org/fstv/fszh.m3u8?t=1748553884&key=74bd855678c2e0a6894a890ea0c29b90, IPv_Type: ipv6, Location: 美国, ISP: CloudFlare Inc., Date: None, Delay: -1 ms, Speed: 0.00 M/s, Resolution: None
Name: 佛山综合, URL: https://live.lalifeier.eu.org/fstv/fszh.m3u8?t=1748590013&key=ccfd3b311e61fbda1adab830448072a0, IPv_Type: ipv6, Location: 美国, ISP: CloudFlare Inc., Date: None, Delay: -1 ms, Speed: 0.00 M/s, Resolution: None
Name: 佛山综合, URL: https://live.lalifeier.eu.org/fstv/fszh.m3u8?t=1748597362&key=67f8dffc9c56b620187c6a927a48b89b, IPv_Type: ipv6, Location: 美国, ISP: CloudFlare Inc., Date: None, Delay: -1 ms, Speed: 0.00 M/s, Resolution: None
Name: 佛山综合, URL: https://live.lalifeier.eu.org/fstv/fszh.m3u8?t=1748625812&key=8e60c00d4de6914cfa88f2728571d9f0, IPv_Type: ipv6, Location: 美国, ISP: CloudFlare Inc., Date: None, Delay: -1 ms, Speed: 0.00 M/s, Resolution: None
Name: 佛山综合, URL: https://live.lalifeier.eu.org/fstv/fszh.m3u8?t=1748640180&key=c8b92486d6fa81b18219a3079549b54a, IPv_Type: ipv6, Location: 美国, ISP: CloudFlare Inc., Date: None, Delay: -1 ms, Speed: 0.00 M/s, Resolution: None
Name: 佛山综合, URL: https://live.lalifeier.eu.org/fstv/fszh.m3u8?t=1748676222&key=8a3702abbb1607198ca11be9862f353e, IPv_Type: ipv6, Location: 美国, ISP: CloudFlare Inc., Date: None, Delay: -1 ms, Speed: 0.00 M/s, Resolution: None
Name: 佛山综合, URL: https://live.lalifeier.eu.org/fstv/fszh.m3u8?t=1748683536&key=5fcb0da0dc136d7ac1ba943d8d4a7ab4, IPv_Type: ipv6, Location: 美国, ISP: CloudFlare Inc., Date: None, Delay: -1 ms, Speed: 0.00 M/s, Resolution: None
Name: 翡翠台, URL: http://php.jdshipin.com:8880/TVOD/iptv.php?id=fct3, IPv_Type: ipv6, Location: 美国, ISP: CloudFlare Inc., Date: None, Delay: -1 ms, Speed: 0.00 M/s, Resolution: None
Name: 翡翠台, URL: http://php.jdshipin.com:8880/TVOD/iptv.php?id=fct, IPv_Type: ipv6, Location: 美国, ISP: CloudFlare Inc., Date: None, Delay: -1 ms, Speed: 0.00 M/s, Resolution: None
Name: 翡翠台, URL: http://php.jdshipin.com:8880/smt.php?id=jade_twn, IPv_Type: ipv6, Location: 美国, ISP: CloudFlare Inc., Date: None, Delay: -1 ms, Speed: 0.00 M/s, Resolution: None
Name: 翡翠台, URL: http://php.jdshipin.com:8880/TVOD/iptv.php?id=fct2, IPv_Type: ipv6, Location: 美国, ISP: CloudFlare Inc., Date: None, Delay: -1 ms, Speed: 0.00 M/s, Resolution: None
Name: 翡翠台, URL: http://php.jdshipin.com:8880/TVOD/iptv.php?id=fct4, IPv_Type: ipv6, Location: 美国, ISP: CloudFlare Inc., Date: None, Delay: -1 ms, Speed: 0.00 M/s, Resolution: None
Name: 翡翠台, URL: http://php.jdshipin.com/TVOD/iptv.php?id=fct, IPv_Type: ipv6, Location: 美国, ISP: CloudFlare Inc., Date: None, Delay: -1 ms, Speed: 0.00 M/s, Resolution: None
Name: 翡翠台, URL: http://php.jdshipin.com/TVOD/iptv.php?id=fct3, IPv_Type: ipv6, Location: 美国, ISP: CloudFlare Inc., Date: None, Delay: -1 ms, Speed: 0.00 M/s, Resolution: None
Name: 翡翠台, URL: http://php.jdshipin.com/TVOD/iptv.php?id=fct4, IPv_Type: ipv6, Location: 美国, ISP: CloudFlare Inc., Date: None, Delay: -1 ms, Speed: 0.00 M/s, Resolution: None
Name: 翡翠台, URL: http://php.jdshipin.com:8880/TVOD/iptv.php?id=fct3&token=512df05ba47edb46400575c93e179adb7981226d414516400ed1d382cb126adc517715d4ccd3a2276bf3c7b72d52f58905225cf0b1cc461b7888443f, IPv_Type: ipv6, Location: 美国, ISP: CloudFlare Inc., Date: None, Delay: -1 ms, Speed: 0.00 M/s, Resolution: None
Name: 翡翠台, URL: http://v2h.jdshipin.com/jade2/jade.stream/chunklist_w100.m3u8, IPv_Type: ipv6, Location: 美国, ISP: CloudFlare Inc., Date: None, Delay: -1 ms, Speed: 0.00 M/s, Resolution: None
Name: 翡翠台, URL: http://v2h.jdshipin.com:80/jade2/jade.stream/chunklist_w100.m3u8, IPv_Type: ipv6, Location: 美国, ISP: CloudFlare Inc., Date: None, Delay: -1 ms, Speed: 0.00 M/s, Resolution: None
Name: 星河台, URL: http://php.jdshipin.com/smt.php?id=Xinhe, IPv_Type: ipv6, Location: 美国, ISP: CloudFlare Inc., Date: None, Delay: -1 ms, Speed: 0.00 M/s, Resolution: None
Name: 星河台, URL: http://php.jdshipin.com:8880/smt.php?id=Xinhe, IPv_Type: ipv6, Location: 美国, ISP: CloudFlare Inc., Date: None, Delay: -1 ms, Speed: 0.00 M/s, Resolution: None
Name: TVB Plus, URL: http://cdn5.1678520.xyz/live/?id=无线p, IPv_Type: ipv6, Location: 美国, ISP: CloudFlare Inc., Date: None, Delay: -1 ms, Speed: 0.00 M/s, Resolution: None
Name: TVB Plus, URL: http://php.jdshipin.com:8880/TVOD/iptv.php?id=j2, IPv_Type: ipv6, Location: 美国, ISP: CloudFlare Inc., Date: None, Delay: -1 ms, Speed: 0.00 M/s, Resolution: None
Name: TVB Plus, URL: http://php.jdshipin.com:8880/TVOD/iptv.php?id=无线p, IPv_Type: ipv6, Location: 美国, ISP: CloudFlare Inc., Date: None, Delay: -1 ms, Speed: 0.00 M/s, Resolution: None
Name: TVB Plus, URL: https://stream1.freetv.fun/无线-j2-1.m3u8, IPv_Type: ipv6, Location: 美国, ISP: CloudFlare Inc., Date: None, Delay: -1 ms, Speed: 0.00 M/s, Resolution: None
Name: TVB Plus, URL: http://php.jdshipin.com:8880/PLTV/iptv.php?id=j2, IPv_Type: ipv6, Location: 美国, ISP: CloudFlare Inc., Date: None, Delay: -1 ms, Speed: 0.00 M/s, Resolution: None
Name: TVB Plus, URL: http://cdn.163189.xyz/live/tvbp/stream.m3u8, IPv_Type: ipv6, Location: 美国, ISP: CloudFlare Inc., Date: None, Delay: -1 ms, Speed: 0.00 M/s, Resolution: None
Name: TVB Plus, URL: http://cdn5.1678520.xyz/live/?id=tvbp, IPv_Type: ipv6, Location: 美国, ISP: CloudFlare Inc., Date: None, Delay: -1 ms, Speed: 0.00 M/s, Resolution: None
Name: 无线新闻台, URL: http://php.jdshipin.com/TVOD/iptv.php?id=wxxwt, IPv_Type: ipv6, Location: 美国, ISP: CloudFlare Inc., Date: None, Delay: -1 ms, Speed: 0.00 M/s, Resolution: None
Name: 无线新闻台, URL: http://php.jdshipin.com:8880/smt.php?id=inews_twn, IPv_Type: ipv6, Location: 美国, ISP: CloudFlare Inc., Date: None, Delay: -1 ms, Speed: 0.00 M/s, Resolution: None
Name: 无线新闻台, URL: http://php.jdshipin.com/TVOD/iptv.php?id=无线xw, IPv_Type: ipv6, Location: 美国, ISP: CloudFlare Inc., Date: None, Delay: -1 ms, Speed: 0.00 M/s, Resolution: None
Name: 无线新闻台, URL: http://php.jdshipin.com:8880/TVOD/iptv.php?id=tvbxw, IPv_Type: ipv6, Location: 美国, ISP: CloudFlare Inc., Date: None, Delay: -1 ms, Speed: 0.00 M/s, Resolution: None
Name: 无线新闻台, URL: https://cdn9.163189.xyz/smt3.1.1.php?id=inews_twn, IPv_Type: ipv6, Location: 美国, ISP: CloudFlare Inc., Date: None, Delay: -1 ms, Speed: 0.00 M/s, Resolution: None
Name: 无线新闻台, URL: https://v2hcdn.jdshipin.com/news/news.stream/chunklist_w105.m3u8, IPv_Type: ipv6, Location: 美国, ISP: CloudFlare Inc., Date: None, Delay: -1 ms, Speed: 0.00 M/s, Resolution: None
Name: 无线新闻台, URL: http://v2hcdn.jdshipin.com/news/news.stream/chunklist_w1005.m3u8, IPv_Type: ipv6, Location: 美国, ISP: CloudFlare Inc., Date: None, Delay: -1 ms, Speed: 0.00 M/s, Resolution: None
Name: 华丽翡翠台, URL: http://php.jdshipin.com/TVOD/iptv.php?id=huali, IPv_Type: ipv6, Location: 美国, ISP: CloudFlare Inc., Date: None, Delay: -1 ms, Speed: 0.00 M/s, Resolution: None
Name: 千禧经典台, URL: http://php.jdshipin.com:8880/TVOD/iptv.php?id=无线c, IPv_Type: ipv6, Location: 美国, ISP: CloudFlare Inc., Date: None, Delay: -1 ms, Speed: 0.00 M/s, Resolution: None
Name: 千禧经典台, URL: http://php.jdshipin.com:8880/TVOD/iptv.php?id=tvbc, IPv_Type: ipv6, Location: 美国, ISP: CloudFlare Inc., Date: None, Delay: -1 ms, Speed: 0.00 M/s, Resolution: None
Name: 千禧经典台, URL: http://cdn9.163189.xyz/smt3.1.1.php?id=Tvbclassic, IPv_Type: ipv6, Location: 美国, ISP: CloudFlare Inc., Date: None, Delay: -1 ms, Speed: 0.00 M/s, Resolution: None
Name: 千禧经典台, URL: https://smart.pendy.dpdns.org/Smart.php?id=Tvbclassic, IPv_Type: ipv6, Location: 美国, ISP: CloudFlare Inc., Date: None, Delay: -1 ms, Speed: 0.00 M/s, Resolution: None
Name: VIUTV, URL: http://cdn5.1678520.xyz/live/live2.1.php?id=viu, IPv_Type: ipv6, Location: 美国, ISP: CloudFlare Inc., Date: None, Delay: -1 ms, Speed: 0.00 M/s, Resolution: None
Name: VIUTV, URL: http://cdn5.1678520.xyz/live/?id=viu, IPv_Type: ipv6, Location: 美国, ISP: CloudFlare Inc., Date: None, Delay: -1 ms, Speed: 0.00 M/s, Resolution: None
Name: VIUTV, URL: http://php.jdshipin.com/TVOD/iptv.php?id=viutv, IPv_Type: ipv6, Location: 美国, ISP: CloudFlare Inc., Date: None, Delay: -1 ms, Speed: 0.00 M/s, Resolution: None
Name: VIUTV, URL: http://php.jdshipin.com:8880/TVOD/iptv.php?id=viutv, IPv_Type: ipv6, Location: 美国, ISP: CloudFlare Inc., Date: None, Delay: -1 ms, Speed: 0.00 M/s, Resolution: None
Name: VIUTV, URL: http://php.jdshipin.com/TVOD/iptv.php?id=viutv2, IPv_Type: ipv6, Location: 美国, ISP: CloudFlare Inc., Date: None, Delay: -1 ms, Speed: 0.00 M/s, Resolution: None
Name: VIUTV, URL: http://php.jdshipin.com:8880/PLTV/iptv.php?id=viutv, IPv_Type: ipv6, Location: 美国, ISP: CloudFlare Inc., Date: None, Delay: -1 ms, Speed: 0.00 M/s, Resolution: None
Name: VIUTV, URL: https://turkmedya-live.ercdn.net/tv360/tv360.m3u8, IPv_Type: ipv4, Location: 美国, ISP: FDC芝加哥机房, Date: None, Delay: 1132 ms, Speed: 2.01 M/s, Resolution: 1920x1080
Name: 凤凰资讯, URL: http://php.jdshipin.com:8880/TVOD/iptv.php?id=fhzx, IPv_Type: ipv6, Location: 美国, ISP: CloudFlare Inc., Date: None, Delay: -1 ms, Speed: 0.00 M/s, Resolution: None
Name: 凤凰资讯, URL: http://php.jdshipin.com/TVOD/iptv.php?id=fhzx, IPv_Type: ipv6, Location: 美国, ISP: CloudFlare Inc., Date: None, Delay: -1 ms, Speed: 0.00 M/s, Resolution: None
Name: 凤凰资讯, URL: https://cdn6.163189.xyz/live/fhzx/stream.m3u8, IPv_Type: ipv6, Location: 新加坡, ISP: Aceville Pte.Ltd., Date: None, Delay: -1 ms, Speed: 0.00 M/s, Resolution: None
Name: 凤凰资讯, URL: https://cdn3.163189.xyz/live/fhzx/stream.m3u8, IPv_Type: ipv6, Location: 美国, ISP: CloudFlare Inc., Date: None, Delay: -1 ms, Speed: 0.00 M/s, Resolution: None
Name: 凤凰资讯, URL: http://cdn3.163189.xyz/live/fhzx/stream.m3u8, IPv_Type: ipv6, Location: 美国, ISP: CloudFlare Inc., Date: None, Delay: -1 ms, Speed: 0.00 M/s, Resolution: None
Name: 凤凰资讯, URL: http://php.jdshipin.com/PLTV/iptv.php?id=fhzx, IPv_Type: ipv6, Location: 美国, ISP: CloudFlare Inc., Date: None, Delay: -1 ms, Speed: 0.00 M/s, Resolution: None
Name: 凤凰资讯, URL: http://cdn5.1678520.xyz:80/live/live2.1.php?id=fhzx, IPv_Type: ipv6, Location: 美国, ISP: CloudFlare Inc., Date: None, Delay: -1 ms, Speed: 0.00 M/s, Resolution: None
Name: 凤凰资讯, URL: http://cdn5.1678520.xyz/live/live2.1.php?id=fhzx, IPv_Type: ipv6, Location: 美国, ISP: CloudFlare Inc., Date: None, Delay: -1 ms, Speed: 0.00 M/s, Resolution: None
Name: 凤凰资讯, URL: http://php.jdshipin.com/TVOD/iptv.php, IPv_Type: ipv6, Location: 美国, ISP: CloudFlare Inc., Date: None, Delay: -1 ms, Speed: 0.00 M/s, Resolution: None
Name: 凤凰资讯, URL: http://203.205.191.53/qctv.fengshows.cn/live/0701pin72.m3u8, IPv_Type: ipv4, Location: 美国-加利福尼亚州-圣克拉拉, ISP: 腾讯云, Date: None, Delay: 394 ms, Speed: 1.71 M/s, Resolution: 1280x720
Name: 凤凰中文, URL: http://cdn5.1678520.xyz:80/live/live2.1.php?id=fhzw, IPv_Type: ipv6, Location: 美国, ISP: CloudFlare Inc., Date: None, Delay: -1 ms, Speed: 0.00 M/s, Resolution: None
Name: 凤凰中文, URL: http://php.jdshipin.com/PLTV/iptv.php?id=fhzw, IPv_Type: ipv6, Location: 美国, ISP: CloudFlare Inc., Date: None, Delay: -1 ms, Speed: 0.00 M/s, Resolution: None
Name: 凤凰中文, URL: http://php.jdshipin.com/TVOD/iptv.php?id=fhzw, IPv_Type: ipv6, Location: 美国, ISP: CloudFlare Inc., Date: None, Delay: -1 ms, Speed: 0.00 M/s, Resolution: None
Name: 凤凰中文, URL: http://php.jdshipin.com:8880/TVOD/iptv.php?id=fhzw, IPv_Type: ipv6, Location: 美国, ISP: CloudFlare Inc., Date: None, Delay: -1 ms, Speed: 0.00 M/s, Resolution: None
Name: 凤凰中文, URL: http://cdn5.1678520.xyz/live/live2.1.php?id=fhzw, IPv_Type: ipv6, Location: 美国, ISP: CloudFlare Inc., Date: None, Delay: -1 ms, Speed: 0.00 M/s, Resolution: None
Name: 凤凰中文, URL: http://php.jdshipin.com/TVOD/iptv.php?id=fhzw2, IPv_Type: ipv6, Location: 美国, ISP: CloudFlare Inc., Date: None, Delay: -1 ms, Speed: 0.00 M/s, Resolution: None
Name: 凤凰中文, URL: http://php.jdshipin.com/TVOD/iptv.php, IPv_Type: ipv6, Location: 美国, ISP: CloudFlare Inc., Date: None, Delay: -1 ms, Speed: 0.00 M/s, Resolution: None
Name: 凤凰中文, URL: http://203.205.191.53/qctv.fengshows.cn/live/0701pcc72.m3u8, IPv_Type: ipv4, Location: 美国-加利福尼亚州-圣克拉拉, ISP: 腾讯云, Date: None, Delay: 341 ms, Speed: 1.73 M/s, Resolution: 1280x720
Name: 凤凰香港, URL: http://php.jdshipin.com/TVOD/iptv.php?id=fhhk, IPv_Type: ipv6, Location: 美国, ISP: CloudFlare Inc., Date: None, Delay: -1 ms, Speed: 0.00 M/s, Resolution: None
Name: 凤凰香港, URL: http://php.jdshipin.com:8880/TVOD/iptv.php?id=fhhk, IPv_Type: ipv6, Location: 美国, ISP: CloudFlare Inc., Date: None, Delay: -1 ms, Speed: 0.00 M/s, Resolution: None
Name: 凤凰香港, URL: http://php.jdshipin.com/PLTV/iptv.php?id=fhhk, IPv_Type: ipv6, Location: 美国, ISP: CloudFlare Inc., Date: None, Delay: -1 ms, Speed: 0.00 M/s, Resolution: None
Name: 凤凰香港, URL: https://epg.pw/stream/5f16dc7fc8aaaed3205516c63e4a8c24bca9dbba1181684244729cf574505b0e.m3u8, IPv_Type: ipv6, Location: 美国, ISP: CloudFlare Inc., Date: None, Delay: -1 ms, Speed: 0.00 M/s, Resolution: None
Name: 凤凰香港, URL: https://epg.pw/stream/8770e89223a086eb1b8a0c931e42296d772a8069ad3eb72540e0c434e7cb3e93.m3u8, IPv_Type: ipv6, Location: 美国, ISP: CloudFlare Inc., Date: None, Delay: -1 ms, Speed: 0.00 M/s, Resolution: None
Name: 公视, URL: http://al-hk1.jdiptv.cc/live/gs3.m3u8?kdstime=1737437454&kdssign=6848ae31dedb97d3c245da8a8e1ee0c3, IPv_Type: ipv6, Location: 美国, ISP: CloudFlare Inc., Date: None, Delay: -1 ms, Speed: 0.00 M/s, Resolution: None
Name: 公视, URL: http://al-hk1.jdiptv.cc/live/gs3.m3u8?kdstime=1737450012&kdssign=f7e8e8c38ddf2adb472ffe6784f897fc, IPv_Type: ipv6, Location: 美国, ISP: CloudFlare Inc., Date: None, Delay: -1 ms, Speed: 0.00 M/s, Resolution: None
Name: 天映经典, URL: http://tl.061833.xyz/tl/null-1, IPv_Type: ipv6, Location: 美国, ISP: CloudFlare Inc., Date: None, Delay: -1 ms, Speed: 0.00 M/s, Resolution: None
Name: 天映经典, URL: http://j.s.bkpcp.top/jj/tyjd, IPv_Type: ipv6, Location: 美国, ISP: CloudFlare Inc., Date: None, Delay: -1 ms, Speed: 0.00 M/s, Resolution: None
Name: 天映经典, URL: https://live.tvfix.org/live/tyjd/index.m3u8, IPv_Type: ipv6, Location: 美国, ISP: CloudFlare Inc., Date: None, Delay: -1 ms, Speed: 0.00 M/s, Resolution: None
Name: 天映经典, URL: https://011v4.pendy.dpdns.org/stream/tvb/cccm/master.m3u8?u=judy&p=213f2541f159ac2ec56f4173f3731fdd6ac1ea725a0c7892870cf85ea22cb3cc, IPv_Type: ipv6, Location: 美国, ISP: CloudFlare Inc., Date: None, Delay: -1 ms, Speed: 0.00 M/s, Resolution: None
Name: 天映经典, URL: https://iptv.mydiver.eu.org/live/encrypted/NWM2YTg0NWUxNjBiYzZiNjY5M2YxMTAxZTM1MGUyZTM6YjRjNGI1YjNlNWFhY2I3YjkzZTQzMzQ4ODliMTVhZWNmZDJiODZjNGU2YzU0NGYxMWEwNGFiOWViOGQxZjc0MzhjZDg5Yzg2NTZlMzQzODQ2MWFjNTU5MzMyZDFjNzEwODE2MDQ1MDg3N2M3ZTRmNDQyY2I4ZWNkMTZkYWJkNzA4YmEzMThlOGFhOGZlZTljYzRkMWIyOWU0NzIzZDMyMjgxNGJmNjdlOWIzNWMxMjQxYjBjY2I3MGMyNGJlNzFmZjViNmVhNzM0MzFiMWNmMjcxNjVjY2RhMWU5OTRiOGIwOTgzNTgxOTRlNmQ2OTQxOWZmZDY2ODc0YTRjN2RjMjZmMTJlMTU3NmQ2OWNmZjllMjIwZDAwNGQ5MzhlNzdlZmJjYmI4MWVkZDAyZDMwOTg5Yzg5NzhiYzM2ZGEzMzlhMTA0YzIxYzIyYWVkOTJhY2I5NjllN2IzOTFkOWJhMjhkYjFkMWQxZjMzOTIxYWRhZDg4MjY3YjYxNGZiOWU2?username=tg_vnpu89z4, IPv_Type: ipv6, Location: 美国, ISP: CloudFlare Inc., Date: None, Delay: -1 ms, Speed: 0.00 M/s, Resolution: None
Name: 天映经典, URL: https://iptv.mydiver.eu.org/live/encrypted/YzAzNTRiMmE1MGNmMTllMTQ0YjJjMGE1MDBiNjgwZjE6YjlkNzVlNzUzZDM4MTJjNjVjYmEzOTE4MTNjNmFlZTE2ZGZkNWI4NWU2ZGJiNzAzYzBjNTkxMzFhMTE0ODA0MjVkYzczYzBjNWY2NDI2YTQ3ODUyMjNhNGM4ZTlmZjg1MzY5ZTI3OGJhNDhiMDU3MmI0N2ZmYTkyNTQyNDRjZTczMDA0MDQzMDliNTdhYzVjMzU5ODMzYjE1OWM3NDg5OGJiNWVlNzk2MjE3NGE3ZmZkNjk1YWJhYWNlNjdjYjJlOWNkZmZjODc5MDEyYzY4NGZjMDZiNjFhNTRhMDRmOWViMjc2OTNkMTEzYzEwNGJkOTFjM2Q1MTNlM2E1YmFmMzNlYmQ1YjQzOTcxODk5MzMzNzYxMzhkNWM0ZTFmMDU2NjM3MDIzYTU2NjVmZDBkN2YwZjI4YWM3NWQyN2NjNzY0MWVmZTYzZjliNTUzM2MxNjllMDYzYTA3OGE0Nzk4YjAyMDI0NjdmZDY3OWQwM2RkOTQzOWQ4OTQxNDhmMGUz?username=tg_vnpu89z4, IPv_Type: ipv6, Location: 美国, ISP: CloudFlare Inc., Date: None, Delay: -1 ms, Speed: 0.00 M/s, Resolution: None
Name: 天映经典, URL: https://iptv.mydiver.eu.org/live/encrypted/ODM3YzNhMzBmMTMxMGNlOWY3NmYwMzE5NTNjNGQ4YTE6MzJiZDk4NDg3NTg2N2MzNmFlZDAyOTI2NGJjYWZiNWQ3MGZmYWRjZWY1ODQzZmQwM2ExNTVkYTZhZTIwY2Q1YTg1NmI0NDM1OWFjNTdjN2RkZjVjYzJjM2E1YmZjYTVkNDBkZWNmYTZiODg4MmRlYjBlMjNjOTRkODE4MmRjOTEzNTg2YTU0OWYwODU1MDU2NjQ0YjFhY2RkZWNjN2Q5YjdhZDY4NDI2MGRlNDNlMDljOGM3ODVhOWEwZjVjYzA0NzhkY2UyMjU3MjJlNjBmMzg2YzliOTFkZmVjNTc0ZWQ0ZTAxMzljNGM3MmQzYzQzMTQzNDhiY2VkNjk0NTBlYjEzMmY0NzIwNzdlM2Y4OGE1ZTIxODI5NTdjZTcxNGMwMjE5ZjUzNTYyYmIzOWQxYTliZWQ5YjM3MDY4MWU1ZmZmZTdlNjJkZDg3NDI5Nzg4YTFjNmRmMDQ0MjM5NDQ1NjFiZWE5YjI1NjRmYWQ3NDkxZjg4OGQwZmM0M2RkODYy?username=tg_vnpu89z4, IPv_Type: ipv6, Location: 美国, ISP: CloudFlare Inc., Date: None, Delay: -1 ms, Speed: 0.00 M/s, Resolution: None
Name: 天映经典, URL: https://iptv.mydiver.eu.org/live/encrypted/M2M3ZjA2MWFhMTU0Y2YxNzJjMDNjZDhiZWUxM2RjMzI6MTZmNDMwZWU5MmI4OWMwNjBmZGRhZjczZTI3NDYyNWQzNmNmMzU0YTE4MDFlZGY5ZjYxYWQwOWExYTMzZGZiM2VjMmRhZmYxMGZiMTM5ODcxNDJmMDIwNzgzZTk1NDMyYTQ4ZjY3NjI3NzUxYzk3NzViZGIyYThjM2JmNjdmY2Q3YjkxYjI2MDVhYjZmZjMyNDNkNjg2YzViMTY0OTM4YjE2Nzg0NjRjNmQ1NWFiYWI0NzJjYjRlNDQ4NjdhYmRlZjRlNzFmY2FiMzU3Njc0ZGU1NzFhMGFmMzg3MjgyODEyNGFkNDY3NWRjZTllNTkxMDU0YmZiN2IwMGM5ZDRjZmE2Y2IyYTFhNzBiM2QzOTMzNWMzMmU3MjQ4ODZiNjhiZTNhZjFlZWRjZDEwYWY4MGUzZDdmYTBkZTg5N2U4ZTNjZGZkOWI3OGZkMjljYTBhY2ZiYzIyNWM3YzdiNzA0Y2E1ZGZjMzMzYTA3MmE4ZWM3Mzg0NTBmMjY4MzhiYmU2?username=tg_vnpu89z4, IPv_Type: ipv6, Location: 美国, ISP: CloudFlare Inc., Date: None, Delay: -1 ms, Speed: 0.00 M/s, Resolution: None
Name: 天映经典, URL: https://iptv.mydiver.eu.org/live/encrypted/YTAwZmU2ODk2OTZjODk1YWYzNmY0MGY4MzFkZTQxMWE6YTBhOTk3NzM2NjQ0NzVkMjViYThlOWU2MDM1OTcwNjIzNTg5NDUwOGEzNjMzMWIxMmZhMGI0NjYxOGUwODU3Y2YwZWM1NWJjNTg3YmFkMGFjOTNjNDBjMTJjYmZmNTZhZGE4YWIxMjMxNGU1N2FjOGY0NTA4Njc5NTY2NDYwYzdhYTZjZGFlNTdmNzE4Y2NlODdmNTM4M2FkNGFhZTQ0YmMzM2VkNTkzMWZiY2U5ZDdhNDE5YTY3ZDExNGY3NDVjZmJlZDZjNWNlYzBjYTc5NzU4YjE2MWQ3MzNkYzRiNWE5NDcyY2RkZDFjNzNjY2Q1NGI1MjlhZDMxZDcyMDIyMDc4ZWE0MmQ0NGFlNGFhNTQ4Y2JjZTc4ZWFiMzhmNTM0ZDJmMjYxYWNmMzRlNmQ0MWVhN2U3NjQxYjgyZDEyN2JlN2RhODdmNzMzZjQ2ZmM4MGY3M2U3MTY4MjE2MmViMDU1YjZlYTg5M2JmOTk0MzY4YTExN2JhZjVmMWI1Y2Vk?username=tg_vnpu89z4, IPv_Type: ipv6, Location: 美国, ISP: CloudFlare Inc., Date: None, Delay: -1 ms, Speed: 0.00 M/s, Resolution: None
Name: 天映经典, URL: https://cdn9.163189.xyz/smt1.1.php, IPv_Type: ipv6, Location: 美国, ISP: CloudFlare Inc., Date: None, Delay: -1 ms, Speed: 0.00 M/s, Resolution: None
Name: 天映经典, URL: http://free.cnlive.club/channel/n7e49c99a.m3u8, IPv_Type: ipv6, Location: 美国, ISP: CloudFlare Inc., Date: None, Delay: -1 ms, Speed: 0.00 M/s, Resolution: None
Name: 天映经典, URL: https://migu.188766.xyz/?migutoken=3637f4ae3861b554c9b368728cc8b391&id=Celestial2&type=dy, IPv_Type: ipv6, Location: 美国, ISP: CloudFlare Inc., Date: None, Delay: -1 ms, Speed: 0.00 M/s, Resolution: None
Name: 天映经典, URL: https://epg.pw/stream/cb817875cf26eb683af274dd8cdf7f559a71353d9565c32447c8d98894bc8095.ctv, IPv_Type: ipv6, Location: 美国, ISP: CloudFlare Inc., Date: None, Delay: -1 ms, Speed: 0.00 M/s, Resolution: None
Name: 天映经典, URL: https://migu.188766.xyz/, IPv_Type: ipv6, Location: 美国, ISP: CloudFlare Inc., Date: None, Delay: -1 ms, Speed: 0.00 M/s, Resolution: None
Name: 天映经典, URL: https://classicarts.akamaized.net/hls/live/1024257/CAS/master.m3u8, IPv_Type: ipv6, Location: 美国, ISP: Akamai Technologies Inc., Date: None, Delay: -1 ms, Speed: 0.00 M/s, Resolution: None
Name: 东森新闻, URL: https://tv.iill.top/litv/4gtv-4gtv152, IPv_Type: ipv6, Location: 美国, ISP: CloudFlare Inc., Date: None, Delay: -1 ms, Speed: 0.00 M/s, Resolution: None
Name: 东森新闻, URL: https://smart.pendy.dpdns.org/Smart.php?id=ettvnews, IPv_Type: ipv6, Location: 美国, ISP: CloudFlare Inc., Date: None, Delay: -1 ms, Speed: 0.00 M/s, Resolution: None
Name: 东森新闻, URL: https://stream1.freetv.fun/dong-sen-xin-wen-1.m3u8, IPv_Type: ipv6, Location: 美国, ISP: CloudFlare Inc., Date: None, Delay: -1 ms, Speed: 0.00 M/s, Resolution: None
Name: 寰宇新闻, URL: https://tv.iill.top/litv/litv-longturn14, IPv_Type: ipv6, Location: 美国, ISP: CloudFlare Inc., Date: None, Delay: -1 ms, Speed: 0.00 M/s, Resolution: None
Name: 寰宇新闻, URL: https://smart.pendy.dpdns.org/Smart.php?id=huanyuxinwen_twn, IPv_Type: ipv6, Location: 美国, ISP: CloudFlare Inc., Date: None, Delay: -1 ms, Speed: 0.00 M/s, Resolution: None
Name: 三立新闻, URL: https://stream1.freetv.fun/san-li-xin-wen-3.m3u8, IPv_Type: ipv6, Location: 美国, ISP: CloudFlare Inc., Date: None, Delay: -1 ms, Speed: 0.00 M/s, Resolution: None
Name: 东森超视, URL: http://smt.iktv.ddns-ip.net/Smart.php, IPv_Type: ipv6, Location: 美国, ISP: CloudFlare Inc., Date: None, Delay: -1 ms, Speed: 0.00 M/s, Resolution: None
Name: 东森超视, URL: https://smart.pendy.dpdns.org/Smart.php, IPv_Type: ipv6, Location: 美国, ISP: CloudFlare Inc., Date: None, Delay: -1 ms, Speed: 0.00 M/s, Resolution: None
Name: 东森超视, URL: rtmp://f13h.mine.nu/sat/tv331, IPv_Type: ipv4, Location: 中国-台湾-台中市, ISP: 中华电信, Date: None, Delay: -1 ms, Speed: inf M/s, Resolution: 1280x720
Name: 东森超视, URL: http://38.64.72.148:80/hls/modn/list/2013/chunklist1.m3u8, IPv_Type: ipv4, Location: 美国-加利福尼亚州-洛杉矶, ISP: Cogent, Date: None, Delay: 2708 ms, Speed: 0.47 M/s, Resolution: 1920x1080
Name: 东森电影, URL: https://smart.pendy.dpdns.org/Smart.php, IPv_Type: ipv6, Location: 美国, ISP: CloudFlare Inc., Date: None, Delay: -1 ms, Speed: 0.00 M/s, Resolution: None
Name: CCTV-1, URL: http://php.jdshipin.com:8880/TVOD/iptv.php?id=rthk33, IPv_Type: ipv6, Location: 美国, ISP: CloudFlare Inc., Date: None, Delay: -1 ms, Speed: 0.00 M/s, Resolution: None
Name: CCTV-1, URL: http://php.jdshipin.com/TVOD/iptv.php?id=rthk33, IPv_Type: ipv6, Location: 美国, ISP: CloudFlare Inc., Date: None, Delay: -1 ms, Speed: 0.00 M/s, Resolution: None
Name: CCTV-1, URL: http://[2409:8087:74f0:22::4]:6610/270000001128/9900000501/index.m3u8, IPv_Type: ipv6, Location: 中国, ISP: 中国移动, Date: None, Delay: -1 ms, Speed: 0.00 M/s, Resolution: None
Name: CCTV-1, URL: http://iptv.huuc.edu.cn/hls/cctv1hd.m3u8, IPv_Type: ipv6, Location: 中国, ISP: 教育网, Date: None, Delay: -1 ms, Speed: 0.00 M/s, Resolution: None
Name: CCTV-1, URL: http://nas.suntao.online:35455/itv/1000000005000265001.m3u8?cdn=ystenlive, IPv_Type: ipv6, Location: 中国, ISP: 中国联通, Date: None, Delay: -1 ms, Speed: 0.00 M/s, Resolution: None
Name: CCTV-1, URL: http://yc.myds.me:35455/itv/1000000005000265001.m3u8?cdn=ystenlive, IPv_Type: ipv6, Location: 中国, ISP: 中国电信, Date: None, Delay: -1 ms, Speed: 0.00 M/s, Resolution: None
Name: CCTV-1, URL: http://zjzcf.synology.me:35455/gaoma/cctv1.m3u8, IPv_Type: ipv6, Location: 中国, ISP: 中国电信, Date: None, Delay: -1 ms, Speed: 0.00 M/s, Resolution: None
Name: CCTV-1, URL: http://[2409:8087:3869:8021:1001::e5]:6610/PLTV/88888888/224/3221225642/2/index.m3u8, IPv_Type: ipv6, Location: 中国, ISP: 中国移动, Date: None, Delay: -1 ms, Speed: 0.00 M/s, Resolution: None
Name: CCTV-1, URL: http://alvin.ergotron.net:8000/udp/239.77.1.17:5146, IPv_Type: ipv6, Location: 中国, ISP: 中国电信, Date: None, Delay: -1 ms, Speed: 0.00 M/s, Resolution: None
Name: CCTV-1, URL: https://cdn5.163189.xyz/live/cctv1/stream.m3u8, IPv_Type: ipv6, Location: 美国, ISP: CloudFlare Inc., Date: None, Delay: -1 ms, Speed: 0.00 M/s, Resolution: None
Name: CCTV-1, URL: http://wouu.net:9977/udp/239.93.0.184:5140, IPv_Type: ipv6, Location: 保留地址, ISP: 主机之间的链路本地地址, Date: None, Delay: -1 ms, Speed: 0.00 M/s, Resolution: None
Name: CCTV-1, URL: http://lu.wqwqwq.sbs/itv/1000000005000265001.m3u8?cdn=ystenlive, IPv_Type: ipv6, Location: 美国, ISP: CloudFlare Inc., Date: None, Delay: -1 ms, Speed: 0.00 M/s, Resolution: None
Name: CCTV-1, URL: https://migu.188766.xyz/?migutoken=b1225aab265399dad0f5323c35192a23&id=CCTV1&pp=1, IPv_Type: ipv6, Location: 美国, ISP: CloudFlare Inc., Date: None, Delay: -1 ms, Speed: 0.00 M/s, Resolution: None
Name: CCTV-1, URL: http://free.cnlive.club/channel/47cdbb52/index.m3u8?q=1755825520002, IPv_Type: ipv6, Location: 美国, ISP: CloudFlare Inc., Date: None, Delay: -1 ms, Speed: 0.00 M/s, Resolution: None
Name: CCTV-1, URL: https://hls-gateway.vpstv.net/streams/476879.m3u8, IPv_Type: ipv6, Location: 美国, ISP: CloudFlare Inc., Date: None, Delay: -1 ms, Speed: 0.00 M/s, Resolution: None
Name: CCTV-1, URL: https://smart.pendy.dpdns.org/Smart.php, IPv_Type: ipv6, Location: 美国, ISP: CloudFlare Inc., Date: None, Delay: -1 ms, Speed: 0.00 M/s, Resolution: None
Name: CCTV-1, URL: http://free.cnlive.club/channel/47cdbb52/index.m3u8?q=1756084903216, IPv_Type: ipv6, Location: 美国, ISP: CloudFlare Inc., Date: None, Delay: -1 ms, Speed: 0.00 M/s, Resolution: None
Name: CCTV-1, URL: https://migu.188766.xyz/?migutoken=ed6f184e1b861f6a89de8502255f3ec9&id=CCTV1&pp=1, IPv_Type: ipv6, Location: 美国, ISP: CloudFlare Inc., Date: None, Delay: -1 ms, Speed: 0.00 M/s, Resolution: None
Name: CCTV-1, URL: https://migu.188766.xyz/?migutoken=1ac2dc8f9ec3fca1af84c95a7b423319&id=CCTV1&pp=1, IPv_Type: ipv6, Location: 美国, ISP: CloudFlare Inc., Date: None, Delay: -1 ms, Speed: 0.00 M/s, Resolution: None
Name: CCTV-1, URL: https://cc06.tv12.xyz/1.m3u8, IPv_Type: ipv6, Location: 美国, ISP: CloudFlare Inc., Date: None, Delay: -1 ms, Speed: 0.00 M/s, Resolution: None
Name: CCTV-1, URL: https://migu.188766.xyz/?migutoken=6598d13b64b01bf74fc04c13b92b9cb6&id=CCTV1&pp=1, IPv_Type: ipv6, Location: 美国, ISP: CloudFlare Inc., Date: None, Delay: -1 ms, Speed: 0.00 M/s, Resolution: None
Name: CCTV-1, URL: http://free.cnlive.club/channel/47cdbb52/index.m3u8?q=1756862022054, IPv_Type: ipv6, Location: 美国, ISP: CloudFlare Inc., Date: None, Delay: -1 ms, Speed: 0.00 M/s, Resolution: None
Name: CCTV-1, URL: http://free.cnlive.club/channel/47cdbb52/index.m3u8?q=1756948409977, IPv_Type: ipv6, Location: 美国, ISP: CloudFlare Inc., Date: None, Delay: -1 ms, Speed: 0.00 M/s, Resolution: None
Name: CCTV-1, URL: https://migu.188766.xyz/?migutoken=79e4e1c1bc0ee828a90fb188e8eb348c&id=CCTV1&pp=1, IPv_Type: ipv6, Location: 美国, ISP: CloudFlare Inc., Date: None, Delay: -1 ms, Speed: 0.00 M/s, Resolution: None
Name: CCTV-1, URL: https://migu.188766.xyz/?migutoken=3cef983a69a8eef9eb102e7c257c6961&id=CCTV1&pp=1, IPv_Type: ipv6, Location: 美国, ISP: CloudFlare Inc., Date: None, Delay: -1 ms, Speed: 0.00 M/s, Resolution: None
Name: CCTV-1, URL: https://migu.188766.xyz/?migutoken=741e40cd30ca20ff5b10e49b08c79086&id=CCTV1&type=yy, IPv_Type: ipv6, Location: 美国, ISP: CloudFlare Inc., Date: None, Delay: -1 ms, Speed: 0.00 M/s, Resolution: None
Name: CCTV-1, URL: https://migu.188766.xyz/?migutoken=1b6ed0ad58ca3591d96a2ee4d24ad44f&id=CCTV1&type=yy, IPv_Type: ipv6, Location: 美国, ISP: CloudFlare Inc., Date: None, Delay: -1 ms, Speed: 0.00 M/s, Resolution: None
Name: CCTV-1, URL: https://migu.188766.xyz/?migutoken=741e40cd30ca20ff5b10e49b08c79086&id=CCTV1&type=yy#http://iptv.huuc.edu.cn/hls/cctv1hd.m3u8, IPv_Type: ipv6, Location: 美国, ISP: CloudFlare Inc., Date: None, Delay: -1 ms, Speed: 0.00 M/s, Resolution: None
Name: CCTV-1, URL: http://gslbmgsplive.miguvideo.com/wd_r2/cctv/cctv1hd/1200/index.m3u8?msisdn=202509190400351d204ca65c514854842edae9e66a8ace&mdspid=&spid=699004&netType=0&sid=2201057821&pid=2028597139&timestamp=20250919040035&Channel_ID=0116_2600000900-99000-201600010010027&ProgramID=608807420&ParentNodeID=-99&assertID=2201057821&client_ip=106.13.250.89&SecurityKey=20250919040035&promotionId=&mvid=2201057821&mcid=500020&playurlVersion=WX-A1-8.9.1-RELEASE&userid=&jmhm=&videocodec=h264&bean=mgspad&tid=android&conFee=0&puData=5a6feea5e49a1c4d863d68a793ea83fd&ddCalcu=d5fae3618f8ae0ee3a957ea4896ad13c648d, IPv_Type: ipv6, Location: 中国, ISP: 中国移动, Date: None, Delay: -1 ms, Speed: 0.00 M/s, Resolution: None
Name: CCTV-1, URL: http://gslbmgsplive.miguvideo.com/wd_r2/cctv/cctv1hd/1200/index.m3u8?msisdn=20250919160034b747423ce4e74b2db97cb94ef2561590&mdspid=&spid=699004&netType=0&sid=2201057821&pid=2028597139&timestamp=20250919160034&Channel_ID=0116_2600000900-99000-201600010010027&ProgramID=608807420&ParentNodeID=-99&assertID=2201057821&client_ip=106.13.250.89&SecurityKey=20250919160034&promotionId=&mvid=2201057821&mcid=500020&playurlVersion=WX-A1-8.9.1-RELEASE&userid=&jmhm=&videocodec=h264&bean=mgspad&tid=android&conFee=0&puData=8582661dc3a852d4774ad2a1f00fb4ba&ddCalcu=a8b5e481b28f600601fd1ca32ad8a5427d74, IPv_Type: ipv6, Location: 中国, ISP: 中国移动, Date: None, Delay: -1 ms, Speed: 0.00 M/s, Resolution: None
Name: CCTV-1, URL: http://gslbmgsplive.miguvideo.com/wd_r2/cctv/cctv1hd/1200/index.m3u8?msisdn=2025092004003842b6d35a7bdc484b998be91bccbe2cb5&mdspid=&spid=699004&netType=0&sid=2201057821&pid=2028597139&timestamp=20250920040038&Channel_ID=0116_2600000900-99000-201600010010027&ProgramID=608807420&ParentNodeID=-99&assertID=2201057821&client_ip=106.13.250.83&SecurityKey=20250920040038&promotionId=&mvid=2201057821&mcid=500020&playurlVersion=WX-A1-8.9.1-RELEASE&userid=&jmhm=&videocodec=h264&bean=mgspad&tid=android&conFee=0&puData=dfe66f3b530196b31a6582027f33a919&ddCalcu=9d1fe9e1a683603ff37b250320815966ab13, IPv_Type: ipv6, Location: 中国, ISP: 中国移动, Date: None, Delay: -1 ms, Speed: 0.00 M/s, Resolution: None
Name: CCTV-1, URL: http://gslbmgsplive.miguvideo.com/wd_r2/cctv/cctv1hd/1200/index.m3u8?msisdn=202509201600327012d1d866b74296b5e9b71716d16697&mdspid=&spid=699004&netType=0&sid=2201057821&pid=2028597139&timestamp=20250920160032&Channel_ID=0116_2600000900-99000-201600010010027&ProgramID=608807420&ParentNodeID=-99&assertID=2201057821&client_ip=106.13.250.90&SecurityKey=20250920160032&promotionId=&mvid=2201057821&mcid=500020&playurlVersion=WX-A1-8.9.1-RELEASE&userid=&jmhm=&videocodec=h264&bean=mgspad&tid=android&conFee=0&puData=c9f8516f08e9f94531a29e3485b50c6c&ddCalcu=cc69ecf2088550b1568f4038ee992fa91435, IPv_Type: ipv6, Location: 中国, ISP: 中国移动, Date: None, Delay: -1 ms, Speed: 0.00 M/s, Resolution: None
Name: CCTV-1, URL: http://gslbmgsplive.miguvideo.com/wd_r2/cctv/cctv1hd/1200/index.m3u8?msisdn=20250921060032d9d2fab93a074c6c91d1cd20a78b3e11&mdspid=&spid=699004&netType=0&sid=2201057821&pid=2028597139&timestamp=20250921060032&Channel_ID=0116_2600000900-99000-201600010010027&ProgramID=608807420&ParentNodeID=-99&assertID=2201057821&client_ip=106.13.250.88&SecurityKey=20250921060032&promotionId=&mvid=2201057821&mcid=500020&playurlVersion=WX-A1-8.9.1-RELEASE&userid=&jmhm=&videocodec=h264&bean=mgspad&tid=android&conFee=0&puData=370c405c39f13cf5a2955b55faba113d&ddCalcu=d337e1021c8a40b0a5fc5359bf51539c2fa5, IPv_Type: ipv6, Location: 中国, ISP: 中国移动, Date: None, Delay: -1 ms, Speed: 0.00 M/s, Resolution: None
Name: CCTV-1, URL: http://gslbmgsplive.miguvideo.com/wd_r2/cctv/cctv1hd/1200/index.m3u8?msisdn=20250921180033879cea50cc184f58a4c317a5970e9504&mdspid=&spid=699004&netType=0&sid=2201057821&pid=2028597139&timestamp=20250921180033&Channel_ID=0116_2600000900-99000-201600010010027&ProgramID=608807420&ParentNodeID=-99&assertID=2201057821&client_ip=106.13.250.89&SecurityKey=20250921180033&promotionId=&mvid=2201057821&mcid=500020&playurlVersion=WX-A1-8.9.1-RELEASE&userid=&jmhm=&videocodec=h264&bean=mgspad&tid=android&conFee=0&puData=54f95483daddb1699e7fd4e416a25ea1&ddCalcu=15a4eef2598250a468134dea4dddfb71e699, IPv_Type: ipv6, Location: 中国, ISP: 中国移动, Date: None, Delay: -1 ms, Speed: 0.00 M/s, Resolution: None
Name: CCTV-1, URL: http://gslbmgsplive.miguvideo.com/wd_r2/cctv/cctv1hd/1200/index.m3u8?msisdn=20250922060027814517393046424f948843d4e1bc3566&mdspid=&spid=699004&netType=0&sid=2201057821&pid=2028597139&timestamp=20250922060027&Channel_ID=0116_2600000900-99000-201600010010027&ProgramID=608807420&ParentNodeID=-99&assertID=2201057821&client_ip=106.13.250.89&SecurityKey=20250922060027&promotionId=&mvid=2201057821&mcid=500020&playurlVersion=WX-A1-8.9.1-RELEASE&userid=&jmhm=&videocodec=h264&bean=mgspad&tid=android&conFee=0&puData=a983b0c94c79cf3039a239a7a5544b17&ddCalcu=7a19eb824384b0505ca974ac97392caf9330, IPv_Type: ipv6, Location: 中国, ISP: 中国移动, Date: None, Delay: -1 ms, Speed: 0.00 M/s, Resolution: None
Name: CCTV-1, URL: http://gslbmgsplive.miguvideo.com/wd_r2/cctv/cctv1hd/1200/index.m3u8?msisdn=20250922180036507f19a31588431ea02e115736b9d35d&mdspid=&spid=699004&netType=0&sid=2201057821&pid=2028597139&timestamp=20250922180036&Channel_ID=0116_2600000900-99000-201600010010027&ProgramID=608807420&ParentNodeID=-99&assertID=2201057821&client_ip=106.13.250.90&SecurityKey=20250922180036&promotionId=&mvid=2201057821&mcid=500020&playurlVersion=WX-A1-8.9.1-RELEASE&userid=&jmhm=&videocodec=h264&bean=mgspad&tid=android&conFee=0&puData=dbd6ef28aaa944ae73410ac2fcda9284&ddCalcu=4d8be2d2968ae0dfc2f82acaaa0914443a7e, IPv_Type: ipv6, Location: 中国, ISP: 中国移动, Date: None, Delay: -1 ms, Speed: 0.00 M/s, Resolution: None
Name: CCTV-1, URL: http://gslbmgsplive.miguvideo.com/wd_r2/cctv/cctv1hd/1200/index.m3u8?msisdn=202509231800318484f31cd294403dbbccc0a8b1c7af29&mdspid=&spid=699004&netType=0&sid=2201057821&pid=2028597139&timestamp=20250923180031&Channel_ID=0116_2600000900-99000-201600010010027&ProgramID=608807420&ParentNodeID=-99&assertID=2201057821&client_ip=106.13.250.88&SecurityKey=20250923180031&promotionId=&mvid=2201057821&mcid=500020&playurlVersion=WX-A1-8.9.1-RELEASE&userid=&jmhm=&videocodec=h264&bean=mgspad&tid=android&conFee=0&puData=123f68e241e4fb60a2a13530dccc9e99&ddCalcu=9192ee329f8c60c8ced204315e341fab26a0, IPv_Type: ipv6, Location: 中国, ISP: 中国移动, Date: None, Delay: -1 ms, Speed: 0.00 M/s, Resolution: None
Name: CCTV-1, URL: http://gslbmgsplive.miguvideo.com/wd_r2/cctv/cctv1hd/1200/index.m3u8?msisdn=20250924040027031facccfa414d338b7ea83358dc7120&mdspid=&spid=699004&netType=0&sid=2201057821&pid=2028597139&timestamp=20250924040027&Channel_ID=0116_2600000900-99000-201600010010027&ProgramID=608807420&ParentNodeID=-99&assertID=2201057821&client_ip=106.13.250.89&SecurityKey=20250924040027&promotionId=&mvid=2201057821&mcid=500020&playurlVersion=WX-A1-8.9.1-RELEASE&userid=&jmhm=&videocodec=h264&bean=mgspad&tid=android&conFee=0&puData=a26a32ee6fa3db3f97d06f2a1fdb6a80&ddCalcu=0a82ea626a8b30d2fe1ea62ffa630ddb739f, IPv_Type: ipv6, Location: 中国, ISP: 中国移动, Date: None, Delay: -1 ms, Speed: 0.00 M/s, Resolution: None
Name: CCTV-1, URL: http://ymz.stkeyu.top:8303/rtp/239.77.1.144:5146, IPv_Type: ipv4, Location: 中国-广东-汕头, ISP: 电信, Date: None, Delay: 908 ms, Speed: 0.87 M/s, Resolution: 1920x1080
Name: CCTV-1, URL: http://58.19.180.108:9981/stream/channelid/1198995092?profile=pass, IPv_Type: ipv4, Location: 中国-湖北-襄阳, ISP: 联通, Date: None, Delay: 466 ms, Speed: 0.14 M/s, Resolution: 1920x1080
Name: CCTV-1, URL: http://ygbh.site/php/bfgd.php?id=488, IPv_Type: ipv4, Location: 美国-加利福尼亚州, ISP: , Date: None, Delay: 10228 ms, Speed: 0.00 M/s, Resolution: None
Name: CCTV-2, URL: http://php.jdshipin.com/TVOD/hljyd.php?id=3221225588, IPv_Type: ipv6, Location: 美国, ISP: CloudFlare Inc., Date: None, Delay: -1 ms, Speed: 0.00 M/s, Resolution: None
Name: CCTV-2, URL: http://goo.bkpcp.top/mg/CCTV2, IPv_Type: ipv6, Location: 美国, ISP: CloudFlare Inc., Date: None, Delay: -1 ms, Speed: 0.00 M/s, Resolution: None
Name: CCTV-2, URL: http://[2409:8087:74f0:22::4]:6410/270000001128/9900000502/index.m3u8, IPv_Type: ipv6, Location: 中国, ISP: 中国移动, Date: None, Delay: -1 ms, Speed: 0.00 M/s, Resolution: None
Name: CCTV-2, URL: http://[2409:8087:3869:8021:1001::e5]:6610/PLTV/88888910/224/3221225643/index.m3u8, IPv_Type: ipv6, Location: 中国, ISP: 中国移动, Date: None, Delay: -1 ms, Speed: 0.00 M/s, Resolution: None
Name: CCTV-2, URL: http://[2409:8087:3869:8021:1001::e5]:6610/PLTV/88888888/224/3221225500/2/index.m3u8, IPv_Type: ipv6, Location: 中国, ISP: 中国移动, Date: None, Delay: -1 ms, Speed: 0.00 M/s, Resolution: None
Name: CCTV-2, URL: http://iptv.huuc.edu.cn/hls/cctv2hd.m3u8, IPv_Type: ipv6, Location: 中国, ISP: 教育网, Date: None, Delay: -1 ms, Speed: 0.00 M/s, Resolution: None
Name: CCTV-2, URL: http://php.jdshipin.com/itv6.php?cid=ystenlive&id=1000000001000023315, IPv_Type: ipv6, Location: 美国, ISP: CloudFlare Inc., Date: None, Delay: -1 ms, Speed: 0.00 M/s, Resolution: None
Name: CCTV-2, URL: http://nas.suntao.online:35455/itv/1000000001000023315.m3u8?cdn=ystenlive, IPv_Type: ipv6, Location: 中国, ISP: 中国联通, Date: None, Delay: -1 ms, Speed: 0.00 M/s, Resolution: None
Name: CCTV-2, URL: http://yc.myds.me:35455/itv/1000000001000023315.m3u8?cdn=ystenlive, IPv_Type: ipv6, Location: 中国, ISP: 中国电信, Date: None, Delay: -1 ms, Speed: 0.00 M/s, Resolution: None
Name: CCTV-2, URL: http://[2409:8087:3869:8021:1001::e5]:6610/PLTV/88888888/224/3221225619/2/index.m3u8, IPv_Type: ipv6, Location: 中国, ISP: 中国移动, Date: None, Delay: -1 ms, Speed: 0.00 M/s, Resolution: None
Name: CCTV-2, URL: http://webmail.axxe.top:4022/rtp/239.3.1.60:8084, IPv_Type: ipv6, Location: 中国, ISP: 中国电信, Date: None, Delay: -1 ms, Speed: 0.00 M/s, Resolution: None
Name: CCTV-2, URL: http://alvin.ergotron.net:8000/udp/239.77.1.158:5146, IPv_Type: ipv6, Location: 中国, ISP: 中国电信, Date: None, Delay: -1 ms, Speed: 0.00 M/s, Resolution: None
Name: CCTV-2, URL: http://hlsbkmgsplive.miguvideo.com/wd_r2/cctv/cctv2hd/1500/index.m3u8?&encrypt=, IPv_Type: ipv6, Location: 中国, ISP: 中国移动, Date: None, Delay: -1 ms, Speed: 0.00 M/s, Resolution: None
Name: CCTV-2, URL: http://wouu.net:9977/udp/239.93.1.23:6000, IPv_Type: ipv6, Location: 保留地址, ISP: 主机之间的链路本地地址, Date: None, Delay: -1 ms, Speed: 0.00 M/s, Resolution: None
Name: CCTV-2, URL: http://lu.wqwqwq.sbs/itv/1000000001000023315.m3u8?cdn=ystenlive, IPv_Type: ipv6, Location: 美国, ISP: CloudFlare Inc., Date: None, Delay: -1 ms, Speed: 0.00 M/s, Resolution: None
Name: CCTV-2, URL: http://free.cnlive.club/channel/47d01112/index.m3u8?q=1755825520002, IPv_Type: ipv6, Location: 美国, ISP: CloudFlare Inc., Date: None, Delay: -1 ms, Speed: 0.00 M/s, Resolution: None
Name: CCTV-2, URL: https://hls-gateway.vpstv.net/streams/476881.m3u8, IPv_Type: ipv6, Location: 美国, ISP: CloudFlare Inc., Date: None, Delay: -1 ms, Speed: 0.00 M/s, Resolution: None
Name: CCTV-2, URL: https://smart.pendy.dpdns.org/Smart.php, IPv_Type: ipv6, Location: 美国, ISP: CloudFlare Inc., Date: None, Delay: -1 ms, Speed: 0.00 M/s, Resolution: None
Name: CCTV-2, URL: https://migu.188766.xyz/?migutoken=bf7cc905ecbeb635c3b127752416d714&id=CCTV2&pp=1, IPv_Type: ipv6, Location: 美国, ISP: CloudFlare Inc., Date: None, Delay: -1 ms, Speed: 0.00 M/s, Resolution: None
Name: CCTV-2, URL: https://migu.188766.xyz/?migutoken=7ca4dd8982587663bdec8e2c4e3090c7&id=CCTV2&pp=1, IPv_Type: ipv6, Location: 美国, ISP: CloudFlare Inc., Date: None, Delay: -1 ms, Speed: 0.00 M/s, Resolution: None
Name: CCTV-2, URL: https://cc06.tv12.xyz/2.m3u8, IPv_Type: ipv6, Location: 美国, ISP: CloudFlare Inc., Date: None, Delay: -1 ms, Speed: 0.00 M/s, Resolution: None
Name: CCTV-2, URL: https://migu.188766.xyz/?migutoken=f690b72b77d5d60b34b990d7818bbcdc&id=CCTV2&pp=1, IPv_Type: ipv6, Location: 美国, ISP: CloudFlare Inc., Date: None, Delay: -1 ms, Speed: 0.00 M/s, Resolution: None
Name: CCTV-2, URL: https://migu.188766.xyz/?migutoken=58b9b2d5574ae6a66271fbce26cf0914&id=CCTV2&pp=1, IPv_Type: ipv6, Location: 美国, ISP: CloudFlare Inc., Date: None, Delay: -1 ms, Speed: 0.00 M/s, Resolution: None
Name: CCTV-2, URL: https://migu.188766.xyz/?migutoken=afdcb2dde8c3e2d7944e11eb31c947cb&id=CCTV2&pp=1, IPv_Type: ipv6, Location: 美国, ISP: CloudFlare Inc., Date: None, Delay: -1 ms, Speed: 0.00 M/s, Resolution: None
Name: CCTV-2, URL: https://migu.188766.xyz/?migutoken=51cb38918782ce8b606d7193d87d8178&id=CCTV2&pp=1, IPv_Type: ipv6, Location: 美国, ISP: CloudFlare Inc., Date: None, Delay: -1 ms, Speed: 0.00 M/s, Resolution: None
Name: CCTV-2, URL: https://migu.188766.xyz/?migutoken=ad18068988dbc4e51ef955b2d8dd08c0&id=CCTV2&type=yy, IPv_Type: ipv6, Location: 美国, ISP: CloudFlare Inc., Date: None, Delay: -1 ms, Speed: 0.00 M/s, Resolution: None
Name: CCTV-2, URL: https://migu.188766.xyz/?migutoken=9f43808c35007612952d95a63a7c3727&id=CCTV2&type=yy, IPv_Type: ipv6, Location: 美国, ISP: CloudFlare Inc., Date: None, Delay: -1 ms, Speed: 0.00 M/s, Resolution: None
Name: CCTV-2, URL: https://migu.188766.xyz/?migutoken=1c8482cb13ea6805eeabdc678505c999&id=CCTV2&type=yy, IPv_Type: ipv6, Location: 美国, ISP: CloudFlare Inc., Date: None, Delay: -1 ms, Speed: 0.00 M/s, Resolution: None
Name: CCTV-2, URL: http://gslbmgsplive.miguvideo.com/wd_r2/cctv/cctv2hd/1500/index.m3u8?msisdn=20250919040035fdcdb188c7654f77959d79ef394b8834&mdspid=&spid=699004&netType=0&sid=5500346945&pid=2028597139&timestamp=20250919040035&Channel_ID=0116_2600000900-99000-201600010010027&ProgramID=631780532&ParentNodeID=-99&assertID=5500346945&client_ip=106.13.250.89&SecurityKey=20250919040035&promotionId=&mvid=5101064231&mcid=500020&playurlVersion=WX-A1-8.9.1-RELEASE&userid=&jmhm=&videocodec=h264&bean=mgspad&tid=android&conFee=0&puData=d8a527359aaa798c16aa785117dffbdc&ddCalcu=cdd8eba1f51f20d77315195a8a7aa7a9681c, IPv_Type: ipv6, Location: 中国, ISP: 中国移动, Date: None, Delay: -1 ms, Speed: 0.00 M/s, Resolution: None
Name: CCTV-2, URL: http://gslbmgsplive.miguvideo.com/wd_r2/cctv/cctv2hd/1500/index.m3u8?msisdn=20250919160034157ff242287b4a23bfeaacd35cc73e51&mdspid=&spid=699004&netType=0&sid=5500346945&pid=2028597139&timestamp=20250919160034&Channel_ID=0116_2600000900-99000-201600010010027&ProgramID=631780532&ParentNodeID=-99&assertID=5500346945&client_ip=106.13.250.89&SecurityKey=20250919160034&promotionId=&mvid=5101064231&mcid=500020&playurlVersion=WX-A1-8.9.1-RELEASE&userid=&jmhm=&videocodec=h264&bean=mgspad&tid=android&conFee=0&puData=efd03a21e57172958d68d49679082338&ddCalcu=8e3fe3d12018300a92716e9547d18762d985, IPv_Type: ipv6, Location: 中国, ISP: 中国移动, Date: None, Delay: -1 ms, Speed: 0.00 M/s, Resolution: None
Name: CCTV-2, URL: http://gslbmgsplive.miguvideo.com/wd_r2/cctv/cctv2hd/1500/index.m3u8?msisdn=20250920040038983a09bbcd2b4f628023c9f65be30605&mdspid=&spid=699004&netType=0&sid=5500346945&pid=2028597139&timestamp=20250920040038&Channel_ID=0116_2600000900-99000-201600010010027&ProgramID=631780532&ParentNodeID=-99&assertID=5500346945&client_ip=106.13.250.83&SecurityKey=20250920040038&promotionId=&mvid=5101064231&mcid=500020&playurlVersion=WX-A1-8.9.1-RELEASE&userid=&jmhm=&videocodec=h264&bean=mgspad&tid=android&conFee=0&puData=c92eb43c509bc0da533a72c992ac340a&ddCalcu=ac09e4213e1cb0a4239c95c0297bac303d5a, IPv_Type: ipv6, Location: 中国, ISP: 中国移动, Date: None, Delay: -1 ms, Speed: 0.00 M/s, Resolution: None
Name: CCTV-2, URL: http://gslbmgsplive.miguvideo.com/wd_r2/cctv/cctv2hd/1500/index.m3u8?msisdn=20250920160033779efd35e52b41c9926d21165de20410&mdspid=&spid=699004&netType=0&sid=5500346945&pid=2028597139&timestamp=20250920160033&Channel_ID=0116_2600000900-99000-201600010010027&ProgramID=631780532&ParentNodeID=-99&assertID=5500346945&client_ip=106.13.250.90&SecurityKey=20250920160033&promotionId=&mvid=5101064231&mcid=500020&playurlVersion=WX-A1-8.9.1-RELEASE&userid=&jmhm=&videocodec=h264&bean=mgspad&tid=android&conFee=0&puData=eb7f143d01008c078e327a40b9fb03a6&ddCalcu=6eabe3720f1b10f493bd0041a070283ce087, IPv_Type: ipv6, Location: 中国, ISP: 中国移动, Date: None, Delay: -1 ms, Speed: 0.00 M/s, Resolution: None
Name: CCTV-2, URL: http://gslbmgsplive.miguvideo.com/wd_r2/cctv/cctv2hd/1500/index.m3u8?msisdn=2025092106003391b5391de0084bd5ada5f8b1a28955e2&mdspid=&spid=699004&netType=0&sid=5500346945&pid=2028597139&timestamp=20250921060033&Channel_ID=0116_2600000900-99000-201600010010027&ProgramID=631780532&ParentNodeID=-99&assertID=5500346945&client_ip=106.13.250.88&SecurityKey=20250921060033&promotionId=&mvid=5101064231&mcid=500020&playurlVersion=WX-A1-8.9.1-RELEASE&userid=&jmhm=&videocodec=h264&bean=mgspad&tid=android&conFee=0&puData=ae4fe8a7499238ab22b7ed4fd7fd014b&ddCalcu=ba4ee1420f1de0f87ad7f449d9e273b82a2b, IPv_Type: ipv6, Location: 中国, ISP: 中国移动, Date: None, Delay: -1 ms, Speed: 0.00 M/s, Resolution: None
Name: CCTV-2, URL: http://gslbmgsplive.miguvideo.com/wd_r2/cctv/cctv2hd/1500/index.m3u8?msisdn=20250921180033173bb42aedfe4cb88e29e3ddd6be4405&mdspid=&spid=699004&netType=0&sid=5500346945&pid=2028597139&timestamp=20250921180033&Channel_ID=0116_2600000900-99000-201600010010027&ProgramID=631780532&ParentNodeID=-99&assertID=5500346945&client_ip=106.13.250.89&SecurityKey=20250921180033&promotionId=&mvid=5101064231&mcid=500020&playurlVersion=WX-A1-8.9.1-RELEASE&userid=&jmhm=&videocodec=h264&bean=mgspad&tid=android&conFee=0&puData=0ba52f23def0de37162ccf36f9bdce76&ddCalcu=607beea2c51d20bf92f36d3effc0cd2e6317, IPv_Type: ipv6, Location: 中国, ISP: 中国移动, Date: None, Delay: -1 ms, Speed: 0.00 M/s, Resolution: None
Name: CCTV-2, URL: http://gslbmgsplive.miguvideo.com/wd_r2/cctv/cctv2hd/1500/index.m3u8?msisdn=202509220600289425474cb6d9444bb02ae340c6e9266b&mdspid=&spid=699004&netType=0&sid=5500346945&pid=2028597139&timestamp=20250922060028&Channel_ID=0116_2600000900-99000-201600010010027&ProgramID=631780532&ParentNodeID=-99&assertID=5500346945&client_ip=106.13.250.89&SecurityKey=20250922060028&promotionId=&mvid=5101064231&mcid=500020&playurlVersion=WX-A1-8.9.1-RELEASE&userid=&jmhm=&videocodec=h264&bean=mgspad&tid=android&conFee=0&puData=c0f623c7b3b87b69fe2eb5cbb6437758&ddCalcu=8c50e7f2761320436cb7bbc35bb8e72be6f9, IPv_Type: ipv6, Location: 中国, ISP: 中国移动, Date: None, Delay: -1 ms, Speed: 0.00 M/s, Resolution: None
Name: CCTV-2, URL: http://gslbmgsplive.miguvideo.com/wd_r2/cctv/cctv2hd/1500/index.m3u8?msisdn=2025092218003671dcaea576b647f49736fef609f4dfd2&mdspid=&spid=699004&netType=0&sid=5500346945&pid=2028597139&timestamp=20250922180036&Channel_ID=0116_2600000900-99000-201600010010027&ProgramID=631780532&ParentNodeID=-99&assertID=5500346945&client_ip=106.13.250.90&SecurityKey=20250922180036&promotionId=&mvid=5101064231&mcid=500020&playurlVersion=WX-A1-8.9.1-RELEASE&userid=&jmhm=&videocodec=h264&bean=mgspad&tid=android&conFee=0&puData=071165616cd341f93c2d3fbccbc859c7&ddCalcu=70c7e912511860c5b6c1c6bcfd33d421cf39, IPv_Type: ipv6, Location: 中国, ISP: 中国移动, Date: None, Delay: -1 ms, Speed: 0.00 M/s, Resolution: None
Name: CCTV-2, URL: http://gslbmgsplive.miguvideo.com/wd_r2/cctv/cctv2hd/1500/index.m3u8?msisdn=2025092318003155eb54cc1c2c400b934dfdb4624c1673&mdspid=&spid=699004&netType=0&sid=5500346945&pid=2028597139&timestamp=20250923180031&Channel_ID=0116_2600000900-99000-201600010010027&ProgramID=631780532&ParentNodeID=-99&assertID=5500346945&client_ip=106.13.250.88&SecurityKey=20250923180031&promotionId=&mvid=5101064231&mcid=500020&playurlVersion=WX-A1-8.9.1-RELEASE&userid=&jmhm=&videocodec=h264&bean=mgspad&tid=android&conFee=0&puData=b76e2970d2ba4211f9c0e1e4b486c9eb&ddCalcu=bbe7e962ce16208947b04de21bea04c291f1, IPv_Type: ipv6, Location: 中国, ISP: 中国移动, Date: None, Delay: -1 ms, Speed: 0.00 M/s, Resolution: None
Name: CCTV-2, URL: http://gslbmgsplive.miguvideo.com/wd_r2/cctv/cctv2hd/1500/index.m3u8?msisdn=202509240400273be51b76e44f40ab8dbee8db1d19efde&mdspid=&spid=699004&netType=0&sid=5500346945&pid=2028597139&timestamp=20250924040027&Channel_ID=0116_2600000900-99000-201600010010027&ProgramID=631780532&ParentNodeID=-99&assertID=5500346945&client_ip=106.13.250.89&SecurityKey=20250924040027&promotionId=&mvid=5101064231&mcid=500020&playurlVersion=WX-A1-8.9.1-RELEASE&userid=&jmhm=&videocodec=h264&bean=mgspad&tid=android&conFee=0&puData=04c07b3f306e3096916f96016cca3d77&ddCalcu=7074edc2301a70cbc36f1300669ef3601996, IPv_Type: ipv6, Location: 中国, ISP: 中国移动, Date: None, Delay: -1 ms, Speed: 0.00 M/s, Resolution: None
Name: CCTV-2, URL: https://ldocctvwbcdtxy.liveplay.myqcloud.com/ldocctvwbcd/cdrmldcctv2_1_ud.m3u8, IPv_Type: ipv4, Location: 中国-浙江-宁波, ISP: 电信, Date: None, Delay: 1795 ms, Speed: 0.25 M/s, Resolution: 1024x576
Name: CCTV-3, URL: http://php.jdshipin.com/TVOD/hljyd.php?id=3221226021, IPv_Type: ipv6, Location: 美国, ISP: CloudFlare Inc., Date: None, Delay: -1 ms, Speed: 0.00 M/s, Resolution: None
Name: CCTV-3, URL: http://[2409:8087:74f0:22::4]:6410/270000001111/1110000303/index.m3u8, IPv_Type: ipv6, Location: 中国, ISP: 中国移动, Date: None, Delay: -1 ms, Speed: 0.00 M/s, Resolution: None
Name: CCTV-3, URL: http://[2409:8087:3869:8021:1001::e5]:6610/PLTV/88888910/224/3221225634/index.m3u8, IPv_Type: ipv6, Location: 中国, ISP: 中国移动, Date: None, Delay: -1 ms, Speed: 0.00 M/s, Resolution: None
Name: CCTV-3, URL: http://iptv.huuc.edu.cn/hls/cctv3hd.m3u8, IPv_Type: ipv6, Location: 中国, ISP: 教育网, Date: None, Delay: -1 ms, Speed: 0.00 M/s, Resolution: None
Name: CCTV-3, URL: http://php.jdshipin.com/itv6.php?cid=ystenlive&id=1000000001000011218, IPv_Type: ipv6, Location: 美国, ISP: CloudFlare Inc., Date: None, Delay: -1 ms, Speed: 0.00 M/s, Resolution: None
Name: CCTV-3, URL: http://nas.suntao.online:35455/itv/1000000005000265003.m3u8?cdn=ystenlive, IPv_Type: ipv6, Location: 中国, ISP: 中国联通, Date: None, Delay: -1 ms, Speed: 0.00 M/s, Resolution: None
Name: CCTV-3, URL: http://yc.myds.me:35455/itv/1000000005000265003.m3u8?cdn=ystenlive, IPv_Type: ipv6, Location: 中国, ISP: 中国电信, Date: None, Delay: -1 ms, Speed: 0.00 M/s, Resolution: None
Name: CCTV-3, URL: http://13937899.xyz:35455/gaoma/cctv3.m3u8, IPv_Type: ipv6, Location: 中国, ISP: 中国电信, Date: None, Delay: -1 ms, Speed: 0.00 M/s, Resolution: None
Name: CCTV-3, URL: http://zjzcf.synology.me:35455/gaoma/cctv3.m3u8, IPv_Type: ipv6, Location: 中国, ISP: 中国电信, Date: None, Delay: -1 ms, Speed: 0.00 M/s, Resolution: None
Name: CCTV-3, URL: http://rrs01.hw.gmcc.net:8088/PLTV/81/224/3221226720/1.m3u8, IPv_Type: ipv6, Location: 中国, ISP: 中国移动, Date: None, Delay: -1 ms, Speed: 0.00 M/s, Resolution: None
Name: CCTV-3, URL: http://[2409:8087:3869:8021:1001::e5]:6610/PLTV/88888888/224/3221225647/2/index.m3u8, IPv_Type: ipv6, Location: 中国, ISP: 中国移动, Date: None, Delay: -1 ms, Speed: 0.00 M/s, Resolution: None
Name: CCTV-3, URL: http://[2409:8087:3869:8021:1001::e5]:6610/PLTV/88888888/224/3221225634/2/index.m3u8, IPv_Type: ipv6, Location: 中国, ISP: 中国移动, Date: None, Delay: -1 ms, Speed: 0.00 M/s, Resolution: None
Name: CCTV-3, URL: http://[2409:8087:4c0a:22:1::11]:6410/170000001115/UmaiCHAN638727c125355/index.m3u8?AuthInfo=9kOOdBn7MFF%2F2bWjKgahUSPTZ4CK5oLfjaEYe9dogNMUNNEYLCPUtKY62j1Wp5u04wipypKUQ1TTuR2lXvBl5YpHqBJmlA19x22TD9bUOjk, IPv_Type: ipv6, Location: 中国, ISP: 中国移动, Date: None, Delay: -1 ms, Speed: 0.00 M/s, Resolution: None
Name: CCTV-3, URL: http://[2409:8087:1a01:df::4041]:80/TVOD/88888888/224/3221225799/main.m3u8, IPv_Type: ipv6, Location: 中国, ISP: 中国移动, Date: None, Delay: -1 ms, Speed: 0.00 M/s, Resolution: None
Name: CCTV-3, URL: http://webmail.axxe.top:4022/rtp/239.3.1.172:8001, IPv_Type: ipv6, Location: 中国, ISP: 中国电信, Date: None, Delay: -1 ms, Speed: 0.00 M/s, Resolution: None
Name: CCTV-3, URL: http://alvin.ergotron.net:8000/udp/239.77.0.169:5146, IPv_Type: ipv6, Location: 中国, ISP: 中国电信, Date: None, Delay: -1 ms, Speed: 0.00 M/s, Resolution: None
Name: CCTV-3, URL: http://wouu.net:9977/udp/239.93.1.11:2223, IPv_Type: ipv6, Location: 保留地址, ISP: 主机之间的链路本地地址, Date: None, Delay: -1 ms, Speed: 0.00 M/s, Resolution: None
Name: CCTV-3, URL: http://lu.wqwqwq.sbs/itv/1000000005000265003.m3u8?cdn=ystenlive, IPv_Type: ipv6, Location: 美国, ISP: CloudFlare Inc., Date: None, Delay: -1 ms, Speed: 0.00 M/s, Resolution: None
Name: CCTV-3, URL: https://hls-gateway.vpstv.net/streams/476883.m3u8, IPv_Type: ipv6, Location: 美国, ISP: CloudFlare Inc., Date: None, Delay: -1 ms, Speed: 0.00 M/s, Resolution: None
Name: CCTV-3, URL: https://migu.188766.xyz/?migutoken=e6188a74caa9c7e1abdd007d3c80e001&id=CCTV3&pp=1, IPv_Type: ipv6, Location: 美国, ISP: CloudFlare Inc., Date: None, Delay: -1 ms, Speed: 0.00 M/s, Resolution: None
Name: CCTV-3, URL: https://smart.pendy.dpdns.org/Smart.php, IPv_Type: ipv6, Location: 美国, ISP: CloudFlare Inc., Date: None, Delay: -1 ms, Speed: 0.00 M/s, Resolution: None
Name: CCTV-3, URL: https://migu.188766.xyz/?migutoken=fb6855a89c1b2291db2b9899126776ba&id=CCTV3&pp=1, IPv_Type: ipv6, Location: 美国, ISP: CloudFlare Inc., Date: None, Delay: -1 ms, Speed: 0.00 M/s, Resolution: None
Name: CCTV-3, URL: http://free.cnlive.club/channel/47ced282/index.m3u8?q=1755825520002, IPv_Type: ipv6, Location: 美国, ISP: CloudFlare Inc., Date: None, Delay: -1 ms, Speed: 0.00 M/s, Resolution: None
Name: CCTV-3, URL: https://migu.188766.xyz/?migutoken=44aa81caabd6c6c7db1c650728690b4f&id=CCTV3&pp=1, IPv_Type: ipv6, Location: 美国, ISP: CloudFlare Inc., Date: None, Delay: -1 ms, Speed: 0.00 M/s, Resolution: None
Name: CCTV-3, URL: https://smart.pendy.dpdns.org/Smart.php?id=cctv3, IPv_Type: ipv6, Location: 美国, ISP: CloudFlare Inc., Date: None, Delay: -1 ms, Speed: 0.00 M/s, Resolution: None
Name: CCTV-3, URL: https://migu.188766.xyz/?migutoken=6976b95d30b13ac851d45ef16c37d330&id=CCTV3&pp=1, IPv_Type: ipv6, Location: 美国, ISP: CloudFlare Inc., Date: None, Delay: -1 ms, Speed: 0.00 M/s, Resolution: None
Name: CCTV-3, URL: https://migu.188766.xyz/?migutoken=bf3ee022764a084a05111476c70bbc51&id=CCTV3&pp=1, IPv_Type: ipv6, Location: 美国, ISP: CloudFlare Inc., Date: None, Delay: -1 ms, Speed: 0.00 M/s, Resolution: None
Name: CCTV-3, URL: https://migu.188766.xyz/?migutoken=0b7df87367b5556c33fad2bfca554451&id=CCTV3&pp=1, IPv_Type: ipv6, Location: 美国, ISP: CloudFlare Inc., Date: None, Delay: -1 ms, Speed: 0.00 M/s, Resolution: None
Name: CCTV-3, URL: https://cc06.tv12.xyz/3.m3u8, IPv_Type: ipv6, Location: 美国, ISP: CloudFlare Inc., Date: None, Delay: -1 ms, Speed: 0.00 M/s, Resolution: None
Name: CCTV-3, URL: https://migu.188766.xyz/?migutoken=8d7819d7cf8a8042766c02aac3080b90&id=CCTV3&pp=1, IPv_Type: ipv6, Location: 美国, ISP: CloudFlare Inc., Date: None, Delay: -1 ms, Speed: 0.00 M/s, Resolution: None
Name: CCTV-3, URL: https://migu.188766.xyz/?migutoken=8f518c43f70788019affb197c89e25b4&id=CCTV3&pp=1, IPv_Type: ipv6, Location: 美国, ISP: CloudFlare Inc., Date: None, Delay: -1 ms, Speed: 0.00 M/s, Resolution: None
Name: CCTV-3, URL: https://migu.188766.xyz/?migutoken=4f814b32b1759b37e486ca34ecb258b0&id=CCTV3&type=yy, IPv_Type: ipv6, Location: 美国, ISP: CloudFlare Inc., Date: None, Delay: -1 ms, Speed: 0.00 M/s, Resolution: None
Name: CCTV-3, URL: https://migu.188766.xyz/?migutoken=9e372cf27192936073a0a7af722a07fa&id=CCTV3&type=yy, IPv_Type: ipv6, Location: 美国, ISP: CloudFlare Inc., Date: None, Delay: -1 ms, Speed: 0.00 M/s, Resolution: None
Name: CCTV-3, URL: https://migu.188766.xyz/?migutoken=191f4622eaa231476e99042ad6d39612&id=CCTV3&type=yy, IPv_Type: ipv6, Location: 美国, ISP: CloudFlare Inc., Date: None, Delay: -1 ms, Speed: 0.00 M/s, Resolution: None
Name: CCTV-3, URL: https://migu.188766.xyz/?migutoken=7864503c15da78bd4bcd1ff173388280&id=CCTV3&type=yy, IPv_Type: ipv6, Location: 美国, ISP: CloudFlare Inc., Date: None, Delay: -1 ms, Speed: 0.00 M/s, Resolution: None
Name: CCTV-3, URL: https://migu.188766.xyz/?migutoken=0bda11fdb38ad79c0624bc9667742531&id=CCTV3&type=yy, IPv_Type: ipv6, Location: 美国, ISP: CloudFlare Inc., Date: None, Delay: -1 ms, Speed: 0.00 M/s, Resolution: None
Name: CCTV-3, URL: http://gslbmgsplive.miguvideo.com/wd_r2/2018/ocn/cctv3hd/2000/index.m3u8?msisdn=20250919040035e8b3f6eb3e9b408a9317535edd04e6dd&mdspid=&spid=699004&netType=0&sid=5500212864&pid=2028597139&timestamp=20250919040035&Channel_ID=0116_2600000900-99000-201600010010027&ProgramID=624878271&ParentNodeID=-99&assertID=5500212864&client_ip=106.13.250.89&SecurityKey=20250919040035&promotionId=&mvid=5100001683&mcid=500020&playurlVersion=WX-A1-8.9.1-RELEASE&userid=&jmhm=&videocodec=h264&bean=mgspad&tid=android&conFee=0&puData=7e9a1b7a7350f2e8962b1d13a9983eb5&ddCalcu=57beee913a48109b97aa3713d510bf226e98, IPv_Type: ipv6, Location: 中国, ISP: 中国移动, Date: None, Delay: -1 ms, Speed: 0.00 M/s, Resolution: None
Name: CCTV-3, URL: http://gslbmgsplive.miguvideo.com/wd_r2/2018/ocn/cctv3hd/2000/index.m3u8?msisdn=2025091916003409d51f2c891a4a7db9d203493e19407d&mdspid=&spid=699004&netType=0&sid=5500212864&pid=2028597139&timestamp=20250919160034&Channel_ID=0116_2600000900-99000-201600010010027&ProgramID=624878271&ParentNodeID=-99&assertID=5500212864&client_ip=106.13.250.89&SecurityKey=20250919160034&promotionId=&mvid=5100001683&mcid=500020&playurlVersion=WX-A1-8.9.1-RELEASE&userid=&jmhm=&videocodec=h264&bean=mgspad&tid=android&conFee=0&puData=96af3f4a9d4843142691c7a8382a0b9a&ddCalcu=a996eba10f4a302f843a89ad74c814936124, IPv_Type: ipv6, Location: 中国, ISP: 中国移动, Date: None, Delay: -1 ms, Speed: 0.00 M/s, Resolution: None
Name: CCTV-3, URL: http://gslbmgsplive.miguvideo.com/wd_r2/2018/ocn/cctv3hd/2000/index.m3u8?msisdn=20250920040038b2692fd1b91f4455a331607f255e050a&mdspid=&spid=699004&netType=0&sid=5500212864&pid=2028597139&timestamp=20250920040038&Channel_ID=0116_2600000900-99000-201600010010027&ProgramID=624878271&ParentNodeID=-99&assertID=5500212864&client_ip=106.13.250.83&SecurityKey=20250920040038&promotionId=&mvid=5100001683&mcid=500020&playurlVersion=WX-A1-8.9.1-RELEASE&userid=&jmhm=&videocodec=h264&bean=mgspad&tid=android&conFee=0&puData=1a319af2167ce40bd783144635af224e&ddCalcu=e14ae231214f90aa5f326146471c3e8470db, IPv_Type: ipv6, Location: 中国, ISP: 中国移动, Date: None, Delay: -1 ms, Speed: 0.00 M/s, Resolution: None
Name: CCTV-3, URL: http://gslbmgsplive.miguvideo.com/wd_r2/2018/ocn/cctv3hd/2000/index.m3u8?msisdn=202509201600339a98e259786f461b80314141172db678&mdspid=&spid=699004&netType=0&sid=5500212864&pid=2028597139&timestamp=20250920160033&Channel_ID=0116_2600000900-99000-201600010010027&ProgramID=624878271&ParentNodeID=-99&assertID=5500212864&client_ip=106.13.250.90&SecurityKey=20250920160033&promotionId=&mvid=5100001683&mcid=500020&playurlVersion=WX-A1-8.9.1-RELEASE&userid=&jmhm=&videocodec=h264&bean=mgspad&tid=android&conFee=0&puData=c3dce840459b9203f43e76185bd40795&ddCalcu=5c93e7d20c44e0d8b4508415697be93240f3, IPv_Type: ipv6, Location: 中国, ISP: 中国移动, Date: None, Delay: -1 ms, Speed: 0.00 M/s, Resolution: None
Name: CCTV-3, URL: http://gslbmgsplive.miguvideo.com/wd_r2/2018/ocn/cctv3hd/2000/index.m3u8?msisdn=20250921060033538f81d928524efd93a3e483eabbf4c1&mdspid=&spid=699004&netType=0&sid=5500212864&pid=2028597139&timestamp=20250921060033&Channel_ID=0116_2600000900-99000-201600010010027&ProgramID=624878271&ParentNodeID=-99&assertID=5500212864&client_ip=106.13.250.88&SecurityKey=20250921060033&promotionId=&mvid=5100001683&mcid=500020&playurlVersion=WX-A1-8.9.1-RELEASE&userid=&jmhm=&videocodec=h264&bean=mgspad&tid=android&conFee=0&puData=71bdb78f539139c97c6f8d549fc37dad&ddCalcu=d7a1edb27d43b0c7f89f4553d981f369cc79, IPv_Type: ipv6, Location: 中国, ISP: 中国移动, Date: None, Delay: -1 ms, Speed: 0.00 M/s, Resolution: None
Name: CCTV-3, URL: http://gslbmgsplive.miguvideo.com/wd_r2/2018/ocn/cctv3hd/2000/index.m3u8?msisdn=202509211800337fe506bd71fd446c80f274f425a14d06&mdspid=&spid=699004&netType=0&sid=5500212864&pid=2028597139&timestamp=20250921180033&Channel_ID=0116_2600000900-99000-201600010010027&ProgramID=624878271&ParentNodeID=-99&assertID=5500212864&client_ip=106.13.250.89&SecurityKey=20250921180033&promotionId=&mvid=5100001683&mcid=500020&playurlVersion=WX-A1-8.9.1-RELEASE&userid=&jmhm=&videocodec=h264&bean=mgspad&tid=android&conFee=0&puData=9f30d2863322233f9692065594a02e52&ddCalcu=295fee322040d0a24896535362022293639f, IPv_Type: ipv6, Location: 中国, ISP: 中国移动, Date: None, Delay: -1 ms, Speed: 0.00 M/s, Resolution: None
Name: CCTV-3, URL: http://gslbmgsplive.miguvideo.com/wd_r2/2018/ocn/cctv3hd/2000/index.m3u8?msisdn=20250922060028ccee10f9ea2542fb854bce288ccfdbb8&mdspid=&spid=699004&netType=0&sid=5500212864&pid=2028597139&timestamp=20250922060028&Channel_ID=0116_2600000900-99000-201600010010027&ProgramID=624878271&ParentNodeID=-99&assertID=5500212864&client_ip=106.13.250.89&SecurityKey=20250922060028&promotionId=&mvid=5100001683&mcid=500020&playurlVersion=WX-A1-8.9.1-RELEASE&userid=&jmhm=&videocodec=h264&bean=mgspad&tid=android&conFee=0&puData=a286dcf15eae08bee65533e8619cd2df&ddCalcu=fad2e282d64cd09c1f6185ee3a3e50586bee, IPv_Type: ipv6, Location: 中国, ISP: 中国移动, Date: None, Delay: -1 ms, Speed: 0.00 M/s, Resolution: None
Name: CCTV-3, URL: http://gslbmgsplive.miguvideo.com/wd_r2/2018/ocn/cctv3hd/2000/index.m3u8?msisdn=20250922180036de64273216c04cda904257e5eaf80911&mdspid=&spid=699004&netType=0&sid=5500212864&pid=2028597139&timestamp=20250922180036&Channel_ID=0116_2600000900-99000-201600010010027&ProgramID=624878271&ParentNodeID=-99&assertID=5500212864&client_ip=106.13.250.90&SecurityKey=20250922180036&promotionId=&mvid=5100001683&mcid=500020&playurlVersion=WX-A1-8.9.1-RELEASE&userid=&jmhm=&videocodec=h264&bean=mgspad&tid=android&conFee=0&puData=17b7ccdc8558c0e5dc4e85e101e866f7&ddCalcu=71f7e6b26748c0ec1d0c18e55588ec40ced5, IPv_Type: ipv6, Location: 中国, ISP: 中国移动, Date: None, Delay: -1 ms, Speed: 0.00 M/s, Resolution: None
Name: CCTV-3, URL: http://gslbmgsplive.miguvideo.com/wd_r2/2018/ocn/cctv3hd/2000/index.m3u8?msisdn=20250923180031a3fe2f2e3f5945e284c5b6598ad77755&mdspid=&spid=699004&netType=0&sid=5500212864&pid=2028597139&timestamp=20250923180031&Channel_ID=0116_2600000900-99000-201600010010027&ProgramID=624878271&ParentNodeID=-99&assertID=5500212864&client_ip=106.13.250.88&SecurityKey=20250923180031&promotionId=&mvid=5100001683&mcid=500020&playurlVersion=WX-A1-8.9.1-RELEASE&userid=&jmhm=&videocodec=h264&bean=mgspad&tid=android&conFee=0&puData=3d32ea7e729f60d638743ed698b1c089&ddCalcu=938de032c241e0ba879e67d2e93f46708d36, IPv_Type: ipv6, Location: 中国, ISP: 中国移动, Date: None, Delay: -1 ms, Speed: 0.00 M/s, Resolution: None
Name: CCTV-3, URL: http://gslbmgsplive.miguvideo.com/wd_r2/2018/ocn/cctv3hd/2000/index.m3u8?msisdn=2025092404002768f405e0606b42d095d20268f8f926d5&mdspid=&spid=699004&netType=0&sid=5500212864&pid=2028597139&timestamp=20250924040027&Channel_ID=0116_2600000900-99000-201600010010027&ProgramID=624878271&ParentNodeID=-99&assertID=5500212864&client_ip=106.13.250.89&SecurityKey=20250924040027&promotionId=&mvid=5100001683&mcid=500020&playurlVersion=WX-A1-8.9.1-RELEASE&userid=&jmhm=&videocodec=h264&bean=mgspad&tid=android&conFee=0&puData=7d885316318ec42c29f8e5a876e497ec&ddCalcu=c7ede782984450e3617683a158ee8cf4922c, IPv_Type: ipv6, Location: 中国, ISP: 中国移动, Date: None, Delay: -1 ms, Speed: 0.00 M/s, Resolution: None
Name: CCTV-3, URL: https://player.cntv.cn/standard/live_HLSDRM20180524.swf?tai=cctv3&ChannelID=cctv3&videoTVChannel=cctv3&P2PChannelID=pd://cctv_p2p_cctv3, IPv_Type: ipv4, Location: 美国-加利福尼亚州-圣克拉拉, ISP: 网宿CDN节点, Date: None, Delay: 4 ms, Speed: 44.89 M/s, Resolution: 19x24
Name: CCTV-3, URL: https://ldocctvwbcdtxy.liveplay.myqcloud.com/ldocctvwbcd/cdrmldcctv3_1/index.m3u8?b=200-1200, IPv_Type: ipv4, Location: 中国-浙江-宁波, ISP: 电信, Date: None, Delay: 1772 ms, Speed: 0.28 M/s, Resolution: 960x540
Name: CCTV-3, URL: http://ygbh.site/php/bfgd.php?id=062, IPv_Type: ipv4, Location: 美国-加利福尼亚州, ISP: , Date: None, Delay: 10080 ms, Speed: 0.00 M/s, Resolution: None
Name: CCTV-4, URL: http://php.jdshipin.com/TVOD/hljyd.php?id=3221226428, IPv_Type: ipv6, Location: 美国, ISP: CloudFlare Inc., Date: None, Delay: -1 ms, Speed: 0.00 M/s, Resolution: None
Name: CCTV-4, URL: http://z.b.bkpcp.top/m.php?id=CCTV-4国际, IPv_Type: ipv6, Location: 美国, ISP: CloudFlare Inc., Date: None, Delay: -1 ms, Speed: 0.00 M/s, Resolution: None
Name: CCTV-4, URL: http://[2409:8087:74f0:22::4]:6410/270000001128/9900000503/index.m3u8, IPv_Type: ipv6, Location: 中国, ISP: 中国移动, Date: None, Delay: -1 ms, Speed: 0.00 M/s, Resolution: None
Name: CCTV-4, URL: http://[2409:8087:3869:8021:1001::e5]:6610/PLTV/88888910/224/3221225621/index.m3u8, IPv_Type: ipv6, Location: 中国, ISP: 中国移动, Date: None, Delay: -1 ms, Speed: 0.00 M/s, Resolution: None
Name: CCTV-4, URL: http://[2409:8087:3869:8021:1001::e5]:6610/PLTV/88888888/224/3221225621/2/index.m3u8, IPv_Type: ipv6, Location: 中国, ISP: 中国移动, Date: None, Delay: -1 ms, Speed: 0.00 M/s, Resolution: None
Name: CCTV-4, URL: http://iptv.huuc.edu.cn/hls/cctv4hd.m3u8, IPv_Type: ipv6, Location: 中国, ISP: 教育网, Date: None, Delay: -1 ms, Speed: 0.00 M/s, Resolution: None
Name: CCTV-4, URL: http://php.jdshipin.com/itv6.php?cid=ystenlive&id=1000000002000031664, IPv_Type: ipv6, Location: 美国, ISP: CloudFlare Inc., Date: None, Delay: -1 ms, Speed: 0.00 M/s, Resolution: None
Name: CCTV-4, URL: http://nas.suntao.online:35455/itv/1000000005000265004.m3u8?cdn=ystenlive, IPv_Type: ipv6, Location: 中国, ISP: 中国联通, Date: None, Delay: -1 ms, Speed: 0.00 M/s, Resolution: None
Name: CCTV-4, URL: http://yc.myds.me:35455/itv/1000000005000265004.m3u8?cdn=ystenlive, IPv_Type: ipv6, Location: 中国, ISP: 中国电信, Date: None, Delay: -1 ms, Speed: 0.00 M/s, Resolution: None
Name: CCTV-4, URL: http://rrs01.hw.gmcc.net:8088/PLTV/81/224/3221226725/1.m3u8, IPv_Type: ipv6, Location: 中国, ISP: 中国移动, Date: None, Delay: -1 ms, Speed: 0.00 M/s, Resolution: None
Name: CCTV-4, URL: http://[2409:8087:4c0a:22:1::11]:6410/170000001115/UmaiCHAN5000037BESTVSMGSMG/index.m3u8?AuthInfo=9kOOdBn7MFF%2F2bWjKgahUSpr1AVNI633ampcuzdN%2BfH0ZQXwaiVktPr6ILPKXqwOUC2ZXft7ZULN6h9qLQPFOTSlVTfophiKaMb8h1kPV74, IPv_Type: ipv6, Location: 中国, ISP: 中国移动, Date: None, Delay: -1 ms, Speed: 0.00 M/s, Resolution: None
Name: CCTV-4, URL: http://[2409:8087:2001:20:2800:0:df6e:eb21]:80/PLTV/1/224/3221231032/1.m3u8, IPv_Type: ipv6, Location: 中国, ISP: 中国移动, Date: None, Delay: -1 ms, Speed: 0.00 M/s, Resolution: None
Name: CCTV-4, URL: http://lu.wqwqwq.sbs/itv/1000000005000265004.m3u8?cdn=ystenlive, IPv_Type: ipv6, Location: 美国, ISP: CloudFlare Inc., Date: None, Delay: -1 ms, Speed: 0.00 M/s, Resolution: None
Name: CCTV-4, URL: http://alvin.ergotron.net:8000/udp/239.77.1.163:5146, IPv_Type: ipv6, Location: 中国, ISP: 中国电信, Date: None, Delay: -1 ms, Speed: 0.00 M/s, Resolution: None
Name: CCTV-4, URL: http://wouu.net:9977/udp/239.93.1.105:5140, IPv_Type: ipv6, Location: 保留地址, ISP: 主机之间的链路本地地址, Date: None, Delay: -1 ms, Speed: 0.00 M/s, Resolution: None
Name: CCTV-4, URL: https://hls-gateway.vpstv.net/streams/476884.m3u8, IPv_Type: ipv6, Location: 美国, ISP: CloudFlare Inc., Date: None, Delay: -1 ms, Speed: 0.00 M/s, Resolution: None
Name: CCTV-4, URL: https://smart.pendy.dpdns.org/Smart.php, IPv_Type: ipv6, Location: 美国, ISP: CloudFlare Inc., Date: None, Delay: -1 ms, Speed: 0.00 M/s, Resolution: None
Name: CCTV-4, URL: https://migu.188766.xyz/?migutoken=6590cb95de5e54363e557ee18cf9d1ab&id=CCTV4&pp=1, IPv_Type: ipv6, Location: 美国, ISP: CloudFlare Inc., Date: None, Delay: -1 ms, Speed: 0.00 M/s, Resolution: None
Name: CCTV-4, URL: https://migu.188766.xyz/?migutoken=aaea657c19c824b119d1df3d46cdffae&id=CCTV4%E6%AC%A7%E6%B4%B2&type=yy, IPv_Type: ipv6, Location: 美国, ISP: CloudFlare Inc., Date: None, Delay: -1 ms, Speed: 0.00 M/s, Resolution: None
Name: CCTV-4, URL: https://migu.188766.xyz/?migutoken=4f423387c95dc9dfbf2bccef41be3486&id=CCTV4&pp=1, IPv_Type: ipv6, Location: 美国, ISP: CloudFlare Inc., Date: None, Delay: -1 ms, Speed: 0.00 M/s, Resolution: None
Name: CCTV-4, URL: https://migu.188766.xyz/?migutoken=8552cc6406bf85a8f04f1f919f19ce48&id=CCTV4&pp=1, IPv_Type: ipv6, Location: 美国, ISP: CloudFlare Inc., Date: None, Delay: -1 ms, Speed: 0.00 M/s, Resolution: None
Name: CCTV-4, URL: https://migu.188766.xyz/?migutoken=32b8e15de8519bf06dc90aad6309e3b9&id=CCTV4&pp=1, IPv_Type: ipv6, Location: 美国, ISP: CloudFlare Inc., Date: None, Delay: -1 ms, Speed: 0.00 M/s, Resolution: None
Name: CCTV-4, URL: http://free.cnlive.club/channel/7a879c85/index.m3u8?q=1754617188750, IPv_Type: ipv6, Location: 美国, ISP: CloudFlare Inc., Date: None, Delay: -1 ms, Speed: 0.00 M/s, Resolution: None
Name: CCTV-4, URL: https://migu.188766.xyz/?migutoken=528c1fbd5662a3b5e664a68200b3f7dd&id=CCTV4&pp=1, IPv_Type: ipv6, Location: 美国, ISP: CloudFlare Inc., Date: None, Delay: -1 ms, Speed: 0.00 M/s, Resolution: None
Name: CCTV-4, URL: http://free.cnlive.club/channel/7a879c85/index.m3u8?q=1755825520002, IPv_Type: ipv6, Location: 美国, ISP: CloudFlare Inc., Date: None, Delay: -1 ms, Speed: 0.00 M/s, Resolution: None
Name: CCTV-4, URL: https://migu.188766.xyz/?migutoken=58064ef34c5054d61e0f002ef56d1116&id=CCTV4%E7%BE%8E%E6%B4%B2&type=yy, IPv_Type: ipv6, Location: 美国, ISP: CloudFlare Inc., Date: None, Delay: -1 ms, Speed: 0.00 M/s, Resolution: None
Name: CCTV-4, URL: https://migu.188766.xyz/?migutoken=4e471f9e1cc704e69393abd3d9a81f60&id=CCTV4&pp=1, IPv_Type: ipv6, Location: 美国, ISP: CloudFlare Inc., Date: None, Delay: -1 ms, Speed: 0.00 M/s, Resolution: None
Name: CCTV-4, URL: https://smart.pendy.dpdns.org/Smart.php?id=cctv4, IPv_Type: ipv6, Location: 美国, ISP: CloudFlare Inc., Date: None, Delay: -1 ms, Speed: 0.00 M/s, Resolution: None
Name: CCTV-4, URL: https://migu.188766.xyz/?migutoken=388b717fa700dba6b6e72a9c5c7f78b6&id=CCTV4&pp=1, IPv_Type: ipv6, Location: 美国, ISP: CloudFlare Inc., Date: None, Delay: -1 ms, Speed: 0.00 M/s, Resolution: None
Name: CCTV-4, URL: https://migu.188766.xyz/?migutoken=74ffdfbf7119cbe24d0e0d768f62ed60&id=CCTV4%E6%AC%A7%E6%B4%B2&type=yy, IPv_Type: ipv6, Location: 美国, ISP: CloudFlare Inc., Date: None, Delay: -1 ms, Speed: 0.00 M/s, Resolution: None
Name: CCTV-4, URL: https://cc06.tv12.xyz/4.m3u8, IPv_Type: ipv6, Location: 美国, ISP: CloudFlare Inc., Date: None, Delay: -1 ms, Speed: 0.00 M/s, Resolution: None
Name: CCTV-4, URL: https://migu.188766.xyz/?migutoken=1779942e4c41e8381822689321090f06&id=CCTV4&pp=1, IPv_Type: ipv6, Location: 美国, ISP: CloudFlare Inc., Date: None, Delay: -1 ms, Speed: 0.00 M/s, Resolution: None
Name: CCTV-4, URL: https://migu.188766.xyz/?migutoken=7576d69cbcc5e47c6efaf28122545bad&id=CCTV4&pp=1, IPv_Type: ipv6, Location: 美国, ISP: CloudFlare Inc., Date: None, Delay: -1 ms, Speed: 0.00 M/s, Resolution: None
Name: CCTV-4, URL: https://migu.188766.xyz/?migutoken=1a8d60886c971b014b7f0088b9411815&id=CCTV4&type=yy, IPv_Type: ipv6, Location: 美国, ISP: CloudFlare Inc., Date: None, Delay: -1 ms, Speed: 0.00 M/s, Resolution: None
Name: CCTV-4, URL: https://migu.188766.xyz/?migutoken=d166db557160bd9b83449e66420274d5&id=CCTV4&type=yy, IPv_Type: ipv6, Location: 美国, ISP: CloudFlare Inc., Date: None, Delay: -1 ms, Speed: 0.00 M/s, Resolution: None
Name: CCTV-4, URL: https://migu.188766.xyz/?migutoken=70a2a5ae9e5a06c6ca70f4eaf92b205f&id=CCTV4%E6%AC%A7%E6%B4%B2&type=yy#https://migu.188766.xyz/?migutoken=3d802213eab2a75785cb2ca72b1e6312&id=CCTV4%E7%BE%8E%E6%B4%B2&type=yy#http://iptv.huuc.edu.cn/hls/cctv4hd.m3u8, IPv_Type: ipv6, Location: 美国, ISP: CloudFlare Inc., Date: None, Delay: -1 ms, Speed: 0.00 M/s, Resolution: None
Name: CCTV-4, URL: https://migu.188766.xyz/?migutoken=70a2a5ae9e5a06c6ca70f4eaf92b205f&id=CCTV4%E6%AC%A7%E6%B4%B2&type=yy#https://migu.188766.xyz/?migutoken=3d802213eab2a75785cb2ca72b1e6312&id=CCTV4%E7%BE%8E%E6%B4%B2&type=yy#http://iptv.huuc.edu.cn/hls/cctv4hd.m3u8#https://migu.188766.xyz/?migutoken=2efb3affffbcbeb951e9dde7270361ef&id=CCTV4%E6%AC%A7%E6%B4%B2&type=yy#https://migu.188766.xyz/?migutoken=10002c745ccd2c9211fe13bae5113ee2&id=CCTV4%E7%BE%8E%E6%B4%B2&type=yy, IPv_Type: ipv6, Location: 美国, ISP: CloudFlare Inc., Date: None, Delay: -1 ms, Speed: 0.00 M/s, Resolution: None
Name: CCTV-4, URL: https://migu.188766.xyz/?migutoken=cb2bff6497e46f7065c5efce7994fbfb&id=CCTV4&type=yy, IPv_Type: ipv6, Location: 美国, ISP: CloudFlare Inc., Date: None, Delay: -1 ms, Speed: 0.00 M/s, Resolution: None
Name: CCTV-4, URL: https://migu.188766.xyz/?migutoken=08c81532805e35220f1a6d89c0bd6dcc&id=CCTV4&type=yy, IPv_Type: ipv6, Location: 美国, ISP: CloudFlare Inc., Date: None, Delay: -1 ms, Speed: 0.00 M/s, Resolution: None
Name: CCTV-4, URL: https://migu.188766.xyz/?migutoken=10b528fe218de9ba06cf4536a5ac0064&id=CCTV4&type=yy, IPv_Type: ipv6, Location: 美国, ISP: CloudFlare Inc., Date: None, Delay: -1 ms, Speed: 0.00 M/s, Resolution: None
Name: CCTV-4, URL: http://gslbmgsplive.miguvideo.com/wd_r2/cctv/cctv4hd/1500/index.m3u8?msisdn=20250919040035280b3bd78e874963aa5fe67fd624ef7d&mdspid=&spid=699004&netType=0&sid=5500346947&pid=2028597139&timestamp=20250919040035&Channel_ID=0116_2600000900-99000-201600010010027&ProgramID=631780421&ParentNodeID=-99&assertID=5500346947&client_ip=106.13.250.89&SecurityKey=20250919040035&promotionId=&mvid=5101064235&mcid=500020&playurlVersion=WX-A1-8.9.1-RELEASE&userid=&jmhm=&videocodec=h264&bean=mgspad&tid=android&conFee=0&puData=cff0c76b6a85cadbef29fd9e175af20c&ddCalcu=cc0fe2f1f01ac057761be69ad8f59c2afdeb, IPv_Type: ipv6, Location: 中国, ISP: 中国移动, Date: None, Delay: -1 ms, Speed: 0.00 M/s, Resolution: None
Name: CCTV-4, URL: http://gslbmgsplive.miguvideo.com/wd_r2/cctv/cctv4hd/1500/index.m3u8?msisdn=20250919160035325befee7dd64b4ca5ce7871bda9095d&mdspid=&spid=699004&netType=0&sid=5500346947&pid=2028597139&timestamp=20250919160035&Channel_ID=0116_2600000900-99000-201600010010027&ProgramID=631780421&ParentNodeID=-99&assertID=5500346947&client_ip=106.13.250.89&SecurityKey=20250919160035&promotionId=&mvid=5101064235&mcid=500020&playurlVersion=WX-A1-8.9.1-RELEASE&userid=&jmhm=&videocodec=h264&bean=mgspad&tid=android&conFee=0&puData=a6f18ebcbde810d1d3ae040ae694bafd&ddCalcu=daf6eaf1b114809e6becab0d4e08e1a03dd1, IPv_Type: ipv6, Location: 中国, ISP: 中国移动, Date: None, Delay: -1 ms, Speed: 0.00 M/s, Resolution: None
Name: CCTV-4, URL: http://gslbmgsplive.miguvideo.com/wd_r2/cctv/cctv4hd/1500/index.m3u8?msisdn=20250920040038a6962da54b334942ac81fbf645a8b834&mdspid=&spid=699004&netType=0&sid=5500346947&pid=2028597139&timestamp=20250920040038&Channel_ID=0116_2600000900-99000-201600010010027&ProgramID=631780421&ParentNodeID=-99&assertID=5500346947&client_ip=106.13.250.83&SecurityKey=20250920040038&promotionId=&mvid=5101064235&mcid=500020&playurlVersion=WX-A1-8.9.1-RELEASE&userid=&jmhm=&videocodec=h264&bean=mgspad&tid=android&conFee=0&puData=938015ce84bd0a994c53aa60ac45ee3c&ddCalcu=c933ee81e0151045ccae0864abad305ac949, IPv_Type: ipv6, Location: 中国, ISP: 中国移动, Date: None, Delay: -1 ms, Speed: 0.00 M/s, Resolution: None
Name: CCTV-4, URL: http://gslbmgsplive.miguvideo.com/wd_r2/cctv/cctv4hd/1500/index.m3u8?msisdn=20250920160033cfa2c98fc6104a4fb54d75eee4fb6c7c&mdspid=&spid=699004&netType=0&sid=5500346947&pid=2028597139&timestamp=20250920160033&Channel_ID=0116_2600000900-99000-201600010010027&ProgramID=631780421&ParentNodeID=-99&assertID=5500346947&client_ip=106.13.250.90&SecurityKey=20250920160033&promotionId=&mvid=5101064235&mcid=500020&playurlVersion=WX-A1-8.9.1-RELEASE&userid=&jmhm=&videocodec=h264&bean=mgspad&tid=android&conFee=0&puData=da28b9b17d5ed0f51df0afd8bd743bc5&ddCalcu=5dcaeb223814b079dbb187ddf5ae0df0df15, IPv_Type: ipv6, Location: 中国, ISP: 中国移动, Date: None, Delay: -1 ms, Speed: 0.00 M/s, Resolution: None
Name: CCTV-4, URL: http://gslbmgsplive.miguvideo.com/wd_r2/cctv/cctv4hd/1500/index.m3u8?msisdn=202509210600331f9c0f0b29f14a019971cb6d98206c81&mdspid=&spid=699004&netType=0&sid=5500346947&pid=2028597139&timestamp=20250921060033&Channel_ID=0116_2600000900-99000-201600010010027&ProgramID=631780421&ParentNodeID=-99&assertID=5500346947&client_ip=106.13.250.88&SecurityKey=20250921060033&promotionId=&mvid=5101064235&mcid=500020&playurlVersion=WX-A1-8.9.1-RELEASE&userid=&jmhm=&videocodec=h264&bean=mgspad&tid=android&conFee=0&puData=4516cf3c3fae645e058e0d0e07b4bff8&ddCalcu=84f5ef12b614c0bf730ce30fda0ee684550e, IPv_Type: ipv6, Location: 中国, ISP: 中国移动, Date: None, Delay: -1 ms, Speed: 0.00 M/s, Resolution: None
Name: CCTV-4, URL: http://gslbmgsplive.miguvideo.com/wd_r2/cctv/cctv4hd/1500/index.m3u8?msisdn=20250921180033bf437273f70b42ebb95471aaf3ac6dfb&mdspid=&spid=699004&netType=0&sid=5500346947&pid=2028597139&timestamp=20250921180033&Channel_ID=0116_2600000900-99000-201600010010027&ProgramID=631780421&ParentNodeID=-99&assertID=5500346947&client_ip=106.13.250.89&SecurityKey=20250921180033&promotionId=&mvid=5101064235&mcid=500020&playurlVersion=WX-A1-8.9.1-RELEASE&userid=&jmhm=&videocodec=h264&bean=mgspad&tid=android&conFee=0&puData=70b91b0c8b195b898395ae2fe9c35a42&ddCalcu=2740eab2591310cb90ecf82be1a9559b3889, IPv_Type: ipv6, Location: 中国, ISP: 中国移动, Date: None, Delay: -1 ms, Speed: 0.00 M/s, Resolution: None
Name: CCTV-4, URL: http://3501776.xyz:35455/itv/1000000005000265004.m3u8?cdn=ystenlive, IPv_Type: ipv6, Location: 美国, ISP: CloudFlare Inc., Date: None, Delay: -1 ms, Speed: 0.00 M/s, Resolution: None
Name: CCTV-4, URL: http://gslbmgsplive.miguvideo.com/wd_r2/cctv/cctv4hd/1500/index.m3u8?msisdn=20250922060028e40e61ce25bb43bfa791e7e22e43f9ff&mdspid=&spid=699004&netType=0&sid=5500346947&pid=2028597139&timestamp=20250922060028&Channel_ID=0116_2600000900-99000-201600010010027&ProgramID=631780421&ParentNodeID=-99&assertID=5500346947&client_ip=106.13.250.89&SecurityKey=20250922060028&promotionId=&mvid=5101064235&mcid=500020&playurlVersion=WX-A1-8.9.1-RELEASE&userid=&jmhm=&videocodec=h264&bean=mgspad&tid=android&conFee=0&puData=9b4438eb31d3ae631c8f7e451d994186&ddCalcu=698be14244193098de1b5341ed73fa8ec613, IPv_Type: ipv6, Location: 中国, ISP: 中国移动, Date: None, Delay: -1 ms, Speed: 0.00 M/s, Resolution: None
Name: CCTV-4, URL: http://gslbmgsplive.miguvideo.com/wd_r2/cctv/cctv4hd/1500/index.m3u8?msisdn=202509221800376ce2e4616fb643bdbe6b01cd2a0c1251&mdspid=&spid=699004&netType=0&sid=5500346947&pid=2028597139&timestamp=20250922180037&Channel_ID=0116_2600000900-99000-201600010010027&ProgramID=631780421&ParentNodeID=-99&assertID=5500346947&client_ip=106.13.250.90&SecurityKey=20250922180037&promotionId=&mvid=5101064235&mcid=500020&playurlVersion=WX-A1-8.9.1-RELEASE&userid=&jmhm=&videocodec=h264&bean=mgspad&tid=android&conFee=0&puData=249e5de83553c187c8fa0d26967044e0&ddCalcu=02e4e4924e10507d6e986325d503acf188c7, IPv_Type: ipv6, Location: 中国, ISP: 中国移动, Date: None, Delay: -1 ms, Speed: 0.00 M/s, Resolution: None
Name: CCTV-4, URL: http://gslbmgsplive.miguvideo.com/wd_r2/cctv/cctv4hd/1500/index.m3u8?msisdn=202509231800312eb4833765bc4d31a8a4c9b430b6ac85&mdspid=&spid=699004&netType=0&sid=5500346947&pid=2028597139&timestamp=20250923180031&Channel_ID=0116_2600000900-99000-201600010010027&ProgramID=631780421&ParentNodeID=-99&assertID=5500346947&client_ip=106.13.250.88&SecurityKey=20250923180031&promotionId=&mvid=5101064235&mcid=500020&playurlVersion=WX-A1-8.9.1-RELEASE&userid=&jmhm=&videocodec=h264&bean=mgspad&tid=android&conFee=0&puData=3f890102c485b04881fbeba474a81d57&ddCalcu=735fed82191800a140724ca4b8e5bbf01488, IPv_Type: ipv6, Location: 中国, ISP: 中国移动, Date: None, Delay: -1 ms, Speed: 0.00 M/s, Resolution: None
Name: CCTV-4, URL: http://gslbmgsplive.miguvideo.com/wd_r2/cctv/cctv4hd/1500/index.m3u8?msisdn=20250924040028242e4596fd9d47949454098834c5c16a&mdspid=&spid=699004&netType=0&sid=5500346947&pid=2028597139&timestamp=20250924040028&Channel_ID=0116_2600000900-99000-201600010010027&ProgramID=631780421&ParentNodeID=-99&assertID=5500346947&client_ip=106.13.250.89&SecurityKey=20250924040028&promotionId=&mvid=5101064235&mcid=500020&playurlVersion=WX-A1-8.9.1-RELEASE&userid=&jmhm=&videocodec=h264&bean=mgspad&tid=android&conFee=0&puData=c0bbe3589df015dd3cd10a2e06d6d8e1&ddCalcu=1ce0e8b2db16e0d36508e92daf0011d5cd3d, IPv_Type: ipv6, Location: 中国, ISP: 中国移动, Date: None, Delay: -1 ms, Speed: 0.00 M/s, Resolution: None
Name: CCTV-4, URL: https://player.cntv.cn/standard/live_HLSDRM20180524.swf?tai=cctveurope&ChannelID=cctveurope&videoTVChannel=cctveurope&P2PChannelID=pd://cctv_p2p_cctveurope, IPv_Type: ipv4, Location: 美国-加利福尼亚州-圣克拉拉, ISP: 网宿CDN节点, Date: None, Delay: 4 ms, Speed: 44.02 M/s, Resolution: 19x24
Name: CCTV-4, URL: http://player.cntv.cn/standard/live_HLSDRM20180524.swf?v=180.171.5.8.9.6.3.9&ChannelID=cctveurope&videoTVChannel=cctveurope&P2PChannelID=pd://cctv_p2p_cctveurope&tai=cctv1&VideoName=cctv1&channelID=cctveurope, IPv_Type: ipv4, Location: 美国-加利福尼亚州-圣克拉拉, ISP: 网宿CDN节点, Date: None, Delay: 4 ms, Speed: 43.38 M/s, Resolution: 19x24
Name: CCTV-4, URL: https://global.cgtn.cicc.media.caton.cloud/master/cgtn-america.m3u8, IPv_Type: ipv4, Location: 英国, ISP: , Date: None, Delay: 7366 ms, Speed: 0.33 M/s, Resolution: 1920x1080
Name: CCTV-4, URL: http://ygbh.site/php/bfgd.php?id=063, IPv_Type: ipv4, Location: 美国-加利福尼亚州, ISP: , Date: None, Delay: 10792 ms, Speed: 0.00 M/s, Resolution: None
Name: CCTV-5, URL: http://php.jdshipin.com/TVOD/hljyd.php?id=3221226019, IPv_Type: ipv6, Location: 美国, ISP: CloudFlare Inc., Date: None, Delay: -1 ms, Speed: 0.00 M/s, Resolution: None
Name: CCTV-5, URL: http://[2409:8087:74f0:22::4]:6410/270000001111/1110000305/index.m3u8, IPv_Type: ipv6, Location: 中国, ISP: 中国移动, Date: None, Delay: -1 ms, Speed: 0.00 M/s, Resolution: None
Name: CCTV-5, URL: http://[2409:8087:3869:8021:1001::e5]:6610/PLTV/88888910/224/3221225633/index.m3u8, IPv_Type: ipv6, Location: 中国, ISP: 中国移动, Date: None, Delay: -1 ms, Speed: 0.00 M/s, Resolution: None
Name: CCTV-5, URL: http://[2409:8087:2001:20:2800:0:df6e:eb22]/ott.mobaibox.com/PLTV/4/224/3221228502/index.m3u8, IPv_Type: ipv6, Location: 中国, ISP: 中国移动, Date: None, Delay: -1 ms, Speed: 0.00 M/s, Resolution: None
Name: CCTV-5, URL: http://[2409:8087:2001:20:2800:0:df6e:eb21]:80/PLTV/1/224/3221230976/1.m3u8, IPv_Type: ipv6, Location: 中国, ISP: 中国移动, Date: None, Delay: -1 ms, Speed: 0.00 M/s, Resolution: None
Name: CCTV-5, URL: http://iptv.huuc.edu.cn/hls/cctv5hd.m3u8, IPv_Type: ipv6, Location: 中国, ISP: 教育网, Date: None, Delay: -1 ms, Speed: 0.00 M/s, Resolution: None
Name: CCTV-5, URL: http://php.jdshipin.com/itv6.php?cid=ystenlive&id=1000000005000265005, IPv_Type: ipv6, Location: 美国, ISP: CloudFlare Inc., Date: None, Delay: -1 ms, Speed: 0.00 M/s, Resolution: None
Name: CCTV-5, URL: http://nas.suntao.online:35455/itv/1000000005000025222.m3u8?cdn=ystenlive, IPv_Type: ipv6, Location: 中国, ISP: 中国联通, Date: None, Delay: -1 ms, Speed: 0.00 M/s, Resolution: None
Name: CCTV-5, URL: http://yc.myds.me:35455/itv/1000000005000025222.m3u8?cdn=ystenlive, IPv_Type: ipv6, Location: 中国, ISP: 中国电信, Date: None, Delay: -1 ms, Speed: 0.00 M/s, Resolution: None
Name: CCTV-5, URL: http://zjzcf.synology.me:35455/gaoma/cctv5.m3u8, IPv_Type: ipv6, Location: 中国, ISP: 中国电信, Date: None, Delay: -1 ms, Speed: 0.00 M/s, Resolution: None
Name: CCTV-5, URL: http://webmail.axxe.top:4022/rtp/239.3.1.173:8001, IPv_Type: ipv6, Location: 中国, ISP: 中国电信, Date: None, Delay: -1 ms, Speed: 0.00 M/s, Resolution: None
Name: CCTV-5, URL: http://alvin.ergotron.net:8000/udp/239.77.0.170:5146, IPv_Type: ipv6, Location: 中国, ISP: 中国电信, Date: None, Delay: -1 ms, Speed: 0.00 M/s, Resolution: None
Name: CCTV-5, URL: http://wouu.net:9977/udp/239.93.1.36:8004, IPv_Type: ipv6, Location: 保留地址, ISP: 主机之间的链路本地地址, Date: None, Delay: -1 ms, Speed: 0.00 M/s, Resolution: None
Name: CCTV-5, URL: http://lu.wqwqwq.sbs/itv/1000000005000265005.m3u8?cdn=ystenlive, IPv_Type: ipv6, Location: 美国, ISP: CloudFlare Inc., Date: None, Delay: -1 ms, Speed: 0.00 M/s, Resolution: None
Name: CCTV-5, URL: https://hls-gateway.vpstv.net/streams/476885.m3u8, IPv_Type: ipv6, Location: 美国, ISP: CloudFlare Inc., Date: None, Delay: -1 ms, Speed: 0.00 M/s, Resolution: None
Name: CCTV-5, URL: https://smart.pendy.dpdns.org/Smart.php, IPv_Type: ipv6, Location: 美国, ISP: CloudFlare Inc., Date: None, Delay: -1 ms, Speed: 0.00 M/s, Resolution: None
Name: CCTV-5, URL: https://smart.pendy.dpdns.org/Smart.php?id=cctv5, IPv_Type: ipv6, Location: 美国, ISP: CloudFlare Inc., Date: None, Delay: -1 ms, Speed: 0.00 M/s, Resolution: None
Name: CCTV-5, URL: https://migu.188766.xyz/?migutoken=a238b2a182d17c39418d24322f68d70a&id=CCTV5&pp=1, IPv_Type: ipv6, Location: 美国, ISP: CloudFlare Inc., Date: None, Delay: -1 ms, Speed: 0.00 M/s, Resolution: None
Name: CCTV-5, URL: https://migu.188766.xyz/?migutoken=67c729abe548d0b58c31e53cc6da7472&id=CCTV5&pp=1, IPv_Type: ipv6, Location: 美国, ISP: CloudFlare Inc., Date: None, Delay: -1 ms, Speed: 0.00 M/s, Resolution: None
Name: CCTV-5, URL: http://free.cnlive.club/channel/47c9f401/index.m3u8?q=1755825520002, IPv_Type: ipv6, Location: 美国, ISP: CloudFlare Inc., Date: None, Delay: -1 ms, Speed: 0.00 M/s, Resolution: None
Name: CCTV-5, URL: http://free.cnlive.club/channel/n5d959a6c/index.m3u8?q=1755825520002, IPv_Type: ipv6, Location: 美国, ISP: CloudFlare Inc., Date: None, Delay: -1 ms, Speed: 0.00 M/s, Resolution: None
Name: CCTV-5, URL: https://migu.188766.xyz/?migutoken=677d8ac35354642c33727ee617647e15&id=CCTV5&pp=1, IPv_Type: ipv6, Location: 美国, ISP: CloudFlare Inc., Date: None, Delay: -1 ms, Speed: 0.00 M/s, Resolution: None
Name: CCTV-5, URL: http://free.cnlive.club/channel/47c9f401/index.m3u8?q=1756084903216, IPv_Type: ipv6, Location: 美国, ISP: CloudFlare Inc., Date: None, Delay: -1 ms, Speed: 0.00 M/s, Resolution: None
Name: CCTV-5, URL: http://free.cnlive.club/channel/n5d959a6c/index.m3u8?q=1756084903216, IPv_Type: ipv6, Location: 美国, ISP: CloudFlare Inc., Date: None, Delay: -1 ms, Speed: 0.00 M/s, Resolution: None
Name: CCTV-5, URL: http://free.cnlive.club/channel/47c9f401/index.m3u8?q=1756862022054, IPv_Type: ipv6, Location: 美国, ISP: CloudFlare Inc., Date: None, Delay: -1 ms, Speed: 0.00 M/s, Resolution: None
Name: CCTV-5, URL: https://migu.188766.xyz/?migutoken=1e9c3a161201a627f096780f090d83c2&id=CCTV5&pp=1, IPv_Type: ipv6, Location: 美国, ISP: CloudFlare Inc., Date: None, Delay: -1 ms, Speed: 0.00 M/s, Resolution: None
Name: CCTV-5, URL: https://cc06.tv12.xyz/5.m3u8, IPv_Type: ipv6, Location: 美国, ISP: CloudFlare Inc., Date: None, Delay: -1 ms, Speed: 0.00 M/s, Resolution: None
Name: CCTV-5, URL: https://migu.188766.xyz/?migutoken=5bee22cdc4417142983b6456e3d3948b&id=CCTV5&pp=1, IPv_Type: ipv6, Location: 美国, ISP: CloudFlare Inc., Date: None, Delay: -1 ms, Speed: 0.00 M/s, Resolution: None
Name: CCTV-5, URL: http://free.cnlive.club/channel/47c9f401/index.m3u8?q=1756948409977, IPv_Type: ipv6, Location: 美国, ISP: CloudFlare Inc., Date: None, Delay: -1 ms, Speed: 0.00 M/s, Resolution: None
Name: CCTV-5, URL: http://free.cnlive.club/channel/n5d959a6c/index.m3u8?q=1756948409977, IPv_Type: ipv6, Location: 美国, ISP: CloudFlare Inc., Date: None, Delay: -1 ms, Speed: 0.00 M/s, Resolution: None
Name: CCTV-5, URL: http://free.cnlive.club/channel/n5d959a6c/index.m3u8?q=1756862022054, IPv_Type: ipv6, Location: 美国, ISP: CloudFlare Inc., Date: None, Delay: -1 ms, Speed: 0.00 M/s, Resolution: None
Name: CCTV-5, URL: https://migu.188766.xyz/?migutoken=859bc27f64fe0358d5716def692f4f12&id=CCTV5&pp=1, IPv_Type: ipv6, Location: 美国, ISP: CloudFlare Inc., Date: None, Delay: -1 ms, Speed: 0.00 M/s, Resolution: None
Name: CCTV-5, URL: https://migu.188766.xyz/?migutoken=874c6a2d07f98e3220777e64eaf81117&id=CCTV5&type=yy, IPv_Type: ipv6, Location: 美国, ISP: CloudFlare Inc., Date: None, Delay: -1 ms, Speed: 0.00 M/s, Resolution: None
Name: CCTV-5, URL: https://migu.188766.xyz/?migutoken=cb0f8831891e7463c6bbf594fc83f39e&id=CCTV5&type=yy, IPv_Type: ipv6, Location: 美国, ISP: CloudFlare Inc., Date: None, Delay: -1 ms, Speed: 0.00 M/s, Resolution: None
Name: CCTV-5, URL: https://migu.188766.xyz/?migutoken=859bea60b153b7d5f61f698f2242ea7e&id=CCTV5&type=yy, IPv_Type: ipv6, Location: 美国, ISP: CloudFlare Inc., Date: None, Delay: -1 ms, Speed: 0.00 M/s, Resolution: None
Name: CCTV-5, URL: https://migu.188766.xyz/?migutoken=424e84ecf012416e9881ffd6d58290ba&id=CCTV5&type=yy, IPv_Type: ipv6, Location: 美国, ISP: CloudFlare Inc., Date: None, Delay: -1 ms, Speed: 0.00 M/s, Resolution: None
Name: CCTV-5, URL: https://migu.188766.xyz/?migutoken=4e6513876d715dabf5547420dddaa1f2&id=CCTV5&type=yy, IPv_Type: ipv6, Location: 美国, ISP: CloudFlare Inc., Date: None, Delay: -1 ms, Speed: 0.00 M/s, Resolution: None
Name: CCTV-5, URL: http://gslbmgsplive.miguvideo.com/wd_r2/cctv/cctv5hdnew/1200/index.m3u8?msisdn=20250919040036e60d4b058cd248989c2cf1782cd890f2&mdspid=&spid=699004&netType=0&sid=5500516171&pid=2028597139&timestamp=20250919040036&Channel_ID=0116_2600000900-99000-201600010010027&ProgramID=641886683&ParentNodeID=-99&assertID=5500516171&client_ip=106.13.250.89&SecurityKey=20250919040036&promotionId=&mvid=5102048712&mcid=500020&playurlVersion=WX-A1-8.9.1-RELEASE&userid=&jmhm=&videocodec=h264&bean=mgspad&tid=android&conFee=0&puData=819c0f3dfec768b726036f37bc656bac&ddCalcu=c8a1eb916c15006fc3bd7f3efc6736086b27, IPv_Type: ipv6, Location: 中国, ISP: 中国移动, Date: None, Delay: -1 ms, Speed: 0.00 M/s, Resolution: None
Name: CCTV-5, URL: http://gslbmgsplive.miguvideo.com/wd_r2/cctv/cctv5hdnew/1200/index.m3u8?msisdn=202509191600356ecf3fa5e1674abab4686c5849855ff8&mdspid=&spid=699004&netType=0&sid=5500516171&pid=2028597139&timestamp=20250919160035&Channel_ID=0116_2600000900-99000-201600010010027&ProgramID=641886683&ParentNodeID=-99&assertID=5500516171&client_ip=106.13.250.89&SecurityKey=20250919160035&promotionId=&mvid=5102048712&mcid=500020&playurlVersion=WX-A1-8.9.1-RELEASE&userid=&jmhm=&videocodec=h264&bean=mgspad&tid=android&conFee=0&puData=0a2bc044d593b1cf43147e8b659861c8&ddCalcu=80cae1216b18c0905464bd85e9734b113c4f, IPv_Type: ipv6, Location: 中国, ISP: 中国移动, Date: None, Delay: -1 ms, Speed: 0.00 M/s, Resolution: None
Name: CCTV-5, URL: http://gslbmgsplive.miguvideo.com/wd_r2/cctv/cctv5hdnew/1200/index.m3u8?msisdn=202509200400392cee7a2f50cb40ae8e754d463ef7f0ca&mdspid=&spid=699004&netType=0&sid=5500516171&pid=2028597139&timestamp=20250920040039&Channel_ID=0116_2600000900-99000-201600010010027&ProgramID=641886683&ParentNodeID=-99&assertID=5500516171&client_ip=106.13.250.83&SecurityKey=20250920040039&promotionId=&mvid=5102048712&mcid=500020&playurlVersion=WX-A1-8.9.1-RELEASE&userid=&jmhm=&videocodec=h264&bean=mgspad&tid=android&conFee=0&puData=83b3d614fcbe3819f7869aeb8e65c047&ddCalcu=7843e0b1c315d066e184bfecab9e638871f9, IPv_Type: ipv6, Location: 中国, ISP: 中国移动, Date: None, Delay: -1 ms, Speed: 0.00 M/s, Resolution: None
Name: CCTV-5, URL: http://gslbmgsplive.miguvideo.com/wd_r2/cctv/cctv5hdnew/1200/index.m3u8?msisdn=2025092016003387b8768e2efb42f8a06be8aba9d3cc65&mdspid=&spid=699004&netType=0&sid=5500516171&pid=2028597139&timestamp=20250920160033&Channel_ID=0116_2600000900-99000-201600010010027&ProgramID=641886683&ParentNodeID=-99&assertID=5500516171&client_ip=106.13.250.90&SecurityKey=20250920160033&promotionId=&mvid=5102048712&mcid=500020&playurlVersion=WX-A1-8.9.1-RELEASE&userid=&jmhm=&videocodec=h264&bean=mgspad&tid=android&conFee=0&puData=4472dcf58ef384a7506d3ebd85af5dd9&ddCalcu=94d4ed72521fd0ac5f85d8beef33d8640a57, IPv_Type: ipv6, Location: 中国, ISP: 中国移动, Date: None, Delay: -1 ms, Speed: 0.00 M/s, Resolution: None
Name: CCTV-5, URL: http://gslbmgsplive.miguvideo.com/wd_r2/cctv/cctv5hdnew/1200/index.m3u8?msisdn=2025092106003342f2767047454e96a84ae5c4ca353e8b&mdspid=&spid=699004&netType=0&sid=5500516171&pid=2028597139&timestamp=20250921060033&Channel_ID=0116_2600000900-99000-201600010010027&ProgramID=641886683&ParentNodeID=-99&assertID=5500516171&client_ip=106.13.250.88&SecurityKey=20250921060033&promotionId=&mvid=5102048712&mcid=500020&playurlVersion=WX-A1-8.9.1-RELEASE&userid=&jmhm=&videocodec=h264&bean=mgspad&tid=android&conFee=0&puData=361ed980068ffcfea80371d10d5cd44a&ddCalcu=a346e412de1cd059d80010d6187f3f0c8fae, IPv_Type: ipv6, Location: 中国, ISP: 中国移动, Date: None, Delay: -1 ms, Speed: 0.00 M/s, Resolution: None
Name: CCTV-5, URL: http://gslbmgsplive.miguvideo.com/wd_r2/cctv/cctv5hdnew/1200/index.m3u8?msisdn=20250921180033fea6d7af73224181ab77bf90f9d65af1&mdspid=&spid=699004&netType=0&sid=5500516171&pid=2028597139&timestamp=20250921180033&Channel_ID=0116_2600000900-99000-201600010010027&ProgramID=641886683&ParentNodeID=-99&assertID=5500516171&client_ip=106.13.250.89&SecurityKey=20250921180033&promotionId=&mvid=5102048712&mcid=500020&playurlVersion=WX-A1-8.9.1-RELEASE&userid=&jmhm=&videocodec=h264&bean=mgspad&tid=android&conFee=0&puData=c9bfae5ca85defba792ad09621fb7397&ddCalcu=7c99e3b27f1ba0fe152c6a9805ddae2f9b7a, IPv_Type: ipv6, Location: 中国, ISP: 中国移动, Date: None, Delay: -1 ms, Speed: 0.00 M/s, Resolution: None
Name: CCTV-5, URL: http://gslbmgsplive.miguvideo.com/wd_r2/cctv/cctv5hdnew/1200/index.m3u8?msisdn=2025092206002858cf2cfa568c4adda4a59bd9d47aa883&mdspid=&spid=699004&netType=0&sid=5500516171&pid=2028597139&timestamp=20250922060028&Channel_ID=0116_2600000900-99000-201600010010027&ProgramID=641886683&ParentNodeID=-99&assertID=5500516171&client_ip=106.13.250.89&SecurityKey=20250922060028&promotionId=&mvid=5102048712&mcid=500020&playurlVersion=WX-A1-8.9.1-RELEASE&userid=&jmhm=&videocodec=h264&bean=mgspad&tid=android&conFee=0&puData=e0cbd494166b3a50e154dd98c925ef3b&ddCalcu=be30efc2eb15d02499c48196d6db435a15e0, IPv_Type: ipv6, Location: 中国, ISP: 中国移动, Date: None, Delay: -1 ms, Speed: 0.00 M/s, Resolution: None
Name: CCTV-5, URL: http://gslbmgsplive.miguvideo.com/wd_r2/cctv/cctv5hdnew/1200/index.m3u8?msisdn=20250922180037e5d60e368efa469ebb5b8c3ca56d61bb&mdspid=&spid=699004&netType=0&sid=5500516171&pid=2028597139&timestamp=20250922180037&Channel_ID=0116_2600000900-99000-201600010010027&ProgramID=641886683&ParentNodeID=-99&assertID=5500516171&client_ip=106.13.250.90&SecurityKey=20250922180037&promotionId=&mvid=5102048712&mcid=500020&playurlVersion=WX-A1-8.9.1-RELEASE&userid=&jmhm=&videocodec=h264&bean=mgspad&tid=android&conFee=0&puData=e60ebd3c5e186f715e1595d3dc190806&ddCalcu=6e06e8020e19b01dc3dc35de5198561fe751, IPv_Type: ipv6, Location: 中国, ISP: 中国移动, Date: None, Delay: -1 ms, Speed: 0.00 M/s, Resolution: None
Name: CCTV-5, URL: http://gslbmgsplive.miguvideo.com/wd_r2/cctv/cctv5hdnew/1200/index.m3u8?msisdn=20250923180031716d8861315f49349ec92cccf558be70&mdspid=&spid=699004&netType=0&sid=5500516171&pid=2028597139&timestamp=20250923180031&Channel_ID=0116_2600000900-99000-201600010010027&ProgramID=641886683&ParentNodeID=-99&assertID=5500516171&client_ip=106.13.250.88&SecurityKey=20250923180031&promotionId=&mvid=5102048712&mcid=500020&playurlVersion=WX-A1-8.9.1-RELEASE&userid=&jmhm=&videocodec=h264&bean=mgspad&tid=android&conFee=0&puData=8d2cfdd4a10b067dfd40847677be54da&ddCalcu=a8dde4225c1ef0bd7d746a71408b0046d7fd, IPv_Type: ipv6, Location: 中国, ISP: 中国移动, Date: None, Delay: -1 ms, Speed: 0.00 M/s, Resolution: None
Name: CCTV-5, URL: http://gslbmgsplive.miguvideo.com/wd_r2/cctv/cctv5hdnew/1200/index.m3u8?msisdn=20250924040028c8c7284f0c3247409bf10bdb07fdd059&mdspid=&spid=699004&netType=0&sid=5500516171&pid=2028597139&timestamp=20250924040028&Channel_ID=0116_2600000900-99000-201600010010027&ProgramID=641886683&ParentNodeID=-99&assertID=5500516171&client_ip=106.13.250.89&SecurityKey=20250924040028&promotionId=&mvid=5102048712&mcid=500020&playurlVersion=WX-A1-8.9.1-RELEASE&userid=&jmhm=&videocodec=h264&bean=mgspad&tid=android&conFee=0&puData=3e9a4f88a3f9a4ca4fe64dd0d681cf90&ddCalcu=039eef92ca11408f68d80ad3df496ae4fc4a, IPv_Type: ipv6, Location: 中国, ISP: 中国移动, Date: None, Delay: -1 ms, Speed: 0.00 M/s, Resolution: None
Name: CCTV-5+, URL: http://php.jdshipin.com/TVOD/hljyd.php?id=3221225603, IPv_Type: ipv6, Location: 美国, ISP: CloudFlare Inc., Date: None, Delay: -1 ms, Speed: 0.00 M/s, Resolution: None
Name: CCTV-5+, URL: http://[2409:8087:74f0:22::4]:6410/270000001111/1110000306/index.m3u8, IPv_Type: ipv6, Location: 中国, ISP: 中国移动, Date: None, Delay: -1 ms, Speed: 0.00 M/s, Resolution: None
Name: CCTV-5+, URL: http://[2409:8087:74f0:22::4]:6410/270000001128/9900000506/index.m3u8, IPv_Type: ipv6, Location: 中国, ISP: 中国移动, Date: None, Delay: -1 ms, Speed: 0.00 M/s, Resolution: None
Name: CCTV-5+, URL: http://[2409:8087:74f0:22::4]:6410/270000001128/9900000507/index.m3u8, IPv_Type: ipv6, Location: 中国, ISP: 中国移动, Date: None, Delay: -1 ms, Speed: 0.00 M/s, Resolution: None
Name: CCTV-5+, URL: http://[2409:8087:3869:8021:1001::e5]:6610/PLTV/88888910/224/3221225706/index.m3u8, IPv_Type: ipv6, Location: 中国, ISP: 中国移动, Date: None, Delay: -1 ms, Speed: 0.00 M/s, Resolution: None
Name: CCTV-5+, URL: http://php.jdshipin.com/itv6.php?cid=ystenlive&id=1000000001000018504, IPv_Type: ipv6, Location: 美国, ISP: CloudFlare Inc., Date: None, Delay: -1 ms, Speed: 0.00 M/s, Resolution: None
Name: CCTV-5+, URL: http://nas.suntao.online:35455/itv/1000000005000265016.m3u8?cdn=ystenlive, IPv_Type: ipv6, Location: 中国, ISP: 中国联通, Date: None, Delay: -1 ms, Speed: 0.00 M/s, Resolution: None
Name: CCTV-5+, URL: http://yc.myds.me:35455/itv/1000000005000265016.m3u8?cdn=ystenlive, IPv_Type: ipv6, Location: 中国, ISP: 中国电信, Date: None, Delay: -1 ms, Speed: 0.00 M/s, Resolution: None
Name: CCTV-5+, URL: http://13937899.xyz:35455/gaoma/cctv5p.m3u8, IPv_Type: ipv6, Location: 中国, ISP: 中国电信, Date: None, Delay: -1 ms, Speed: 0.00 M/s, Resolution: None
Name: CCTV-5+, URL: http://zjzcf.synology.me:35455/gaoma/cctv5p.m3u8, IPv_Type: ipv6, Location: 中国, ISP: 中国电信, Date: None, Delay: -1 ms, Speed: 0.00 M/s, Resolution: None
Name: CCTV-5+, URL: http://rrs01.hw.gmcc.net:8088/PLTV/81/224/3221226711/1.m3u8, IPv_Type: ipv6, Location: 中国, ISP: 中国移动, Date: None, Delay: -1 ms, Speed: 0.00 M/s, Resolution: None
Name: CCTV-5+, URL: http://webmail.axxe.top:4022/rtp/239.3.1.130:8004, IPv_Type: ipv6, Location: 中国, ISP: 中国电信, Date: None, Delay: -1 ms, Speed: 0.00 M/s, Resolution: None
Name: CCTV-5+, URL: http://lu.wqwqwq.sbs/itv/1000000005000265016.m3u8?cdn=ystenlive, IPv_Type: ipv6, Location: 美国, ISP: CloudFlare Inc., Date: None, Delay: -1 ms, Speed: 0.00 M/s, Resolution: None
Name: CCTV-5+, URL: https://hls-gateway.vpstv.net/streams/476888.m3u8, IPv_Type: ipv6, Location: 美国, ISP: CloudFlare Inc., Date: None, Delay: -1 ms, Speed: 0.00 M/s, Resolution: None
Name: CCTV-5+, URL: https://smart.pendy.dpdns.org/Smart.php, IPv_Type: ipv6, Location: 美国, ISP: CloudFlare Inc., Date: None, Delay: -1 ms, Speed: 0.00 M/s, Resolution: None
Name: CCTV-5+, URL: https://smart.pendy.dpdns.org/Smart.php?id=cctv5plus, IPv_Type: ipv6, Location: 美国, ISP: CloudFlare Inc., Date: None, Delay: -1 ms, Speed: 0.00 M/s, Resolution: None
Name: CCTV-5+, URL: http://z.b.bkpcp.top/m.php?id=cctv5p, IPv_Type: ipv6, Location: 美国, ISP: CloudFlare Inc., Date: None, Delay: -1 ms, Speed: 0.00 M/s, Resolution: None
Name: CCTV-5+, URL: https://migu.188766.xyz/?migutoken=b49027b0a59dd1bd7f6e682127c4cfc3&id=CCTV5p&pp=1, IPv_Type: ipv6, Location: 美国, ISP: CloudFlare Inc., Date: None, Delay: -1 ms, Speed: 0.00 M/s, Resolution: None
Name: CCTV-5+, URL: http://live.catvod.com/catvod.php?id=cctv5p, IPv_Type: ipv6, Location: 新加坡, ISP: Aceville Pte.Ltd., Date: None, Delay: -1 ms, Speed: 0.00 M/s, Resolution: None
Name: CCTV-5+, URL: http://free.cnlive.club/channel/n4fd60eb5/index.m3u8?q=1753234122802, IPv_Type: ipv6, Location: 美国, ISP: CloudFlare Inc., Date: None, Delay: -1 ms, Speed: 0.00 M/s, Resolution: None
Name: CCTV-5+, URL: https://migu.188766.xyz/?migutoken=fb96a1a6b9d1956dfdf830ba79e741f1&id=CCTV5p&pp=1, IPv_Type: ipv6, Location: 美国, ISP: CloudFlare Inc., Date: None, Delay: -1 ms, Speed: 0.00 M/s, Resolution: None
Name: CCTV-5+, URL: https://migu.188766.xyz/?migutoken=7c15e770d178dd2fe846dea71f21f13f&id=CCTV5p&pp=1, IPv_Type: ipv6, Location: 美国, ISP: CloudFlare Inc., Date: None, Delay: -1 ms, Speed: 0.00 M/s, Resolution: None
Name: CCTV-5+, URL: https://migu.188766.xyz/?migutoken=44d98d4c88c7116ff0686377af51eac1&id=CCTV5p&pp=1, IPv_Type: ipv6, Location: 美国, ISP: CloudFlare Inc., Date: None, Delay: -1 ms, Speed: 0.00 M/s, Resolution: None
Name: CCTV-5+, URL: https://migu.188766.xyz/?migutoken=324bd7b25f8d99b00acca1afb57bb635&id=CCTV5p&pp=1, IPv_Type: ipv6, Location: 美国, ISP: CloudFlare Inc., Date: None, Delay: -1 ms, Speed: 0.00 M/s, Resolution: None
Name: CCTV-5+, URL: https://migu.188766.xyz/?migutoken=a5fac982699d98b82a0d0312ce01fd44&id=CCTV5p&pp=1, IPv_Type: ipv6, Location: 美国, ISP: CloudFlare Inc., Date: None, Delay: -1 ms, Speed: 0.00 M/s, Resolution: None
Name: CCTV-5+, URL: http://free.cnlive.club/channel/n374503fe/index.m3u8?q=1754617188750, IPv_Type: ipv6, Location: 美国, ISP: CloudFlare Inc., Date: None, Delay: -1 ms, Speed: 0.00 M/s, Resolution: None
Name: CCTV-5+, URL: http://free.cnlive.club/channel/n4fd60eb5/index.m3u8?q=1754617188750, IPv_Type: ipv6, Location: 美国, ISP: CloudFlare Inc., Date: None, Delay: -1 ms, Speed: 0.00 M/s, Resolution: None
Name: CCTV-5+, URL: http://free.cnlive.club/channel/n4fd60eb5/index.m3u8?q=1754876430642, IPv_Type: ipv6, Location: 美国, ISP: CloudFlare Inc., Date: None, Delay: -1 ms, Speed: 0.00 M/s, Resolution: None
Name: CCTV-5+, URL: http://free.cnlive.club/channel/n374503fe/index.m3u8?q=1754876430642, IPv_Type: ipv6, Location: 美国, ISP: CloudFlare Inc., Date: None, Delay: -1 ms, Speed: 0.00 M/s, Resolution: None
Name: CCTV-5+, URL: https://migu.188766.xyz/?migutoken=f0ce182b4906003e27c68bd378f157c4&id=CCTV5p&pp=1, IPv_Type: ipv6, Location: 美国, ISP: CloudFlare Inc., Date: None, Delay: -1 ms, Speed: 0.00 M/s, Resolution: None
Name: CCTV-5+, URL: http://free.cnlive.club/channel/n374503fe/index.m3u8?q=1755825520002, IPv_Type: ipv6, Location: 美国, ISP: CloudFlare Inc., Date: None, Delay: -1 ms, Speed: 0.00 M/s, Resolution: None
Name: CCTV-5+, URL: http://free.cnlive.club/channel/n4fd60eb5/index.m3u8?q=1755825520002, IPv_Type: ipv6, Location: 美国, ISP: CloudFlare Inc., Date: None, Delay: -1 ms, Speed: 0.00 M/s, Resolution: None
Name: CCTV-5+, URL: http://free.cnlive.club/channel/n4fd60eb5/index.m3u8?q=1756084903216, IPv_Type: ipv6, Location: 美国, ISP: CloudFlare Inc., Date: None, Delay: -1 ms, Speed: 0.00 M/s, Resolution: None
Name: CCTV-5+, URL: http://free.cnlive.club/channel/n374503fe/index.m3u8?q=1756084903216, IPv_Type: ipv6, Location: 美国, ISP: CloudFlare Inc., Date: None, Delay: -1 ms, Speed: 0.00 M/s, Resolution: None
Name: CCTV-5+, URL: https://migu.188766.xyz/?migutoken=f1263da4f54da9daa674a20bd942c443&id=CCTV5p&pp=1, IPv_Type: ipv6, Location: 美国, ISP: CloudFlare Inc., Date: None, Delay: -1 ms, Speed: 0.00 M/s, Resolution: None
Name: CCTV-5+, URL: https://migu.188766.xyz/?migutoken=86ff1237343ef4fed4e3b49f6273b5e5&id=CCTV5p&pp=1, IPv_Type: ipv6, Location: 美国, ISP: CloudFlare Inc., Date: None, Delay: -1 ms, Speed: 0.00 M/s, Resolution: None
Name: CCTV-5+, URL: https://migu.188766.xyz/?migutoken=9f1d2cabb1112b5d4f30ffa9327a934c&id=CCTV5p&pp=1, IPv_Type: ipv6, Location: 美国, ISP: CloudFlare Inc., Date: None, Delay: -1 ms, Speed: 0.00 M/s, Resolution: None
Name: CCTV-5+, URL: http://free.cnlive.club/channel/n4fd60eb5/index.m3u8?q=1756862022054, IPv_Type: ipv6, Location: 美国, ISP: CloudFlare Inc., Date: None, Delay: -1 ms, Speed: 0.00 M/s, Resolution: None
Name: CCTV-5+, URL: http://free.cnlive.club/channel/n374503fe/index.m3u8?q=1756862022054, IPv_Type: ipv6, Location: 美国, ISP: CloudFlare Inc., Date: None, Delay: -1 ms, Speed: 0.00 M/s, Resolution: None
Name: CCTV-5+, URL: https://cc06.tv12.xyz/6.m3u8, IPv_Type: ipv6, Location: 美国, ISP: CloudFlare Inc., Date: None, Delay: -1 ms, Speed: 0.00 M/s, Resolution: None
Name: CCTV-5+, URL: http://free.cnlive.club/channel/n374503fe/index.m3u8?q=1756948409977, IPv_Type: ipv6, Location: 美国, ISP: CloudFlare Inc., Date: None, Delay: -1 ms, Speed: 0.00 M/s, Resolution: None
Name: CCTV-5+, URL: http://free.cnlive.club/channel/n4fd60eb5/index.m3u8?q=1756948409977, IPv_Type: ipv6, Location: 美国, ISP: CloudFlare Inc., Date: None, Delay: -1 ms, Speed: 0.00 M/s, Resolution: None
Name: CCTV-5+, URL: https://migu.188766.xyz/?migutoken=28a852d7ffcb5f5b43b1d944afd198eb&id=CCTV5p&pp=1, IPv_Type: ipv6, Location: 美国, ISP: CloudFlare Inc., Date: None, Delay: -1 ms, Speed: 0.00 M/s, Resolution: None
Name: CCTV-5+, URL: https://migu.188766.xyz/?migutoken=2788335c189d5041c679208868177ab1&id=CCTV5p&pp=1, IPv_Type: ipv6, Location: 美国, ISP: CloudFlare Inc., Date: None, Delay: -1 ms, Speed: 0.00 M/s, Resolution: None
Name: CCTV-5+, URL: https://migu.188766.xyz/?migutoken=e169fa6b833aa01388bbd96d5b8e4582&id=CCTV5p&pp=1, IPv_Type: ipv6, Location: 美国, ISP: CloudFlare Inc., Date: None, Delay: -1 ms, Speed: 0.00 M/s, Resolution: None
Name: CCTV-5+, URL: https://migu.188766.xyz/?migutoken=d4d4aaf489e04b016bc044974d5a8586&id=CCTV5p&type=yy, IPv_Type: ipv6, Location: 美国, ISP: CloudFlare Inc., Date: None, Delay: -1 ms, Speed: 0.00 M/s, Resolution: None
Name: CCTV-5+, URL: https://migu.188766.xyz/?migutoken=df09804a62c8952a529147f7e3115397&id=CCTV5p&type=yy, IPv_Type: ipv6, Location: 美国, ISP: CloudFlare Inc., Date: None, Delay: -1 ms, Speed: 0.00 M/s, Resolution: None
Name: CCTV-5+, URL: https://migu.188766.xyz/?migutoken=a29e903b08709489bd1e678e4b1041bc&id=CCTV5p&type=yy, IPv_Type: ipv6, Location: 美国, ISP: CloudFlare Inc., Date: None, Delay: -1 ms, Speed: 0.00 M/s, Resolution: None
Name: CCTV-5+, URL: https://migu.188766.xyz/?migutoken=22b257c7fa63ba5d4fac7d061b4868b9&id=CCTV5p&type=yy, IPv_Type: ipv6, Location: 美国, ISP: CloudFlare Inc., Date: None, Delay: -1 ms, Speed: 0.00 M/s, Resolution: None
Name: CCTV-5+, URL: https://migu.188766.xyz/?migutoken=7ee301798fa791a9b3127827daf3981e&id=CCTV5p&type=yy, IPv_Type: ipv6, Location: 美国, ISP: CloudFlare Inc., Date: None, Delay: -1 ms, Speed: 0.00 M/s, Resolution: None
Name: CCTV-5+, URL: http://gslbmgsplive.miguvideo.com/wd_r2/cctv/cctv5plusnew/1200/index.m3u8?msisdn=202509190400365eeb161e7dc44ced922442098515cf99&mdspid=&spid=699004&netType=0&sid=5500516288&pid=2028597139&timestamp=20250919040036&Channel_ID=0116_2600000900-99000-201600010010027&ProgramID=641886773&ParentNodeID=-99&assertID=5500516288&client_ip=106.13.250.89&SecurityKey=20250919040036&promotionId=&mvid=5102048803&mcid=500020&playurlVersion=WX-A1-8.9.1-RELEASE&userid=&jmhm=&videocodec=h264&bean=mgspad&tid=android&conFee=0&puData=51370e6bbe4c9e9c980a9f3a0047da29&ddCalcu=9521ea31d717004e060bab3ef49ca90e899c, IPv_Type: ipv6, Location: 中国, ISP: 中国移动, Date: None, Delay: -1 ms, Speed: 0.00 M/s, Resolution: None
Name: CCTV-5+, URL: http://gslbmgsplive.miguvideo.com/wd_r2/cctv/cctv5plusnew/1200/index.m3u8?msisdn=20250919160035d4563089623e4502bd8c70f1deeca2d5&mdspid=&spid=699004&netType=0&sid=5500516288&pid=2028597139&timestamp=20250919160035&Channel_ID=0116_2600000900-99000-201600010010027&ProgramID=641886773&ParentNodeID=-99&assertID=5500516288&client_ip=106.13.250.89&SecurityKey=20250919160035&promotionId=&mvid=5102048803&mcid=500020&playurlVersion=WX-A1-8.9.1-RELEASE&userid=&jmhm=&videocodec=h264&bean=mgspad&tid=android&conFee=0&puData=78f453d73ec6f6a8ccd0f58cddd3b12d&ddCalcu=d728e1f1b41350d3ddd7c38e5cf60fd6cac8, IPv_Type: ipv6, Location: 中国, ISP: 中国移动, Date: None, Delay: -1 ms, Speed: 0.00 M/s, Resolution: None
Name: CCTV-5+, URL: http://gslbmgsplive.miguvideo.com/wd_r2/cctv/cctv5plusnew/1200/index.m3u8?msisdn=202509200400398a317f7c11b14feeba8de27f22e84831&mdspid=&spid=699004&netType=0&sid=5500516288&pid=2028597139&timestamp=20250920040039&Channel_ID=0116_2600000900-99000-201600010010027&ProgramID=641886773&ParentNodeID=-99&assertID=5500516288&client_ip=106.13.250.83&SecurityKey=20250920040039&promotionId=&mvid=5102048803&mcid=500020&playurlVersion=WX-A1-8.9.1-RELEASE&userid=&jmhm=&videocodec=h264&bean=mgspad&tid=android&conFee=0&puData=a829a43319798df5a4396d766c545475&ddCalcu=5a78e4215914a054c3636179d769983d4fa5, IPv_Type: ipv6, Location: 中国, ISP: 中国移动, Date: None, Delay: -1 ms, Speed: 0.00 M/s, Resolution: None
Name: CCTV-5+, URL: http://gslbmgsplive.miguvideo.com/wd_r2/cctv/cctv5plusnew/1200/index.m3u8?msisdn=20250920160033fedd998537ec498ea0ea0835d1361c01&mdspid=&spid=699004&netType=0&sid=5500516288&pid=2028597139&timestamp=20250920160033&Channel_ID=0116_2600000900-99000-201600010010027&ProgramID=641886773&ParentNodeID=-99&assertID=5500516288&client_ip=106.13.250.90&SecurityKey=20250920160033&promotionId=&mvid=5102048803&mcid=500020&playurlVersion=WX-A1-8.9.1-RELEASE&userid=&jmhm=&videocodec=h264&bean=mgspad&tid=android&conFee=0&puData=97fc346377836362aa6b2268728b596e&ddCalcu=e967e9f25c1b3084267387672823b663a6a2, IPv_Type: ipv6, Location: 中国, ISP: 中国移动, Date: None, Delay: -1 ms, Speed: 0.00 M/s, Resolution: None
Name: CCTV-5+, URL: http://gslbmgsplive.miguvideo.com/wd_r2/cctv/cctv5plusnew/1200/index.m3u8?msisdn=20250921060033e4716f6cee8e41c087d511d83b070b1e&mdspid=&spid=699004&netType=0&sid=5500516288&pid=2028597139&timestamp=20250921060033&Channel_ID=0116_2600000900-99000-201600010010027&ProgramID=641886773&ParentNodeID=-99&assertID=5500516288&client_ip=106.13.250.88&SecurityKey=20250921060033&promotionId=&mvid=5102048803&mcid=500020&playurlVersion=WX-A1-8.9.1-RELEASE&userid=&jmhm=&videocodec=h264&bean=mgspad&tid=android&conFee=0&puData=24dfa54280a08a4be5e6d7eb9211bf5e&ddCalcu=e254efd2bf11a0152492b8e07ad068ea54eb, IPv_Type: ipv6, Location: 中国, ISP: 中国移动, Date: None, Delay: -1 ms, Speed: 0.00 M/s, Resolution: None
Name: CCTV-5+, URL: http://gslbmgsplive.miguvideo.com/wd_r2/cctv/cctv5plusnew/1200/index.m3u8?msisdn=20250921180033608a7578068e4f4ea4e99db5e50f0a51&mdspid=&spid=699004&netType=0&sid=5500516288&pid=2028597139&timestamp=20250921180033&Channel_ID=0116_2600000900-99000-201600010010027&ProgramID=641886773&ParentNodeID=-99&assertID=5500516288&client_ip=106.13.250.89&SecurityKey=20250921180033&promotionId=&mvid=5102048803&mcid=500020&playurlVersion=WX-A1-8.9.1-RELEASE&userid=&jmhm=&videocodec=h264&bean=mgspad&tid=android&conFee=0&puData=a1b1ee6136734e3dd0ecd8ecc95c9849&ddCalcu=9a41e8b2911ce05e96c1c3e687d3c4ee03dd, IPv_Type: ipv6, Location: 中国, ISP: 中国移动, Date: None, Delay: -1 ms, Speed: 0.00 M/s, Resolution: None
Name: CCTV-5+, URL: http://gslbmgsplive.miguvideo.com/wd_r2/cctv/cctv5plusnew/1200/index.m3u8?msisdn=2025092206002849dfc17cb13541479bd64b03efb6f96a&mdspid=&spid=699004&netType=0&sid=5500516288&pid=2028597139&timestamp=20250922060028&Channel_ID=0116_2600000900-99000-201600010010027&ProgramID=641886773&ParentNodeID=-99&assertID=5500516288&client_ip=106.13.250.89&SecurityKey=20250922060028&promotionId=&mvid=5102048803&mcid=500020&playurlVersion=WX-A1-8.9.1-RELEASE&userid=&jmhm=&videocodec=h264&bean=mgspad&tid=android&conFee=0&puData=bf22c191b14f7dff7b811ba407b62663&ddCalcu=3b6fe6222216c0b179014ba1b41f178dbf7f, IPv_Type: ipv6, Location: 中国, ISP: 中国移动, Date: None, Delay: -1 ms, Speed: 0.00 M/s, Resolution: None
Name: CCTV-5+, URL: http://gslbmgsplive.miguvideo.com/wd_r2/cctv/cctv5plusnew/1200/index.m3u8?msisdn=202509221800370384854fccfd4b6f97244a9ad6f88382&mdspid=&spid=699004&netType=0&sid=5500516288&pid=2028597139&timestamp=20250922180037&Channel_ID=0116_2600000900-99000-201600010010027&ProgramID=641886773&ParentNodeID=-99&assertID=5500516288&client_ip=106.13.250.90&SecurityKey=20250922180037&promotionId=&mvid=5102048803&mcid=500020&playurlVersion=WX-A1-8.9.1-RELEASE&userid=&jmhm=&videocodec=h264&bean=mgspad&tid=android&conFee=0&puData=55dc68d3da6c88db2947e0cdf915b87b&ddCalcu=b575e8d2bc1560189df3ddca06ec78489d2b, IPv_Type: ipv6, Location: 中国, ISP: 中国移动, Date: None, Delay: -1 ms, Speed: 0.00 M/s, Resolution: None
Name: CCTV-5+, URL: http://gslbmgsplive.miguvideo.com/wd_r2/cctv/cctv5plusnew/1200/index.m3u8?msisdn=20250923180032396572abaea8441f99a2569b10687492&mdspid=&spid=699004&netType=0&sid=5500516288&pid=2028597139&timestamp=20250923180032&Channel_ID=0116_2600000900-99000-201600010010027&ProgramID=641886773&ParentNodeID=-99&assertID=5500516288&client_ip=106.13.250.88&SecurityKey=20250923180032&promotionId=&mvid=5102048803&mcid=500020&playurlVersion=WX-A1-8.9.1-RELEASE&userid=&jmhm=&videocodec=h264&bean=mgspad&tid=android&conFee=0&puData=7f2d997371a962f17b20e6ab568252e4&ddCalcu=47efe2225d1290896753b7a16ae90622bf71, IPv_Type: ipv6, Location: 中国, ISP: 中国移动, Date: None, Delay: -1 ms, Speed: 0.00 M/s, Resolution: None
Name: CCTV-5+, URL: http://gslbmgsplive.miguvideo.com/wd_r2/cctv/cctv5plusnew/1200/index.m3u8?msisdn=20250924040028968e638afa2040a3aef493abf8d0bdeb&mdspid=&spid=699004&netType=0&sid=5500516288&pid=2028597139&timestamp=20250924040028&Channel_ID=0116_2600000900-99000-201600010010027&ProgramID=641886773&ParentNodeID=-99&assertID=5500516288&client_ip=106.13.250.89&SecurityKey=20250924040028&promotionId=&mvid=5102048803&mcid=500020&playurlVersion=WX-A1-8.9.1-RELEASE&userid=&jmhm=&videocodec=h264&bean=mgspad&tid=android&conFee=0&puData=c4bdf6862450c9541e82bfa0bda9ab04&ddCalcu=4c04ebb2ad19f0a6d8b602a4f5b02c89e514, IPv_Type: ipv6, Location: 中国, ISP: 中国移动, Date: None, Delay: -1 ms, Speed: 0.00 M/s, Resolution: None
Name: CCTV-6, URL: http://php.jdshipin.com/TVOD/hljyd.php?id=3221226010, IPv_Type: ipv6, Location: 美国, ISP: CloudFlare Inc., Date: None, Delay: -1 ms, Speed: 0.00 M/s, Resolution: None
Name: CCTV-6, URL: http://[2409:8087:74f0:22::4]:6410/270000001111/1110000307/index.m3u8, IPv_Type: ipv6, Location: 中国, ISP: 中国移动, Date: None, Delay: -1 ms, Speed: 0.00 M/s, Resolution: None
Name: CCTV-6, URL: http://iptv.huuc.edu.cn/hls/cctv6hd.m3u8, IPv_Type: ipv6, Location: 中国, ISP: 教育网, Date: None, Delay: -1 ms, Speed: 0.00 M/s, Resolution: None
Name: CCTV-6, URL: http://php.jdshipin.com/itv6.php?cid=ystenlive&id=1000000001000016466, IPv_Type: ipv6, Location: 美国, ISP: CloudFlare Inc., Date: None, Delay: -1 ms, Speed: 0.00 M/s, Resolution: None
Name: CCTV-6, URL: http://yc.myds.me:35455/itv/1000000001000001737.m3u8?cdn=ystenlive, IPv_Type: ipv6, Location: 中国, ISP: 中国电信, Date: None, Delay: -1 ms, Speed: 0.00 M/s, Resolution: None
Name: CCTV-6, URL: http://nas.suntao.online:35455/itv/1000000001000001737.m3u8?cdn=ystenlive, IPv_Type: ipv6, Location: 中国, ISP: 中国联通, Date: None, Delay: -1 ms, Speed: 0.00 M/s, Resolution: None
Name: CCTV-6, URL: http://13937899.xyz:35455/gaoma/cctv6.m3u8, IPv_Type: ipv6, Location: 中国, ISP: 中国电信, Date: None, Delay: -1 ms, Speed: 0.00 M/s, Resolution: None
Name: CCTV-6, URL: http://rrs01.hw.gmcc.net:8088/PLTV/81/224/3221226699/1.m3u8, IPv_Type: ipv6, Location: 中国, ISP: 中国移动, Date: None, Delay: -1 ms, Speed: 0.00 M/s, Resolution: None
Name: CCTV-6, URL: http://[2409:8087:3869:8021:1001::e5]:6610/PLTV/88888910/224/3221225632/index.m3u8, IPv_Type: ipv6, Location: 中国, ISP: 中国移动, Date: None, Delay: -1 ms, Speed: 0.00 M/s, Resolution: None
Name: CCTV-6, URL: http://[2409:8087:4c0a:22:1::11]:6410/170000001115/UmaiCHAN638728804b1f9/index.m3u8?AuthInfo=9kOOdBn7MFF%2F2bWjKgahUdDh4EPdDnvGlSBkYaxFdazJhFQmuq4XUiks9ZrIlJN%2BknLs8H%2BSxcDXy%2BTesEc8Q0KCN89MjYoj85Sol1kbKI4, IPv_Type: ipv6, Location: 中国, ISP: 中国移动, Date: None, Delay: -1 ms, Speed: 0.00 M/s, Resolution: None
Name: CCTV-6, URL: http://mobilelive-timeshift.ysp.cctv.cn/timeshift/ysp/2013693901/timeshift.m3u8?delay=0, IPv_Type: ipv6, Location: 中国, ISP: 中国联通, Date: None, Delay: -1 ms, Speed: 0.00 M/s, Resolution: None
Name: CCTV-6, URL: http://webmail.axxe.top:4022/rtp/239.3.1.174:8001, IPv_Type: ipv6, Location: 中国, ISP: 中国电信, Date: None, Delay: -1 ms, Speed: 0.00 M/s, Resolution: None
Name: CCTV-6, URL: http://alvin.ergotron.net:8000/udp/239.77.0.171:5146, IPv_Type: ipv6, Location: 中国, ISP: 中国电信, Date: None, Delay: -1 ms, Speed: 0.00 M/s, Resolution: None
Name: CCTV-6, URL: http://cdn.jdshipin.com:8880/ysp.php?id=cctv6, IPv_Type: ipv6, Location: 美国, ISP: CloudFlare Inc., Date: None, Delay: -1 ms, Speed: 0.00 M/s, Resolution: None
Name: CCTV-6, URL: http://mobilelive-timeshift.ysp.cctv.cn/timeshift/ysp/2013693901/timeshift.m3u8?delay=0&cdn=5202, IPv_Type: ipv6, Location: 中国, ISP: 中国联通, Date: None, Delay: -1 ms, Speed: 0.00 M/s, Resolution: None
Name: CCTV-6, URL: http://mobilelive-ds.ysp.cctv.cn/ysp/2013693901.m3u8, IPv_Type: ipv6, Location: 新加坡, ISP: Aceville Pte.Ltd., Date: None, Delay: -1 ms, Speed: 0.00 M/s, Resolution: None
Name: CCTV-6, URL: https://migu.188766.xyz/?migutoken=6818dd0cb7452ab9cba884dc087f5f3e&id=CCTV6&pp=1, IPv_Type: ipv6, Location: 美国, ISP: CloudFlare Inc., Date: None, Delay: -1 ms, Speed: 0.00 M/s, Resolution: None
Name: CCTV-6, URL: http://wouu.net:9977/udp/239.93.1.13:2226, IPv_Type: ipv6, Location: 保留地址, ISP: 主机之间的链路本地地址, Date: None, Delay: -1 ms, Speed: 0.00 M/s, Resolution: None
Name: CCTV-6, URL: http://lu.wqwqwq.sbs/itv/1000000005000265006.m3u8?cdn=ystenlive, IPv_Type: ipv6, Location: 美国, ISP: CloudFlare Inc., Date: None, Delay: -1 ms, Speed: 0.00 M/s, Resolution: None
Name: CCTV-6, URL: https://migu.188766.xyz/?migutoken=0d971466a711d4a0ea837ac9d29da02f&id=CCTV6&pp=1, IPv_Type: ipv6, Location: 美国, ISP: CloudFlare Inc., Date: None, Delay: -1 ms, Speed: 0.00 M/s, Resolution: None
Name: CCTV-6, URL: http://free.cnlive.club/channel/63f18811/index.m3u8?q=1755825520002, IPv_Type: ipv6, Location: 美国, ISP: CloudFlare Inc., Date: None, Delay: -1 ms, Speed: 0.00 M/s, Resolution: None
Name: CCTV-6, URL: https://cc06.tv12.xyz/7.m3u8, IPv_Type: ipv6, Location: 美国, ISP: CloudFlare Inc., Date: None, Delay: -1 ms, Speed: 0.00 M/s, Resolution: None
Name: CCTV-6, URL: https://migu.188766.xyz/?migutoken=a5c88255b66b3d21b916d44f61fcfef1&id=CCTV6&pp=1, IPv_Type: ipv6, Location: 美国, ISP: CloudFlare Inc., Date: None, Delay: -1 ms, Speed: 0.00 M/s, Resolution: None
Name: CCTV-6, URL: https://migu.188766.xyz/?migutoken=a7be17871976c4a9d07fb099152d64a6&id=CCTV6&type=yy, IPv_Type: ipv6, Location: 美国, ISP: CloudFlare Inc., Date: None, Delay: -1 ms, Speed: 0.00 M/s, Resolution: None
Name: CCTV-6, URL: https://hls-gateway.vpstv.net/streams/476890.m3u8, IPv_Type: ipv6, Location: 美国, ISP: CloudFlare Inc., Date: None, Delay: -1 ms, Speed: 0.00 M/s, Resolution: None
Name: CCTV-6, URL: https://smart.pendy.dpdns.org/Smart.php, IPv_Type: ipv6, Location: 美国, ISP: CloudFlare Inc., Date: None, Delay: -1 ms, Speed: 0.00 M/s, Resolution: None
Name: CCTV-6, URL: http://gslbmgsplive.miguvideo.com/wd_r2/2018/ocn/cctv6hd/2000/index.m3u8?msisdn=202509190400363d766e1ee90840609418002bcfae6600&mdspid=&spid=699004&netType=0&sid=5500212872&pid=2028597139&timestamp=20250919040036&Channel_ID=0116_2600000900-99000-201600010010027&ProgramID=624878396&ParentNodeID=-99&assertID=5500212872&client_ip=106.13.250.89&SecurityKey=20250919040036&promotionId=&mvid=5100001694&mcid=500020&playurlVersion=WX-A1-8.9.1-RELEASE&userid=&jmhm=&videocodec=h264&bean=mgspad&tid=android&conFee=0&puData=40c182a168cbe52e9d71e098c30fb93c&ddCalcu=c430e9c1b14f80023ac186980ceb1e75d29e, IPv_Type: ipv6, Location: 中国, ISP: 中国移动, Date: None, Delay: -1 ms, Speed: 0.00 M/s, Resolution: None
Name: CCTV-6, URL: http://gslbmgsplive.miguvideo.com/wd_r2/2018/ocn/cctv6hd/2000/index.m3u8?msisdn=2025091916003508cf62a9e7dc457a9879913f73cd888c&mdspid=&spid=699004&netType=0&sid=5500212872&pid=2028597139&timestamp=20250919160035&Channel_ID=0116_2600000900-99000-201600010010027&ProgramID=624878396&ParentNodeID=-99&assertID=5500212872&client_ip=106.13.250.89&SecurityKey=20250919160035&promotionId=&mvid=5100001694&mcid=500020&playurlVersion=WX-A1-8.9.1-RELEASE&userid=&jmhm=&videocodec=h264&bean=mgspad&tid=android&conFee=0&puData=3341f650949190daa7cbcef0aab18a09&ddCalcu=9303ea418141f0b6a5a009f4e9c1b9c07daa, IPv_Type: ipv6, Location: 中国, ISP: 中国移动, Date: None, Delay: -1 ms, Speed: 0.00 M/s, Resolution: None
Name: CCTV-6, URL: http://gslbmgsplive.miguvideo.com/wd_r2/2018/ocn/cctv6hd/2000/index.m3u8?msisdn=202509201600338fc10b096b254abeb508c44d1dedc199&mdspid=&spid=699004&netType=0&sid=5500212872&pid=2028597139&timestamp=20250920160033&Channel_ID=0116_2600000900-99000-201600010010027&ProgramID=624878396&ParentNodeID=-99&assertID=5500212872&client_ip=106.13.250.90&SecurityKey=20250920160033&promotionId=&mvid=5100001694&mcid=500020&playurlVersion=WX-A1-8.9.1-RELEASE&userid=&jmhm=&videocodec=h264&bean=mgspad&tid=android&conFee=0&puData=317ebe862b669552596e3e5ae826c9dc&ddCalcu=c3d1e972ce46b02e88e6a25be636e9659552, IPv_Type: ipv6, Location: 中国, ISP: 中国移动, Date: None, Delay: -1 ms, Speed: 0.00 M/s, Resolution: None
Name: CCTV-6, URL: http://gslbmgsplive.miguvideo.com/wd_r2/2018/ocn/cctv6hd/2000/index.m3u8?msisdn=20250921180033d7c4ece5dcd54255a5cd5c33b7551312&mdspid=&spid=699004&netType=0&sid=5500212872&pid=2028597139&timestamp=20250921180033&Channel_ID=0116_2600000900-99000-201600010010027&ProgramID=624878396&ParentNodeID=-99&assertID=5500212872&client_ip=106.13.250.89&SecurityKey=20250921180033&promotionId=&mvid=5100001694&mcid=500020&playurlVersion=WX-A1-8.9.1-RELEASE&userid=&jmhm=&videocodec=h264&bean=mgspad&tid=android&conFee=0&puData=b6bff635eb0de75138110093fd22a2de&ddCalcu=ebd6e2b2af42f026d3f53e9b000d1e178531, IPv_Type: ipv6, Location: 中国, ISP: 中国移动, Date: None, Delay: -1 ms, Speed: 0.00 M/s, Resolution: None
Name: CCTV-6, URL: http://gslbmgsplive.miguvideo.com/wd_r2/2018/ocn/cctv6hd/2000/index.m3u8?msisdn=202509220600285f468e40f7ad4a048a8d9c3020124d00&mdspid=&spid=699004&netType=0&sid=5500212872&pid=2028597139&timestamp=20250922060028&Channel_ID=0116_2600000900-99000-201600010010027&ProgramID=624878396&ParentNodeID=-99&assertID=5500212872&client_ip=106.13.250.89&SecurityKey=20250922060028&promotionId=&mvid=5100001694&mcid=500020&playurlVersion=WX-A1-8.9.1-RELEASE&userid=&jmhm=&videocodec=h264&bean=mgspad&tid=android&conFee=0&puData=04f51887fb2b7d019334715d5e0eec23&ddCalcu=3024ecf2e54e1008e857df5b127b473d3091, IPv_Type: ipv6, Location: 中国, ISP: 中国移动, Date: None, Delay: -1 ms, Speed: 0.00 M/s, Resolution: None
Name: CCTV-6, URL: http://gslbmgsplive.miguvideo.com/wd_r2/2018/ocn/cctv6hd/2000/index.m3u8?msisdn=2025092218003740ff110e591545d0bebcc4449345caeb&mdspid=&spid=699004&netType=0&sid=5500212872&pid=2028597139&timestamp=20250922180037&Channel_ID=0116_2600000900-99000-201600010010027&ProgramID=624878396&ParentNodeID=-99&assertID=5500212872&client_ip=106.13.250.90&SecurityKey=20250922180037&promotionId=&mvid=5100001694&mcid=500020&playurlVersion=WX-A1-8.9.1-RELEASE&userid=&jmhm=&videocodec=h264&bean=mgspad&tid=android&conFee=0&puData=12a74de816d3729cc75bf80e1691fee7&ddCalcu=71e2eea2f741409d6e18e1068df3b75279cc, IPv_Type: ipv6, Location: 中国, ISP: 中国移动, Date: None, Delay: -1 ms, Speed: 0.00 M/s, Resolution: None
Name: CCTV-6, URL: http://gslbmgsplive.miguvideo.com/wd_r2/2018/ocn/cctv6hd/2000/index.m3u8?msisdn=2025092318003270c32c59ea804fcb91aa0cf7257e1bd9&mdspid=&spid=699004&netType=0&sid=5500212872&pid=2028597139&timestamp=20250923180032&Channel_ID=0116_2600000900-99000-201600010010027&ProgramID=624878396&ParentNodeID=-99&assertID=5500212872&client_ip=106.13.250.88&SecurityKey=20250923180032&promotionId=&mvid=5100001694&mcid=500020&playurlVersion=WX-A1-8.9.1-RELEASE&userid=&jmhm=&videocodec=h264&bean=mgspad&tid=android&conFee=0&puData=33976927a303c49e7bf1fba5aebc303a&ddCalcu=a333e092374c60b9e2a75aa3b0f31cf4b97e, IPv_Type: ipv6, Location: 中国, ISP: 中国移动, Date: None, Delay: -1 ms, Speed: 0.00 M/s, Resolution: None
Name: CCTV-6, URL: http://gslbmgsplive.miguvideo.com/wd_r2/2018/ocn/cctv6hd/2000/index.m3u8?msisdn=20250924040028f75d47b0b8334f0db01fa8a73fa14e97&mdspid=&spid=699004&netType=0&sid=5500212872&pid=2028597139&timestamp=20250924040028&Channel_ID=0116_2600000900-99000-201600010010027&ProgramID=624878396&ParentNodeID=-99&assertID=5500212872&client_ip=106.13.250.89&SecurityKey=20250924040028&promotionId=&mvid=5100001694&mcid=500020&playurlVersion=WX-A1-8.9.1-RELEASE&userid=&jmhm=&videocodec=h264&bean=mgspad&tid=android&conFee=0&puData=b6c22dfef8f88c85fa6ee1960c38920d&ddCalcu=db06e2c29248203dcf0e6f981fe8e86ca8f5, IPv_Type: ipv6, Location: 中国, ISP: 中国移动, Date: None, Delay: -1 ms, Speed: 0.00 M/s, Resolution: None
Name: CCTV-6, URL: http://ygbh.site/php/bfgd.php?id=065, IPv_Type: ipv4, Location: 美国-加利福尼亚州, ISP: , Date: None, Delay: 10712 ms, Speed: 0.00 M/s, Resolution: None
Name: CCTV-7, URL: http://php.jdshipin.com/TVOD/hljyd.php?id=3221225733, IPv_Type: ipv6, Location: 美国, ISP: CloudFlare Inc., Date: None, Delay: -1 ms, Speed: 0.00 M/s, Resolution: None
Name: CCTV-7, URL: http://goo.bkpcp.top/mg/CCTV7, IPv_Type: ipv6, Location: 美国, ISP: CloudFlare Inc., Date: None, Delay: -1 ms, Speed: 0.00 M/s, Resolution: None
Name: CCTV-7, URL: http://[2409:8087:74f0:22::4]:6410/270000001128/9900000504/index.m3u8, IPv_Type: ipv6, Location: 中国, ISP: 中国移动, Date: None, Delay: -1 ms, Speed: 0.00 M/s, Resolution: None
Name: CCTV-7, URL: http://[2409:8087:3869:8021:1001::e5]:6610/PLTV/88888910/224/3221225624/index.m3u8, IPv_Type: ipv6, Location: 中国, ISP: 中国移动, Date: None, Delay: -1 ms, Speed: 0.00 M/s, Resolution: None
Name: CCTV-7, URL: http://[2409:8087:3869:8021:1001::e5]:6610/PLTV/88888888/224/3221225624/2/index.m3u8, IPv_Type: ipv6, Location: 中国, ISP: 中国移动, Date: None, Delay: -1 ms, Speed: 0.00 M/s, Resolution: None
Name: CCTV-7, URL: http://[2409:8087:3869:8021:1001::e5]:6610/PLTV/88888888/224/3221225644/2/index.m3u8, IPv_Type: ipv6, Location: 中国, ISP: 中国移动, Date: None, Delay: -1 ms, Speed: 0.00 M/s, Resolution: None
Name: CCTV-7, URL: http://iptv.huuc.edu.cn/hls/cctv7hd.m3u8, IPv_Type: ipv6, Location: 中国, ISP: 教育网, Date: None, Delay: -1 ms, Speed: 0.00 M/s, Resolution: None
Name: CCTV-7, URL: http://php.jdshipin.com/itv6.php?cid=ystenlive&id=1000000001000024341, IPv_Type: ipv6, Location: 美国, ISP: CloudFlare Inc., Date: None, Delay: -1 ms, Speed: 0.00 M/s, Resolution: None
Name: CCTV-7, URL: http://nas.suntao.online:35455/itv/1000000001000024341.m3u8?cdn=ystenlive, IPv_Type: ipv6, Location: 中国, ISP: 中国联通, Date: None, Delay: -1 ms, Speed: 0.00 M/s, Resolution: None
Name: CCTV-7, URL: http://yc.myds.me:35455/itv/1000000001000024341.m3u8?cdn=ystenlive, IPv_Type: ipv6, Location: 中国, ISP: 中国电信, Date: None, Delay: -1 ms, Speed: 0.00 M/s, Resolution: None
Name: CCTV-7, URL: http://[2409:8087:3869:8021:1001::e5]:6610/PLTV/88888888/224/3221225499/2/index.m3u8, IPv_Type: ipv6, Location: 中国, ISP: 中国移动, Date: None, Delay: -1 ms, Speed: 0.00 M/s, Resolution: None
Name: CCTV-7, URL: http://webmail.axxe.top:4022/rtp/239.3.1.61:8104, IPv_Type: ipv6, Location: 中国, ISP: 中国电信, Date: None, Delay: -1 ms, Speed: 0.00 M/s, Resolution: None
Name: CCTV-7, URL: http://alvin.ergotron.net:8000/udp/239.77.1.159:5146, IPv_Type: ipv6, Location: 中国, ISP: 中国电信, Date: None, Delay: -1 ms, Speed: 0.00 M/s, Resolution: None
Name: CCTV-7, URL: http://wouu.net:9977/udp/239.93.1.67:5140, IPv_Type: ipv6, Location: 保留地址, ISP: 主机之间的链路本地地址, Date: None, Delay: -1 ms, Speed: 0.00 M/s, Resolution: None
Name: CCTV-7, URL: http://lu.wqwqwq.sbs/itv/1000000005000265007.m3u8?cdn=ystenlive, IPv_Type: ipv6, Location: 美国, ISP: CloudFlare Inc., Date: None, Delay: -1 ms, Speed: 0.00 M/s, Resolution: None
Name: CCTV-7, URL: http://tvbox6.com/tv/bfgd.php?id=127, IPv_Type: ipv6, Location: 美国, ISP: CloudFlare Inc., Date: None, Delay: -1 ms, Speed: 0.00 M/s, Resolution: None
Name: CCTV-7, URL: https://migu.188766.xyz/?migutoken=b49b19f011eabe4d1f08e4192f035448&id=CCTV7&pp=1, IPv_Type: ipv6, Location: 美国, ISP: CloudFlare Inc., Date: None, Delay: -1 ms, Speed: 0.00 M/s, Resolution: None
Name: CCTV-7, URL: http://free.cnlive.club/channel/n7ba2911b/index.m3u8?q=1755825520002, IPv_Type: ipv6, Location: 美国, ISP: CloudFlare Inc., Date: None, Delay: -1 ms, Speed: 0.00 M/s, Resolution: None
Name: CCTV-7, URL: https://migu.188766.xyz/?migutoken=d673ebf0c54aaff359e53f8934fc6e2a&id=CCTV7&pp=1, IPv_Type: ipv6, Location: 美国, ISP: CloudFlare Inc., Date: None, Delay: -1 ms, Speed: 0.00 M/s, Resolution: None
Name: CCTV-7, URL: http://free.cnlive.club/channel/n7ba2911b/index.m3u8?q=1756084903216, IPv_Type: ipv6, Location: 美国, ISP: CloudFlare Inc., Date: None, Delay: -1 ms, Speed: 0.00 M/s, Resolution: None
Name: CCTV-7, URL: https://hls-gateway.vpstv.net/streams/476891.m3u8, IPv_Type: ipv6, Location: 美国, ISP: CloudFlare Inc., Date: None, Delay: -1 ms, Speed: 0.00 M/s, Resolution: None
Name: CCTV-7, URL: https://migu.188766.xyz/?migutoken=04d99593e1dac859d062d01d7476c596&id=CCTV7&pp=1, IPv_Type: ipv6, Location: 美国, ISP: CloudFlare Inc., Date: None, Delay: -1 ms, Speed: 0.00 M/s, Resolution: None
Name: CCTV-7, URL: https://migu.188766.xyz/?migutoken=2f83488c99a17cfc86839cba398e3077&id=CCTV7&pp=1, IPv_Type: ipv6, Location: 美国, ISP: CloudFlare Inc., Date: None, Delay: -1 ms, Speed: 0.00 M/s, Resolution: None
Name: CCTV-7, URL: https://cc06.tv12.xyz/8.m3u8, IPv_Type: ipv6, Location: 美国, ISP: CloudFlare Inc., Date: None, Delay: -1 ms, Speed: 0.00 M/s, Resolution: None
Name: CCTV-7, URL: https://migu.188766.xyz/?migutoken=26c649aaf1b57dc8a11423eb32c5c38c&id=CCTV7&pp=1, IPv_Type: ipv6, Location: 美国, ISP: CloudFlare Inc., Date: None, Delay: -1 ms, Speed: 0.00 M/s, Resolution: None
Name: CCTV-7, URL: https://migu.188766.xyz/?migutoken=68fe7b7660acc7c294beea141246f9ce&id=CCTV7&pp=1, IPv_Type: ipv6, Location: 美国, ISP: CloudFlare Inc., Date: None, Delay: -1 ms, Speed: 0.00 M/s, Resolution: None
Name: CCTV-7, URL: https://migu.188766.xyz/?migutoken=30048f52d4a94dde9b756e13de492ccc&id=CCTV7&type=yy, IPv_Type: ipv6, Location: 美国, ISP: CloudFlare Inc., Date: None, Delay: -1 ms, Speed: 0.00 M/s, Resolution: None
Name: CCTV-7, URL: https://smart.pendy.dpdns.org/Smart.php, IPv_Type: ipv6, Location: 美国, ISP: CloudFlare Inc., Date: None, Delay: -1 ms, Speed: 0.00 M/s, Resolution: None
Name: CCTV-7, URL: https://migu.188766.xyz/?migutoken=d18f86b286924b718088bcb571327d25&id=CCTV7&type=yy, IPv_Type: ipv6, Location: 美国, ISP: CloudFlare Inc., Date: None, Delay: -1 ms, Speed: 0.00 M/s, Resolution: None
Name: CCTV-7, URL: https://migu.188766.xyz/?migutoken=97a878e977cc9e43a8c91d7bfb01e6ac&id=CCTV7&type=yy, IPv_Type: ipv6, Location: 美国, ISP: CloudFlare Inc., Date: None, Delay: -1 ms, Speed: 0.00 M/s, Resolution: None
Name: CCTV-7, URL: https://ldocctvwbcdtxy.liveplay.myqcloud.com/ldocctvwbcd/cdrmldcctv7_1_td.m3u8, IPv_Type: ipv4, Location: 中国-浙江-宁波, ISP: 电信, Date: None, Delay: 1902 ms, Speed: 0.60 M/s, Resolution: 1280x720
Name: CCTV-8, URL: http://php.jdshipin.com/TVOD/hljyd.php?id=3221226008, IPv_Type: ipv6, Location: 美国, ISP: CloudFlare Inc., Date: None, Delay: -1 ms, Speed: 0.00 M/s, Resolution: None
Name: CCTV-8, URL: http://goo.bkpcp.top/mg/cctv8, IPv_Type: ipv6, Location: 美国, ISP: CloudFlare Inc., Date: None, Delay: -1 ms, Speed: 0.00 M/s, Resolution: None
Name: CCTV-8, URL: http://[2409:8087:74f0:22::9]:6410/270000001111/1110000309/index.m3u8, IPv_Type: ipv6, Location: 中国, ISP: 中国移动, Date: None, Delay: -1 ms, Speed: 0.00 M/s, Resolution: None
Name: CCTV-8, URL: http://iptv.huuc.edu.cn/hls/cctv8hd.m3u8, IPv_Type: ipv6, Location: 中国, ISP: 教育网, Date: None, Delay: -1 ms, Speed: 0.00 M/s, Resolution: None
Name: CCTV-8, URL: http://php.jdshipin.com/itv6.php?cid=ystenlive&id=1000000001000003736, IPv_Type: ipv6, Location: 美国, ISP: CloudFlare Inc., Date: None, Delay: -1 ms, Speed: 0.00 M/s, Resolution: None
Name: CCTV-8, URL: http://nas.suntao.online:35455/itv/1000000005000265008.m3u8?cdn=ystenlive, IPv_Type: ipv6, Location: 中国, ISP: 中国联通, Date: None, Delay: -1 ms, Speed: 0.00 M/s, Resolution: None
Name: CCTV-8, URL: http://yc.myds.me:35455/itv/1000000005000265008.m3u8?cdn=ystenlive, IPv_Type: ipv6, Location: 中国, ISP: 中国电信, Date: None, Delay: -1 ms, Speed: 0.00 M/s, Resolution: None
Name: CCTV-8, URL: http://rrs01.hw.gmcc.net:8088/PLTV/81/224/3221226715/1.m3u8, IPv_Type: ipv6, Location: 中国, ISP: 中国移动, Date: None, Delay: -1 ms, Speed: 0.00 M/s, Resolution: None
Name: CCTV-8, URL: http://[2409:8087:3869:8021:1001::e5]:6610/PLTV/88888910/224/3221225631/index.m3u8, IPv_Type: ipv6, Location: 中国, ISP: 中国移动, Date: None, Delay: -1 ms, Speed: 0.00 M/s, Resolution: None
Name: CCTV-8, URL: http://[2409:8087:3869:8021:1001::e5]:6610/PLTV/88888888/224/3221225631/2/index.m3u8, IPv_Type: ipv6, Location: 中国, ISP: 中国移动, Date: None, Delay: -1 ms, Speed: 0.00 M/s, Resolution: None
Name: CCTV-8, URL: http://[2409:8087:3869:8021:1001::e5]:6610/PLTV/88888888/224/3221225635/2/index.m3u8, IPv_Type: ipv6, Location: 中国, ISP: 中国移动, Date: None, Delay: -1 ms, Speed: 0.00 M/s, Resolution: None
Name: CCTV-8, URL: http://[2409:8087:1a01:df::4051]:80/TVOD/88888888/224/3221225795/main.m3u8, IPv_Type: ipv6, Location: 中国, ISP: 中国移动, Date: None, Delay: -1 ms, Speed: 0.00 M/s, Resolution: None
Name: CCTV-8, URL: http://lu.wqwqwq.sbs/itv/1000000005000265008.m3u8?cdn=ystenlive, IPv_Type: ipv6, Location: 美国, ISP: CloudFlare Inc., Date: None, Delay: -1 ms, Speed: 0.00 M/s, Resolution: None
Name: CCTV-8, URL: http://webmail.axxe.top:4022/rtp/239.3.1.175:8001, IPv_Type: ipv6, Location: 中国, ISP: 中国电信, Date: None, Delay: -1 ms, Speed: 0.00 M/s, Resolution: None
Name: CCTV-8, URL: http://alvin.ergotron.net:8000/udp/239.77.0.172:5146, IPv_Type: ipv6, Location: 中国, ISP: 中国电信, Date: None, Delay: -1 ms, Speed: 0.00 M/s, Resolution: None
Name: CCTV-8, URL: http://wouu.net:9977/udp/239.93.42.39:5140, IPv_Type: ipv6, Location: 保留地址, ISP: 主机之间的链路本地地址, Date: None, Delay: -1 ms, Speed: 0.00 M/s, Resolution: None
Name: CCTV-8, URL: http://tvbox6.com/tv/bfgd.php?id=066, IPv_Type: ipv6, Location: 美国, ISP: CloudFlare Inc., Date: None, Delay: -1 ms, Speed: 0.00 M/s, Resolution: None
Name: CCTV-8, URL: https://hls-gateway.vpstv.net/streams/476892.m3u8, IPv_Type: ipv6, Location: 美国, ISP: CloudFlare Inc., Date: None, Delay: -1 ms, Speed: 0.00 M/s, Resolution: None
Name: CCTV-8, URL: https://migu.188766.xyz/?migutoken=51efa2f9018c449b165ec10980e84bf0&id=CCTV8&pp=1, IPv_Type: ipv6, Location: 美国, ISP: CloudFlare Inc., Date: None, Delay: -1 ms, Speed: 0.00 M/s, Resolution: None
Name: CCTV-8, URL: http://free.cnlive.club/channel/n4dd18c29/index.m3u8?q=1755825520002, IPv_Type: ipv6, Location: 美国, ISP: CloudFlare Inc., Date: None, Delay: -1 ms, Speed: 0.00 M/s, Resolution: None
Name: CCTV-8, URL: https://smart.pendy.dpdns.org/Smart.php, IPv_Type: ipv6, Location: 美国, ISP: CloudFlare Inc., Date: None, Delay: -1 ms, Speed: 0.00 M/s, Resolution: None
Name: CCTV-8, URL: https://migu.188766.xyz/?migutoken=1aa8fd5bfc4684f75811b509f89500a2&id=CCTV8&pp=1, IPv_Type: ipv6, Location: 美国, ISP: CloudFlare Inc., Date: None, Delay: -1 ms, Speed: 0.00 M/s, Resolution: None
Name: CCTV-8, URL: https://migu.188766.xyz/?migutoken=f9d6b9b8879e72bf97c0b41bffcae6cb&id=CCTV8&pp=1, IPv_Type: ipv6, Location: 美国, ISP: CloudFlare Inc., Date: None, Delay: -1 ms, Speed: 0.00 M/s, Resolution: None
Name: CCTV-8, URL: https://cc06.tv12.xyz/9.m3u8, IPv_Type: ipv6, Location: 美国, ISP: CloudFlare Inc., Date: None, Delay: -1 ms, Speed: 0.00 M/s, Resolution: None
Name: CCTV-8, URL: https://migu.188766.xyz/?migutoken=3f6ec7a1794ffabc1f3517165a929346&id=CCTV8&pp=1, IPv_Type: ipv6, Location: 美国, ISP: CloudFlare Inc., Date: None, Delay: -1 ms, Speed: 0.00 M/s, Resolution: None
Name: CCTV-8, URL: https://migu.188766.xyz/?migutoken=ac8941846b152ecbb03dbc73b02ba3ae&id=CCTV8&pp=1, IPv_Type: ipv6, Location: 美国, ISP: CloudFlare Inc., Date: None, Delay: -1 ms, Speed: 0.00 M/s, Resolution: None
Name: CCTV-8, URL: https://migu.188766.xyz/?migutoken=a2faef85bc9268e42f57425fbbe40fb7&id=CCTV8&type=yy, IPv_Type: ipv6, Location: 美国, ISP: CloudFlare Inc., Date: None, Delay: -1 ms, Speed: 0.00 M/s, Resolution: None
Name: CCTV-8, URL: https://migu.188766.xyz/?migutoken=a6ac639751b85663702b28f919faef1e&id=CCTV8&type=yy, IPv_Type: ipv6, Location: 美国, ISP: CloudFlare Inc., Date: None, Delay: -1 ms, Speed: 0.00 M/s, Resolution: None
Name: CCTV-8, URL: https://migu.188766.xyz/?migutoken=dd63f5e188f8bbfb0a3ff8e2abec56ae&id=CCTV8&type=yy, IPv_Type: ipv6, Location: 美国, ISP: CloudFlare Inc., Date: None, Delay: -1 ms, Speed: 0.00 M/s, Resolution: None
Name: CCTV-8, URL: https://migu.188766.xyz/?migutoken=1bcc321b57f90af7079df5ac7fbda6fe&id=CCTV8&type=yy, IPv_Type: ipv6, Location: 美国, ISP: CloudFlare Inc., Date: None, Delay: -1 ms, Speed: 0.00 M/s, Resolution: None
Name: CCTV-8, URL: https://migu.188766.xyz/?migutoken=af6f7d5c0e471da63f06c888c4175b62&id=CCTV8&type=yy, IPv_Type: ipv6, Location: 美国, ISP: CloudFlare Inc., Date: None, Delay: -1 ms, Speed: 0.00 M/s, Resolution: None
Name: CCTV-8, URL: http://gslbmgsplive.miguvideo.com/wd_r2/2018/ocn/cctv8hd/2000/index.m3u8?msisdn=20250919040036fe55edf37a31416b8050577040ad4eaf&mdspid=&spid=699004&netType=0&sid=5500212868&pid=2028597139&timestamp=20250919040036&Channel_ID=0116_2600000900-99000-201600010010027&ProgramID=624878356&ParentNodeID=-99&assertID=5500212868&client_ip=106.13.250.89&SecurityKey=20250919040036&promotionId=&mvid=5100001695&mcid=500020&playurlVersion=WX-A1-8.9.1-RELEASE&userid=&jmhm=&videocodec=h264&bean=mgspad&tid=android&conFee=0&puData=862e29a087f47ef92f9b04ef37048370&ddCalcu=0876e3218e4420097a30f8e74f04b79eff29, IPv_Type: ipv6, Location: 中国, ISP: 中国移动, Date: None, Delay: -1 ms, Speed: 0.00 M/s, Resolution: None
Name: CCTV-8, URL: http://gslbmgsplive.miguvideo.com/wd_r2/2018/ocn/cctv8hd/2000/index.m3u8?msisdn=2025091916003588f68d532d4b4ca6be668b3c43c9b3cd&mdspid=&spid=699004&netType=0&sid=5500212868&pid=2028597139&timestamp=20250919160035&Channel_ID=0116_2600000900-99000-201600010010027&ProgramID=624878356&ParentNodeID=-99&assertID=5500212868&client_ip=106.13.250.89&SecurityKey=20250919160035&promotionId=&mvid=5100001695&mcid=500020&playurlVersion=WX-A1-8.9.1-RELEASE&userid=&jmhm=&videocodec=h264&bean=mgspad&tid=android&conFee=0&puData=cf0793dab06fe2a5997de4f96f8a7443&ddCalcu=3c4fe401774a9083fd6a9bf046efde729a95, IPv_Type: ipv6, Location: 中国, ISP: 中国移动, Date: None, Delay: -1 ms, Speed: 0.00 M/s, Resolution: None
Name: CCTV-8, URL: http://gslbmgsplive.miguvideo.com/wd_r2/2018/ocn/cctv8hd/2000/index.m3u8?msisdn=20250920040039379a41a4a6c14b5581409dd1c8e6a769&mdspid=&spid=699004&netType=0&sid=5500212868&pid=2028597139&timestamp=20250920040039&Channel_ID=0116_2600000900-99000-201600010010027&ProgramID=624878356&ParentNodeID=-99&assertID=5500212868&client_ip=106.13.250.83&SecurityKey=20250920040039&promotionId=&mvid=5100001695&mcid=500020&playurlVersion=WX-A1-8.9.1-RELEASE&userid=&jmhm=&videocodec=h264&bean=mgspad&tid=android&conFee=0&puData=30ecb7510f9e5a66687330f22c174729&ddCalcu=9320e7e14c47b017c52120ff093e357a8666, IPv_Type: ipv6, Location: 中国, ISP: 中国移动, Date: None, Delay: -1 ms, Speed: 0.00 M/s, Resolution: None
Name: CCTV-8, URL: http://gslbmgsplive.miguvideo.com/wd_r2/2018/ocn/cctv8hd/2000/index.m3u8?msisdn=20250920160034b3d10ca2e5ca463ea14d4ff71f2b6e97&mdspid=&spid=699004&netType=0&sid=5500212868&pid=2028597139&timestamp=20250920160034&Channel_ID=0116_2600000900-99000-201600010010027&ProgramID=624878356&ParentNodeID=-99&assertID=5500212868&client_ip=106.13.250.90&SecurityKey=20250920160034&promotionId=&mvid=5100001695&mcid=500020&playurlVersion=WX-A1-8.9.1-RELEASE&userid=&jmhm=&videocodec=h264&bean=mgspad&tid=android&conFee=0&puData=11fc8a476fe460d28d84415adc39638a&ddCalcu=a181e3f26c49803ac4d7a65f1e444680dd82, IPv_Type: ipv6, Location: 中国, ISP: 中国移动, Date: None, Delay: -1 ms, Speed: 0.00 M/s, Resolution: None
Name: CCTV-8, URL: http://gslbmgsplive.miguvideo.com/wd_r2/2018/ocn/cctv8hd/2000/index.m3u8?msisdn=2025092106003401ce2847c9c745729e4aa06d52c55b77&mdspid=&spid=699004&netType=0&sid=5500212868&pid=2028597139&timestamp=20250921060034&Channel_ID=0116_2600000900-99000-201600010010027&ProgramID=624878356&ParentNodeID=-99&assertID=5500212868&client_ip=106.13.250.88&SecurityKey=20250921060034&promotionId=&mvid=5100001695&mcid=500020&playurlVersion=WX-A1-8.9.1-RELEASE&userid=&jmhm=&videocodec=h264&bean=mgspad&tid=android&conFee=0&puData=da4d97c84c952323628dee26dc808872&ddCalcu=2d7ae8428d409087ccd8642ce9e5d2832263, IPv_Type: ipv6, Location: 中国, ISP: 中国移动, Date: None, Delay: -1 ms, Speed: 0.00 M/s, Resolution: None
Name: CCTV-8, URL: http://gslbmgsplive.miguvideo.com/wd_r2/2018/ocn/cctv8hd/2000/index.m3u8?msisdn=20250921180034037510d6d6d94259881b44b82f87dba9&mdspid=&spid=699004&netType=0&sid=5500212868&pid=2028597139&timestamp=20250921180034&Channel_ID=0116_2600000900-99000-201600010010027&ProgramID=624878356&ParentNodeID=-99&assertID=5500212868&client_ip=106.13.250.89&SecurityKey=20250921180034&promotionId=&mvid=5100001695&mcid=500020&playurlVersion=WX-A1-8.9.1-RELEASE&userid=&jmhm=&videocodec=h264&bean=mgspad&tid=android&conFee=0&puData=429183677b9199cf2bf9d92c3784a110&ddCalcu=0412e192a14480837637c72b99d199f9bc2f, IPv_Type: ipv6, Location: 中国, ISP: 中国移动, Date: None, Delay: -1 ms, Speed: 0.00 M/s, Resolution: None
Name: CCTV-8, URL: http://gslbmgsplive.miguvideo.com/wd_r2/2018/ocn/cctv8hd/2000/index.m3u8?msisdn=20250922060029d33ae696efa341f190435f91a8769a77&mdspid=&spid=699004&netType=0&sid=5500212868&pid=2028597139&timestamp=20250922060029&Channel_ID=0116_2600000900-99000-201600010010027&ProgramID=624878356&ParentNodeID=-99&assertID=5500212868&client_ip=106.13.250.89&SecurityKey=20250922060029&promotionId=&mvid=5100001695&mcid=500020&playurlVersion=WX-A1-8.9.1-RELEASE&userid=&jmhm=&videocodec=h264&bean=mgspad&tid=android&conFee=0&puData=c4c03d69d4a92ebef8c0835d8f326aa2&ddCalcu=2ca4eac26042303df689dd543a8902ce8bfe, IPv_Type: ipv6, Location: 中国, ISP: 中国移动, Date: None, Delay: -1 ms, Speed: 0.00 M/s, Resolution: None
Name: CCTV-8, URL: http://gslbmgsplive.miguvideo.com/wd_r2/2018/ocn/cctv8hd/2000/index.m3u8?msisdn=20250922180037266d272fcec34a72ae545b436770a2fb&mdspid=&spid=699004&netType=0&sid=5500212868&pid=2028597139&timestamp=20250922180037&Channel_ID=0116_2600000900-99000-201600010010027&ProgramID=624878356&ParentNodeID=-99&assertID=5500212868&client_ip=106.13.250.90&SecurityKey=20250922180037&promotionId=&mvid=5100001695&mcid=500020&playurlVersion=WX-A1-8.9.1-RELEASE&userid=&jmhm=&videocodec=h264&bean=mgspad&tid=android&conFee=0&puData=a4bd2f2d36336fae6e123381e7ce186d&ddCalcu=da64e8b21d4e20cf72ed13863333261fea6e, IPv_Type: ipv6, Location: 中国, ISP: 中国移动, Date: None, Delay: -1 ms, Speed: 0.00 M/s, Resolution: None
Name: CCTV-8, URL: http://gslbmgsplive.miguvideo.com/wd_r2/2018/ocn/cctv8hd/2000/index.m3u8?msisdn=20250923180032f4e67acb6fe54da2ae9013067c6543fd&mdspid=&spid=699004&netType=0&sid=5500212868&pid=2028597139&timestamp=20250923180032&Channel_ID=0116_2600000900-99000-201600010010027&ProgramID=624878356&ParentNodeID=-99&assertID=5500212868&client_ip=106.13.250.88&SecurityKey=20250923180032&promotionId=&mvid=5100001695&mcid=500020&playurlVersion=WX-A1-8.9.1-RELEASE&userid=&jmhm=&videocodec=h264&bean=mgspad&tid=android&conFee=0&puData=ce25a2060899ed478aca65e79d51c859&ddCalcu=9c5ee822c541a052d09670e85969aecda487, IPv_Type: ipv6, Location: 中国, ISP: 中国移动, Date: None, Delay: -1 ms, Speed: 0.00 M/s, Resolution: None
Name: CCTV-8, URL: http://gslbmgsplive.miguvideo.com/wd_r2/2018/ocn/cctv8hd/2000/index.m3u8?msisdn=20250924040028522aa1626ccd4470b053450aed602963&mdspid=&spid=699004&netType=0&sid=5500212868&pid=2028597139&timestamp=20250924040028&Channel_ID=0116_2600000900-99000-201600010010027&ProgramID=624878356&ParentNodeID=-99&assertID=5500212868&client_ip=106.13.250.89&SecurityKey=20250924040028&promotionId=&mvid=5100001695&mcid=500020&playurlVersion=WX-A1-8.9.1-RELEASE&userid=&jmhm=&videocodec=h264&bean=mgspad&tid=android&conFee=0&puData=e7fcd70a12ac573ac84b8bf33c7a78d9&ddCalcu=9ed7e8f27c4ad077c03a31f2ba8cb54783ca, IPv_Type: ipv6, Location: 中国, ISP: 中国移动, Date: None, Delay: -1 ms, Speed: 0.00 M/s, Resolution: None
Name: CCTV-8, URL: https://player.cntv.cn/standard/live_HLSDRM20180524.swf?tai=cctv8&ChannelID=cctv8&videoTVChannel=cctv8&P2PChannelID=pd://cctv_p2p_cctv8, IPv_Type: ipv4, Location: 美国-加利福尼亚州-圣克拉拉, ISP: 网宿CDN节点, Date: None, Delay: 23 ms, Speed: 3.99 M/s, Resolution: 19x24
Name: CCTV-8, URL: https://ldocctvwbcdtxy.liveplay.myqcloud.com/ldocctvwbcd/cdrmldcctv8_1_hd.m3u8, IPv_Type: ipv4, Location: 中国-浙江-宁波, ISP: 电信, Date: None, Delay: 1701 ms, Speed: 0.45 M/s, Resolution: 960x540
Name: CCTV-9, URL: http://php.jdshipin.com/TVOD/hljyd.php?id=3221225734, IPv_Type: ipv6, Location: 美国, ISP: CloudFlare Inc., Date: None, Delay: -1 ms, Speed: 0.00 M/s, Resolution: None
Name: CCTV-9, URL: http://[2409:8087:74f0:22::4]:6410/270000001128/9900000505/index.m3u8, IPv_Type: ipv6, Location: 中国, ISP: 中国移动, Date: None, Delay: -1 ms, Speed: 0.00 M/s, Resolution: None
Name: CCTV-9, URL: http://[2409:8087:3869:8021:1001::e5]:6610/PLTV/88888910/224/3221225646/index.m3u8, IPv_Type: ipv6, Location: 中国, ISP: 中国移动, Date: None, Delay: -1 ms, Speed: 0.00 M/s, Resolution: None
Name: CCTV-9, URL: http://[2409:8087:3869:8021:1001::e5]:6610/PLTV/88888888/224/3221225626/2/index.m3u8, IPv_Type: ipv6, Location: 中国, ISP: 中国移动, Date: None, Delay: -1 ms, Speed: 0.00 M/s, Resolution: None
Name: CCTV-9, URL: http://[2409:8087:3869:8021:1001::e5]:6610/PLTV/88888888/224/3221225646/2/index.m3u8, IPv_Type: ipv6, Location: 中国, ISP: 中国移动, Date: None, Delay: -1 ms, Speed: 0.00 M/s, Resolution: None
Name: CCTV-9, URL: http://iptv.huuc.edu.cn/hls/cctv9hd.m3u8, IPv_Type: ipv6, Location: 中国, ISP: 教育网, Date: None, Delay: -1 ms, Speed: 0.00 M/s, Resolution: None
Name: CCTV-9, URL: http://php.jdshipin.com/itv6.php?cid=ystenlive&id=1000000001000014583, IPv_Type: ipv6, Location: 美国, ISP: CloudFlare Inc., Date: None, Delay: -1 ms, Speed: 0.00 M/s, Resolution: None
Name: CCTV-9, URL: http://nas.suntao.online:35455/itv/1000000001000014583.m3u8?cdn=ystenlive, IPv_Type: ipv6, Location: 中国, ISP: 中国联通, Date: None, Delay: -1 ms, Speed: 0.00 M/s, Resolution: None
Name: CCTV-9, URL: http://yc.myds.me:35455/itv/1000000001000014583.m3u8?cdn=ystenlive, IPv_Type: ipv6, Location: 中国, ISP: 中国电信, Date: None, Delay: -1 ms, Speed: 0.00 M/s, Resolution: None
Name: CCTV-9, URL: http://hlsbkmgsplive.miguvideo.com/migu/kailu/20200324/cctv9hd/57/index.m3u8?&encrypt=, IPv_Type: ipv6, Location: 中国, ISP: 中国移动, Date: None, Delay: -1 ms, Speed: 0.00 M/s, Resolution: None
Name: CCTV-9, URL: http://wouu.net:9977/udp/239.93.1.24:5140, IPv_Type: ipv6, Location: 保留地址, ISP: 主机之间的链路本地地址, Date: None, Delay: -1 ms, Speed: 0.00 M/s, Resolution: None
Name: CCTV-9, URL: http://lu.wqwqwq.sbs/itv/1000000005000265009.m3u8?cdn=ystenlive, IPv_Type: ipv6, Location: 美国, ISP: CloudFlare Inc., Date: None, Delay: -1 ms, Speed: 0.00 M/s, Resolution: None
Name: CCTV-9, URL: http://tvbox6.com/tv/bfgd.php?id=128, IPv_Type: ipv6, Location: 美国, ISP: CloudFlare Inc., Date: None, Delay: -1 ms, Speed: 0.00 M/s, Resolution: None
Name: CCTV-9, URL: https://hls-gateway.vpstv.net/streams/476893.m3u8, IPv_Type: ipv6, Location: 美国, ISP: CloudFlare Inc., Date: None, Delay: -1 ms, Speed: 0.00 M/s, Resolution: None
Name: CCTV-9, URL: https://migu.188766.xyz/?migutoken=5767171e6ac3b4d962c32c3dde6cbc99&id=CCTV9&pp=1, IPv_Type: ipv6, Location: 美国, ISP: CloudFlare Inc., Date: None, Delay: -1 ms, Speed: 0.00 M/s, Resolution: None
Name: CCTV-9, URL: https://migu.188766.xyz/?migutoken=1d62eab74beebb3b062ca609c752aeae&id=CCTV9&pp=1, IPv_Type: ipv6, Location: 美国, ISP: CloudFlare Inc., Date: None, Delay: -1 ms, Speed: 0.00 M/s, Resolution: None
Name: CCTV-9, URL: https://migu.188766.xyz/?migutoken=00bd910cba6214b738a730364b83b327&id=CCTV9&pp=1, IPv_Type: ipv6, Location: 美国, ISP: CloudFlare Inc., Date: None, Delay: -1 ms, Speed: 0.00 M/s, Resolution: None
Name: CCTV-9, URL: https://migu.188766.xyz/?migutoken=88f9254bfa0d2f0fdaa35e3633cc035d&id=CCTV9&pp=1, IPv_Type: ipv6, Location: 美国, ISP: CloudFlare Inc., Date: None, Delay: -1 ms, Speed: 0.00 M/s, Resolution: None
Name: CCTV-9, URL: http://free.cnlive.club/channel/47d2f363/index.m3u8?q=1755825520002, IPv_Type: ipv6, Location: 美国, ISP: CloudFlare Inc., Date: None, Delay: -1 ms, Speed: 0.00 M/s, Resolution: None
Name: CCTV-9, URL: https://smart.pendy.dpdns.org/Smart.php, IPv_Type: ipv6, Location: 美国, ISP: CloudFlare Inc., Date: None, Delay: -1 ms, Speed: 0.00 M/s, Resolution: None
Name: CCTV-9, URL: https://migu.188766.xyz/?migutoken=1b40f27a581c92c6b1e78340151e4371&id=CCTV9&pp=1, IPv_Type: ipv6, Location: 美国, ISP: CloudFlare Inc., Date: None, Delay: -1 ms, Speed: 0.00 M/s, Resolution: None
Name: CCTV-9, URL: https://migu.188766.xyz/?migutoken=f563f0f6dec5213db6cceeb36e7ac91e&id=CCTV9&pp=1, IPv_Type: ipv6, Location: 美国, ISP: CloudFlare Inc., Date: None, Delay: -1 ms, Speed: 0.00 M/s, Resolution: None
Name: CCTV-9, URL: https://cc06.tv12.xyz/10.m3u8, IPv_Type: ipv6, Location: 美国, ISP: CloudFlare Inc., Date: None, Delay: -1 ms, Speed: 0.00 M/s, Resolution: None
Name: CCTV-9, URL: https://migu.188766.xyz/?migutoken=25be0346eb068e39c9b7c308b9b5cb1e&id=CCTV9&pp=1, IPv_Type: ipv6, Location: 美国, ISP: CloudFlare Inc., Date: None, Delay: -1 ms, Speed: 0.00 M/s, Resolution: None
Name: CCTV-9, URL: http://free.cnlive.club/channel/47d2f363/index.m3u8?q=1756948409977, IPv_Type: ipv6, Location: 美国, ISP: CloudFlare Inc., Date: None, Delay: -1 ms, Speed: 0.00 M/s, Resolution: None
Name: CCTV-9, URL: http://free.cnlive.club/channel/47d2f363/index.m3u8?q=1756862022054, IPv_Type: ipv6, Location: 美国, ISP: CloudFlare Inc., Date: None, Delay: -1 ms, Speed: 0.00 M/s, Resolution: None
Name: CCTV-9, URL: https://migu.188766.xyz/?migutoken=3058123618a4af6fe91dba7475d30abd&id=CCTV9&pp=1, IPv_Type: ipv6, Location: 美国, ISP: CloudFlare Inc., Date: None, Delay: -1 ms, Speed: 0.00 M/s, Resolution: None
Name: CCTV-9, URL: https://migu.188766.xyz/?migutoken=57159d31dd7c56a5fa36060a1aaeed77&id=CCTV9&pp=1, IPv_Type: ipv6, Location: 美国, ISP: CloudFlare Inc., Date: None, Delay: -1 ms, Speed: 0.00 M/s, Resolution: None
Name: CCTV-9, URL: https://migu.188766.xyz/?migutoken=0b8554140c71b0c4304ee1819a9b0ee5&id=CCTV9&type=yy, IPv_Type: ipv6, Location: 美国, ISP: CloudFlare Inc., Date: None, Delay: -1 ms, Speed: 0.00 M/s, Resolution: None
Name: CCTV-9, URL: https://migu.188766.xyz/?migutoken=e054f33a19f2e0ccab6423a0c915979b&id=CCTV9&type=yy, IPv_Type: ipv6, Location: 美国, ISP: CloudFlare Inc., Date: None, Delay: -1 ms, Speed: 0.00 M/s, Resolution: None
Name: CCTV-9, URL: https://migu.188766.xyz/?migutoken=5a398693afeb6dd9cd0629b07d4cf521&id=CCTV9&type=yy, IPv_Type: ipv6, Location: 美国, ISP: CloudFlare Inc., Date: None, Delay: -1 ms, Speed: 0.00 M/s, Resolution: None
Name: CCTV-9, URL: https://migu.188766.xyz/?migutoken=566c78d8d05acbfe4f212ae702e2d4c6&id=CCTV9&type=yy, IPv_Type: ipv6, Location: 美国, ISP: CloudFlare Inc., Date: None, Delay: -1 ms, Speed: 0.00 M/s, Resolution: None
Name: CCTV-9, URL: https://migu.188766.xyz/?migutoken=cc041cec6fbf5a42f793caed4b34769d&id=CCTV9&type=yy, IPv_Type: ipv6, Location: 美国, ISP: CloudFlare Inc., Date: None, Delay: -1 ms, Speed: 0.00 M/s, Resolution: None
Name: CCTV-9, URL: http://gslbmgsplive.miguvideo.com/migu/kailu/20200324/cctv9hd/51/index.m3u8?msisdn=2025091904003692c7e9aa08e44d3d89c61891c22b0121&mdspid=&spid=699004&netType=0&sid=5501083624&pid=2028597139&timestamp=20250919040036&Channel_ID=0116_2600000900-99000-201600010010027&ProgramID=673168140&ParentNodeID=-99&assertID=5501083624&client_ip=106.13.250.89&SecurityKey=20250919040036&promotionId=&mvid=5102910384&mcid=500020&playurlVersion=WX-A1-8.9.1-RELEASE&userid=&jmhm=&videocodec=h264&bean=mgspad&tid=android&conFee=0&puData=9ea328699f29627716c681b6ae314e0b&ddCalcu=b90eeea143312038e6a969bf128966c26717, IPv_Type: ipv6, Location: 中国, ISP: 中国移动, Date: None, Delay: -1 ms, Speed: 0.00 M/s, Resolution: None
Name: CCTV-9, URL: http://gslbmgsplive.miguvideo.com/migu/kailu/20200324/cctv9hd/51/index.m3u8?msisdn=20250919160035980ba685545c43ce867a68463257e5ec&mdspid=&spid=699004&netType=0&sid=5501083624&pid=2028597139&timestamp=20250919160035&Channel_ID=0116_2600000900-99000-201600010010027&ProgramID=673168140&ParentNodeID=-99&assertID=5501083624&client_ip=106.13.250.89&SecurityKey=20250919160035&promotionId=&mvid=5102910384&mcid=500020&playurlVersion=WX-A1-8.9.1-RELEASE&userid=&jmhm=&videocodec=h264&bean=mgspad&tid=android&conFee=0&puData=79d753bd0dd1d7939f6bf5ed3b5dfcd0&ddCalcu=07d9ecd1f73d5053bb3dd0ed5df1bd67f993, IPv_Type: ipv6, Location: 中国, ISP: 中国移动, Date: None, Delay: -1 ms, Speed: 0.00 M/s, Resolution: None
Name: CCTV-9, URL: http://gslbmgsplive.miguvideo.com/migu/kailu/20200324/cctv9hd/51/index.m3u8?msisdn=202509200400392b1fe07c1a8f42f5941e08831daf6e2d&mdspid=&spid=699004&netType=0&sid=5501083624&pid=2028597139&timestamp=20250920040039&Channel_ID=0116_2600000900-99000-201600010010027&ProgramID=673168140&ParentNodeID=-99&assertID=5501083624&client_ip=106.13.250.83&SecurityKey=20250920040039&promotionId=&mvid=5102910384&mcid=500020&playurlVersion=WX-A1-8.9.1-RELEASE&userid=&jmhm=&videocodec=h264&bean=mgspad&tid=android&conFee=0&puData=4f1da801a4a971874da60c3ba469cd2e&ddCalcu=e42fed11cd39a06840a1ba34ca0967a1d847, IPv_Type: ipv6, Location: 中国, ISP: 中国移动, Date: None, Delay: -1 ms, Speed: 0.00 M/s, Resolution: None
Name: CCTV-9, URL: http://gslbmgsplive.miguvideo.com/migu/kailu/20200324/cctv9hd/51/index.m3u8?msisdn=20250920160034dcb9d515f1154d698e9965d36f025a5a&mdspid=&spid=699004&netType=0&sid=5501083624&pid=2028597139&timestamp=20250920160034&Channel_ID=0116_2600000900-99000-201600010010027&ProgramID=673168140&ParentNodeID=-99&assertID=5501083624&client_ip=106.13.250.90&SecurityKey=20250920160034&promotionId=&mvid=5102910384&mcid=500020&playurlVersion=WX-A1-8.9.1-RELEASE&userid=&jmhm=&videocodec=h264&bean=mgspad&tid=android&conFee=0&puData=69105bc059e4b35676aae811aa5a4fe2&ddCalcu=26e9ef12403a505baca015198ee4aba36576, IPv_Type: ipv6, Location: 中国, ISP: 中国移动, Date: None, Delay: -1 ms, Speed: 0.00 M/s, Resolution: None
Name: CCTV-9, URL: http://gslbmgsplive.miguvideo.com/migu/kailu/20200324/cctv9hd/51/index.m3u8?msisdn=2025092106003487efffba67764276a9c283bf7e6a8fc3&mdspid=&spid=699004&netType=0&sid=5501083624&pid=2028597139&timestamp=20250921060034&Channel_ID=0116_2600000900-99000-201600010010027&ProgramID=673168140&ParentNodeID=-99&assertID=5501083624&client_ip=106.13.250.88&SecurityKey=20250921060034&promotionId=&mvid=5102910384&mcid=500020&playurlVersion=WX-A1-8.9.1-RELEASE&userid=&jmhm=&videocodec=h264&bean=mgspad&tid=android&conFee=0&puData=71e5207cf16038a96bf0fc38c104627d&ddCalcu=d771e2e26534200017cc8f31c6f003f8ba69, IPv_Type: ipv6, Location: 中国, ISP: 中国移动, Date: None, Delay: -1 ms, Speed: 0.00 M/s, Resolution: None
Name: CCTV-9, URL: http://gslbmgsplive.miguvideo.com/migu/kailu/20200324/cctv9hd/51/index.m3u8?msisdn=202509211800344d2f005ebd6548d78240f28a56e08a3f&mdspid=&spid=699004&netType=0&sid=5501083624&pid=2028597139&timestamp=20250921180034&Channel_ID=0116_2600000900-99000-201600010010027&ProgramID=673168140&ParentNodeID=-99&assertID=5501083624&client_ip=106.13.250.89&SecurityKey=20250921180034&promotionId=&mvid=5102910384&mcid=500020&playurlVersion=WX-A1-8.9.1-RELEASE&userid=&jmhm=&videocodec=h264&bean=mgspad&tid=android&conFee=0&puData=da1821471235fe8b60bd8dd94158d56e&ddCalcu=ed6ae512d8382051144791d2d385dfbe086b, IPv_Type: ipv6, Location: 中国, ISP: 中国移动, Date: None, Delay: -1 ms, Speed: 0.00 M/s, Resolution: None
Name: CCTV-9, URL: http://gslbmgsplive.miguvideo.com/migu/kailu/20200324/cctv9hd/51/index.m3u8?msisdn=20250922060029c0ca5717a90f47ddbd9fb1107220292b&mdspid=&spid=699004&netType=0&sid=5501083624&pid=2028597139&timestamp=20250922060029&Channel_ID=0116_2600000900-99000-201600010010027&ProgramID=673168140&ParentNodeID=-99&assertID=5501083624&client_ip=106.13.250.89&SecurityKey=20250922060029&promotionId=&mvid=5102910384&mcid=500020&playurlVersion=WX-A1-8.9.1-RELEASE&userid=&jmhm=&videocodec=h264&bean=mgspad&tid=android&conFee=0&puData=34b2e5984973632344185777221517b0&ddCalcu=03b4e7b21235e01529287479775386134243, IPv_Type: ipv6, Location: 中国, ISP: 中国移动, Date: None, Delay: -1 ms, Speed: 0.00 M/s, Resolution: None
Name: CCTV-9, URL: http://gslbmgsplive.miguvideo.com/migu/kailu/20200324/cctv9hd/51/index.m3u8?msisdn=202509221800371e5038531caf45d39f76721cfa16e2b0&mdspid=&spid=699004&netType=0&sid=5501083624&pid=2028597139&timestamp=20250922180037&Channel_ID=0116_2600000900-99000-201600010010027&ProgramID=673168140&ParentNodeID=-99&assertID=5501083624&client_ip=106.13.250.90&SecurityKey=20250922180037&promotionId=&mvid=5102910384&mcid=500020&playurlVersion=WX-A1-8.9.1-RELEASE&userid=&jmhm=&videocodec=h264&bean=mgspad&tid=android&conFee=0&puData=e9aac63e55798d0c365aaab586de2202&ddCalcu=2e09e2a22a3ec0d6638e55b5a7a9a85d603c, IPv_Type: ipv6, Location: 中国, ISP: 中国移动, Date: None, Delay: -1 ms, Speed: 0.00 M/s, Resolution: None
Name: CCTV-9, URL: http://gslbmgsplive.miguvideo.com/migu/kailu/20200324/cctv9hd/51/index.m3u8?msisdn=202509231800331080bcee2b11403b8f7500286d4e32f7&mdspid=&spid=699004&netType=0&sid=5501083624&pid=2028597139&timestamp=20250923180033&Channel_ID=0116_2600000900-99000-201600010010027&ProgramID=673168140&ParentNodeID=-99&assertID=5501083624&client_ip=106.13.250.88&SecurityKey=20250923180033&promotionId=&mvid=5102910384&mcid=500020&playurlVersion=WX-A1-8.9.1-RELEASE&userid=&jmhm=&videocodec=h264&bean=mgspad&tid=android&conFee=0&puData=a3a8a64eb3d5ae22fc28f833870c601a&ddCalcu=aa13e0a2683ca006748e3b338df58a2ec2f2, IPv_Type: ipv6, Location: 中国, ISP: 中国移动, Date: None, Delay: -1 ms, Speed: 0.00 M/s, Resolution: None
Name: CCTV-9, URL: http://gslbmgsplive.miguvideo.com/migu/kailu/20200324/cctv9hd/51/index.m3u8?msisdn=20250924040028f177fcc121e14439aa92084d7deb6bd5&mdspid=&spid=699004&netType=0&sid=5501083624&pid=2028597139&timestamp=20250924040028&Channel_ID=0116_2600000900-99000-201600010010027&ProgramID=673168140&ParentNodeID=-99&assertID=5501083624&client_ip=106.13.250.89&SecurityKey=20250924040028&promotionId=&mvid=5102910384&mcid=500020&playurlVersion=WX-A1-8.9.1-RELEASE&userid=&jmhm=&videocodec=h264&bean=mgspad&tid=android&conFee=0&puData=2eef97951f428a6f6d0298d79c17ecd8&ddCalcu=82deece2ef379017c99571df8492280ad66f, IPv_Type: ipv6, Location: 中国, ISP: 中国移动, Date: None, Delay: -1 ms, Speed: 0.00 M/s, Resolution: None
Name: CCTV-9, URL: http://player.cntv.cn/standard/live_HLSDRM20180606.swf?v=180.171.5.8.9.6.3.9&vdnSID=&vdnIP=&vdnCountryCode=&vdnProvinceCode=&vdnCityCode=&vdnISPCode=&tai=cctvjilu&ChannelID=cctvjilu&videoTVChannel=cctvjilu&P2PChannelID=pd://cctv_p2p_cctvjilu, IPv_Type: ipv4, Location: 美国-加利福尼亚州-圣克拉拉, ISP: 网宿CDN节点, Date: None, Delay: 5 ms, Speed: 39.43 M/s, Resolution: 19x24
Name: CCTV-9, URL: http://p.ytelc.com/169l/0/cctv.php?id=cctv9, IPv_Type: ipv4, Location: 中国-江苏-常州, ISP: 电信, Date: None, Delay: 4011 ms, Speed: 1.24 M/s, Resolution: None
Name: CCTV-9, URL: http://ygbh.site/php/bfgd.php?id=128, IPv_Type: ipv4, Location: 美国-加利福尼亚州, ISP: , Date: None, Delay: 10400 ms, Speed: 0.00 M/s, Resolution: None
Name: CCTV-10, URL: http://z.b.bkpcp.top/m.php?id=CCTV-10科教科教, IPv_Type: ipv6, Location: 美国, ISP: CloudFlare Inc., Date: None, Delay: -1 ms, Speed: 0.00 M/s, Resolution: None
Name: CCTV-10, URL: http://goo.bkpcp.top/mg/cctv10, IPv_Type: ipv6, Location: 美国, ISP: CloudFlare Inc., Date: None, Delay: -1 ms, Speed: 0.00 M/s, Resolution: None
Name: CCTV-10, URL: http://[2409:8087:74f0:22::4]:6410/270000001128/9900000506/index.m3u8, IPv_Type: ipv6, Location: 中国, ISP: 中国移动, Date: None, Delay: -1 ms, Speed: 0.00 M/s, Resolution: None
Name: CCTV-10, URL: http://[2409:8087:3869:8021:1001::e5]:6610/PLTV/88888910/224/3221225636/index.m3u8, IPv_Type: ipv6, Location: 中国, ISP: 中国移动, Date: None, Delay: -1 ms, Speed: 0.00 M/s, Resolution: None
Name: CCTV-10, URL: http://[2409:8087:3869:8021:1001::e5]:6610/PLTV/88888888/224/3221225636/2/index.m3u8, IPv_Type: ipv6, Location: 中国, ISP: 中国移动, Date: None, Delay: -1 ms, Speed: 0.00 M/s, Resolution: None
Name: CCTV-10, URL: http://iptv.huuc.edu.cn/hls/cctv10hd.m3u8, IPv_Type: ipv6, Location: 中国, ISP: 教育网, Date: None, Delay: -1 ms, Speed: 0.00 M/s, Resolution: None
Name: CCTV-10, URL: http://nas.suntao.online:35455/itv/1000000001000023734.m3u8?cdn=ystenlive, IPv_Type: ipv6, Location: 中国, ISP: 中国联通, Date: None, Delay: -1 ms, Speed: 0.00 M/s, Resolution: None
Name: CCTV-10, URL: http://yc.myds.me:35455/itv/1000000001000023734.m3u8?cdn=ystenlive, IPv_Type: ipv6, Location: 中国, ISP: 中国电信, Date: None, Delay: -1 ms, Speed: 0.00 M/s, Resolution: None
Name: CCTV-10, URL: http://rrs01.hw.gmcc.net:8088/PLTV/81/224/3221226708/1.m3u8, IPv_Type: ipv6, Location: 中国, ISP: 中国移动, Date: None, Delay: -1 ms, Speed: 0.00 M/s, Resolution: None
Name: CCTV-10, URL: http://[2409:8087:3869:8021:1001::e5]:6610/PLTV/88888888/224/3221225496/2/index.m3u8, IPv_Type: ipv6, Location: 中国, ISP: 中国移动, Date: None, Delay: -1 ms, Speed: 0.00 M/s, Resolution: None
Name: CCTV-10, URL: http://alvin.ergotron.net:8000/udp/239.77.1.113:5146, IPv_Type: ipv6, Location: 中国, ISP: 中国电信, Date: None, Delay: -1 ms, Speed: 0.00 M/s, Resolution: None
Name: CCTV-10, URL: http://wouu.net:9977/udp/239.93.1.28:5140, IPv_Type: ipv6, Location: 保留地址, ISP: 主机之间的链路本地地址, Date: None, Delay: -1 ms, Speed: 0.00 M/s, Resolution: None
Name: CCTV-10, URL: http://lu.wqwqwq.sbs/itv/1000000005000265010.m3u8?cdn=ystenlive, IPv_Type: ipv6, Location: 美国, ISP: CloudFlare Inc., Date: None, Delay: -1 ms, Speed: 0.00 M/s, Resolution: None
Name: CCTV-10, URL: http://tvbox6.com/tv/bfgd.php?id=129, IPv_Type: ipv6, Location: 美国, ISP: CloudFlare Inc., Date: None, Delay: -1 ms, Speed: 0.00 M/s, Resolution: None
Name: CCTV-10, URL: https://migu.188766.xyz/?migutoken=1cbe65d253543b406bc765d6c4f4df22&id=CCTV10&pp=1, IPv_Type: ipv6, Location: 美国, ISP: CloudFlare Inc., Date: None, Delay: -1 ms, Speed: 0.00 M/s, Resolution: None
Name: CCTV-10, URL: http://free.cnlive.club/channel/n4fe64a4e/index.m3u8?q=1755825520002, IPv_Type: ipv6, Location: 美国, ISP: CloudFlare Inc., Date: None, Delay: -1 ms, Speed: 0.00 M/s, Resolution: None
Name: CCTV-10, URL: https://hls-gateway.vpstv.net/streams/476896.m3u8, IPv_Type: ipv6, Location: 美国, ISP: CloudFlare Inc., Date: None, Delay: -1 ms, Speed: 0.00 M/s, Resolution: None
Name: CCTV-10, URL: https://smart.pendy.dpdns.org/Smart.php, IPv_Type: ipv6, Location: 美国, ISP: CloudFlare Inc., Date: None, Delay: -1 ms, Speed: 0.00 M/s, Resolution: None
Name: CCTV-10, URL: https://migu.188766.xyz/?migutoken=fe3547efad64b27ac47827c9c4c27e73&id=CCTV10&pp=1, IPv_Type: ipv6, Location: 美国, ISP: CloudFlare Inc., Date: None, Delay: -1 ms, Speed: 0.00 M/s, Resolution: None
Name: CCTV-10, URL: https://migu.188766.xyz/?migutoken=d0367529b6e957831b7fa60e19ab8473&id=CCTV10&pp=1, IPv_Type: ipv6, Location: 美国, ISP: CloudFlare Inc., Date: None, Delay: -1 ms, Speed: 0.00 M/s, Resolution: None
Name: CCTV-10, URL: https://migu.188766.xyz/?migutoken=b829356e66952ab6bd5644a71e8e4f20&id=CCTV10&pp=1, IPv_Type: ipv6, Location: 美国, ISP: CloudFlare Inc., Date: None, Delay: -1 ms, Speed: 0.00 M/s, Resolution: None
Name: CCTV-10, URL: https://cc06.tv12.xyz/11.m3u8, IPv_Type: ipv6, Location: 美国, ISP: CloudFlare Inc., Date: None, Delay: -1 ms, Speed: 0.00 M/s, Resolution: None
Name: CCTV-10, URL: http://free.cnlive.club/channel/n4fe64a4e/index.m3u8?q=1756862022054, IPv_Type: ipv6, Location: 美国, ISP: CloudFlare Inc., Date: None, Delay: -1 ms, Speed: 0.00 M/s, Resolution: None
Name: CCTV-10, URL: https://migu.188766.xyz/?migutoken=3374e5c8ddcbddb0de5b275c44014151&id=CCTV10&pp=1, IPv_Type: ipv6, Location: 美国, ISP: CloudFlare Inc., Date: None, Delay: -1 ms, Speed: 0.00 M/s, Resolution: None
Name: CCTV-10, URL: http://free.cnlive.club/channel/n4fe64a4e/index.m3u8?q=1756948409977, IPv_Type: ipv6, Location: 美国, ISP: CloudFlare Inc., Date: None, Delay: -1 ms, Speed: 0.00 M/s, Resolution: None
Name: CCTV-10, URL: https://migu.188766.xyz/?migutoken=1b384b69182f954e0fb3361defe102c0&id=CCTV10&pp=1, IPv_Type: ipv6, Location: 美国, ISP: CloudFlare Inc., Date: None, Delay: -1 ms, Speed: 0.00 M/s, Resolution: None
Name: CCTV-10, URL: https://migu.188766.xyz/?migutoken=f1c893c9209df514eafc6dfc4a30645e&id=CCTV10&pp=1, IPv_Type: ipv6, Location: 美国, ISP: CloudFlare Inc., Date: None, Delay: -1 ms, Speed: 0.00 M/s, Resolution: None
Name: CCTV-10, URL: https://migu.188766.xyz/?migutoken=b00581e45a5c4b3ea7a6235947058e8c&id=CCTV10&pp=1, IPv_Type: ipv6, Location: 美国, ISP: CloudFlare Inc., Date: None, Delay: -1 ms, Speed: 0.00 M/s, Resolution: None
Name: CCTV-10, URL: https://migu.188766.xyz/?migutoken=17a4725e71442939cb19173ee72bba15&id=CCTV10&type=yy, IPv_Type: ipv6, Location: 美国, ISP: CloudFlare Inc., Date: None, Delay: -1 ms, Speed: 0.00 M/s, Resolution: None
Name: CCTV-10, URL: https://migu.188766.xyz/?migutoken=19b5e0bcb8ae6631bda421c2e246f5ee&id=CCTV10&type=yy, IPv_Type: ipv6, Location: 美国, ISP: CloudFlare Inc., Date: None, Delay: -1 ms, Speed: 0.00 M/s, Resolution: None
Name: CCTV-10, URL: https://migu.188766.xyz/?migutoken=549d14a503a578a43d0b4f5773d6ada6&id=CCTV10&type=yy, IPv_Type: ipv6, Location: 美国, ISP: CloudFlare Inc., Date: None, Delay: -1 ms, Speed: 0.00 M/s, Resolution: None
Name: CCTV-10, URL: https://migu.188766.xyz/?migutoken=2e0b6e3c1937381b8a3ccb38ad47dacb&id=CCTV10&type=yy, IPv_Type: ipv6, Location: 美国, ISP: CloudFlare Inc., Date: None, Delay: -1 ms, Speed: 0.00 M/s, Resolution: None
Name: CCTV-10, URL: https://migu.188766.xyz/?migutoken=3d650377593e4440c642235c3202a834&id=CCTV10&type=yy, IPv_Type: ipv6, Location: 美国, ISP: CloudFlare Inc., Date: None, Delay: -1 ms, Speed: 0.00 M/s, Resolution: None
Name: CCTV-10, URL: http://gslbmgsplive.miguvideo.com/wd_r2/2018/ocn/cctv10hd/2000/index.m3u8?msisdn=202509190400367b1564b6b8a845a5817702afd97932a9&mdspid=&spid=699004&netType=0&sid=5500212874&pid=2028597139&timestamp=20250919040036&Channel_ID=0116_2600000900-99000-201600010010027&ProgramID=624878405&ParentNodeID=-99&assertID=5500212874&client_ip=106.13.250.89&SecurityKey=20250919040036&promotionId=&mvid=5100001696&mcid=500020&playurlVersion=WX-A1-8.9.1-RELEASE&userid=&jmhm=&videocodec=h264&bean=mgspad&tid=android&conFee=0&puData=a0ac2b219f834c19c7ae39b3b9d5e7a0&ddCalcu=0aa0e7a1ec4520db92b139bf9833e4ac71c9, IPv_Type: ipv6, Location: 中国, ISP: 中国移动, Date: None, Delay: -1 ms, Speed: 0.00 M/s, Resolution: None
Name: CCTV-10, URL: http://gslbmgsplive.miguvideo.com/wd_r2/2018/ocn/cctv10hd/2000/index.m3u8?msisdn=20250919160035062f5544de0d4b5cb0233c5128cf4f18&mdspid=&spid=699004&netType=0&sid=5500212874&pid=2028597139&timestamp=20250919160035&Channel_ID=0116_2600000900-99000-201600010010027&ProgramID=624878405&ParentNodeID=-99&assertID=5500212874&client_ip=106.13.250.89&SecurityKey=20250919160035&promotionId=&mvid=5100001696&mcid=500020&playurlVersion=WX-A1-8.9.1-RELEASE&userid=&jmhm=&videocodec=h264&bean=mgspad&tid=android&conFee=0&puData=4084b149792d4bb3247c3a8fa894a9b1&ddCalcu=14b0e981a444b09184a9f789a23dc47b4b23, IPv_Type: ipv6, Location: 中国, ISP: 中国移动, Date: None, Delay: -1 ms, Speed: 0.00 M/s, Resolution: None
Name: CCTV-10, URL: http://gslbmgsplive.miguvideo.com/wd_r2/2018/ocn/cctv10hd/2000/index.m3u8?msisdn=20250920040039c98995c74bb54edd9dd4a18f8bbe93ec&mdspid=&spid=699004&netType=0&sid=5500212874&pid=2028597139&timestamp=20250920040039&Channel_ID=0116_2600000900-99000-201600010010027&ProgramID=624878405&ParentNodeID=-99&assertID=5500212874&client_ip=106.13.250.83&SecurityKey=20250920040039&promotionId=&mvid=5100001696&mcid=500020&playurlVersion=WX-A1-8.9.1-RELEASE&userid=&jmhm=&videocodec=h264&bean=mgspad&tid=android&conFee=0&puData=57fdb2d2f4bae7a0609a4deb75a3877d&ddCalcu=d577e7f18d43b0a25d72bfe4db4aae970a60, IPv_Type: ipv6, Location: 中国, ISP: 中国移动, Date: None, Delay: -1 ms, Speed: 0.00 M/s, Resolution: None
Name: CCTV-10, URL: http://gslbmgsplive.miguvideo.com/wd_r2/2018/ocn/cctv10hd/2000/index.m3u8?msisdn=202509201600340ec3f590f85b4a118aa0c7be9107b333&mdspid=&spid=699004&netType=0&sid=5500212874&pid=2028597139&timestamp=20250920160034&Channel_ID=0116_2600000900-99000-201600010010027&ProgramID=624878405&ParentNodeID=-99&assertID=5500212874&client_ip=106.13.250.90&SecurityKey=20250920160034&promotionId=&mvid=5100001696&mcid=500020&playurlVersion=WX-A1-8.9.1-RELEASE&userid=&jmhm=&videocodec=h264&bean=mgspad&tid=android&conFee=0&puData=4e2a635ff023e8fd4022d4261fd2d121&ddCalcu=142ee122da4260d3f51f6f2042d32e280f4d, IPv_Type: ipv6, Location: 中国, ISP: 中国移动, Date: None, Delay: -1 ms, Speed: 0.00 M/s, Resolution: None
Name: CCTV-10, URL: http://gslbmgsplive.miguvideo.com/wd_r2/2018/ocn/cctv10hd/2000/index.m3u8?msisdn=202509210600341c26a72f22544003a93f9bdb95f05c2a&mdspid=&spid=699004&netType=0&sid=5500212874&pid=2028597139&timestamp=20250921060034&Channel_ID=0116_2600000900-99000-201600010010027&ProgramID=624878405&ParentNodeID=-99&assertID=5500212874&client_ip=106.13.250.88&SecurityKey=20250921060034&promotionId=&mvid=5100001696&mcid=500020&playurlVersion=WX-A1-8.9.1-RELEASE&userid=&jmhm=&videocodec=h264&bean=mgspad&tid=android&conFee=0&puData=c0309c6abf2faf90066af5263e94773a&ddCalcu=ac30e7327044909ce63a6b2f52ffaa6f6900, IPv_Type: ipv6, Location: 中国, ISP: 中国移动, Date: None, Delay: -1 ms, Speed: 0.00 M/s, Resolution: None
Name: CCTV-10, URL: http://gslbmgsplive.miguvideo.com/wd_r2/2018/ocn/cctv10hd/2000/index.m3u8?msisdn=202509211800347736e4e7ccd64e7db1405b492e41f715&mdspid=&spid=699004&netType=0&sid=5500212874&pid=2028597139&timestamp=20250921180034&Channel_ID=0116_2600000900-99000-201600010010027&ProgramID=624878405&ParentNodeID=-99&assertID=5500212874&client_ip=106.13.250.89&SecurityKey=20250921180034&promotionId=&mvid=5100001696&mcid=500020&playurlVersion=WX-A1-8.9.1-RELEASE&userid=&jmhm=&videocodec=h264&bean=mgspad&tid=android&conFee=0&puData=f7898ecd7c52aee24bc5581f8fbf09d0&ddCalcu=0fd7e982094f80befc8df71c85525acebe42, IPv_Type: ipv6, Location: 中国, ISP: 中国移动, Date: None, Delay: -1 ms, Speed: 0.00 M/s, Resolution: None
Name: CCTV-10, URL: http://gslbmgsplive.miguvideo.com/wd_r2/2018/ocn/cctv10hd/2000/index.m3u8?msisdn=20250922060029f9c2e2f0fafc43fe800ff2a358ed3505&mdspid=&spid=699004&netType=0&sid=5500212874&pid=2028597139&timestamp=20250922060029&Channel_ID=0116_2600000900-99000-201600010010027&ProgramID=624878405&ParentNodeID=-99&assertID=5500212874&client_ip=106.13.250.89&SecurityKey=20250922060029&promotionId=&mvid=5100001696&mcid=500020&playurlVersion=WX-A1-8.9.1-RELEASE&userid=&jmhm=&videocodec=h264&bean=mgspad&tid=android&conFee=0&puData=f97e403c4514eb5daf8f539313fd8e71&ddCalcu=1f79ee728e4d40f0331c34953154fe8bf5ad, IPv_Type: ipv6, Location: 中国, ISP: 中国移动, Date: None, Delay: -1 ms, Speed: 0.00 M/s, Resolution: None
Name: CCTV-10, URL: http://gslbmgsplive.miguvideo.com/wd_r2/2018/ocn/cctv10hd/2000/index.m3u8?msisdn=20250922180038ce9f2b97dd1c4d2ba5ff924db1c71025&mdspid=&spid=699004&netType=0&sid=5500212874&pid=2028597139&timestamp=20250922180038&Channel_ID=0116_2600000900-99000-201600010010027&ProgramID=624878405&ParentNodeID=-99&assertID=5500212874&client_ip=106.13.250.90&SecurityKey=20250922180038&promotionId=&mvid=5100001696&mcid=500020&playurlVersion=WX-A1-8.9.1-RELEASE&userid=&jmhm=&videocodec=h264&bean=mgspad&tid=android&conFee=0&puData=f0916b6645f83e94459b47d89d4e3a07&ddCalcu=7f00ea92314e604bd69684d57f48b39e5944, IPv_Type: ipv6, Location: 中国, ISP: 中国移动, Date: None, Delay: -1 ms, Speed: 0.00 M/s, Resolution: None
Name: CCTV-10, URL: http://gslbmgsplive.miguvideo.com/wd_r2/2018/ocn/cctv10hd/2000/index.m3u8?msisdn=20250923180033c46430af8af647178f3efb31280b7fed&mdspid=&spid=699004&netType=0&sid=5500212874&pid=2028597139&timestamp=20250923180033&Channel_ID=0116_2600000900-99000-201600010010027&ProgramID=624878405&ParentNodeID=-99&assertID=5500212874&client_ip=106.13.250.88&SecurityKey=20250923180033&promotionId=&mvid=5100001696&mcid=500020&playurlVersion=WX-A1-8.9.1-RELEASE&userid=&jmhm=&videocodec=h264&bean=mgspad&tid=android&conFee=0&puData=a7147235c3e27ca58a6cf73365beea59&ddCalcu=9a57ea12e44e70b253653c337ef2c76caa85, IPv_Type: ipv6, Location: 中国, ISP: 中国移动, Date: None, Delay: -1 ms, Speed: 0.00 M/s, Resolution: None
Name: CCTV-10, URL: http://gslbmgsplive.miguvideo.com/wd_r2/2018/ocn/cctv10hd/2000/index.m3u8?msisdn=2025092404002823057d35ccfd4980999fe8db7b4bd5e9&mdspid=&spid=699004&netType=0&sid=5500212874&pid=2028597139&timestamp=20250924040028&Channel_ID=0116_2600000900-99000-201600010010027&ProgramID=624878405&ParentNodeID=-99&assertID=5500212874&client_ip=106.13.250.89&SecurityKey=20250924040028&promotionId=&mvid=5100001696&mcid=500020&playurlVersion=WX-A1-8.9.1-RELEASE&userid=&jmhm=&videocodec=h264&bean=mgspad&tid=android&conFee=0&puData=ab16b037087293c2ff46cdbaccd4cb54&ddCalcu=4a5beb12c644b0d0c3c7a0b8d7c26943fcf2, IPv_Type: ipv6, Location: 中国, ISP: 中国移动, Date: None, Delay: -1 ms, Speed: 0.00 M/s, Resolution: None
Name: CCTV-10, URL: http://player.cntv.cn/standard/live_HLSDRM20180919.swf?v=180.171.5.8.9.6.3.9&ChannelID=cctv10&videoTVChannel=cctv10&P2PChannelID=pd://cctv_p2p_cctv10&tai=cctv10&VideoName=cctv10&channelID=cctv10, IPv_Type: ipv4, Location: 美国-加利福尼亚州-圣克拉拉, ISP: 网宿CDN节点, Date: None, Delay: 23 ms, Speed: 4.08 M/s, Resolution: 19x24
Name: CCTV-11, URL: http://php.jdshipin.com/TVOD/hljyd.php?id=3221226565, IPv_Type: ipv6, Location: 美国, ISP: CloudFlare Inc., Date: None, Delay: -1 ms, Speed: 0.00 M/s, Resolution: None
Name: CCTV-11, URL: http://[2409:8087:74f0:22::4]:6410/270000001128/9900000508/index.m3u8, IPv_Type: ipv6, Location: 中国, ISP: 中国移动, Date: None, Delay: -1 ms, Speed: 0.00 M/s, Resolution: None
Name: CCTV-11, URL: http://[2409:8087:3869:8021:1001::e5]:6610/PLTV/88888910/224/3221225628/index.m3u8, IPv_Type: ipv6, Location: 中国, ISP: 中国移动, Date: None, Delay: -1 ms, Speed: 0.00 M/s, Resolution: None
Name: CCTV-11, URL: http://[2409:8087:4c0a:22:1::11]:6410/170000001115/UmaiCHAN6000053BESTVSMGSMG/index.m3u8?AuthInfo=9kOOdBn7MFF%2F2bWjKgahUTWDyIgRkFJBAHMhA2ayG0Qj2xHA4vdPGsjBbxSL3p%2FmAObVTfznR%2Fpc%2B76QYmLRMuL3Lj9iabhv8arW7kJe6%2F4, IPv_Type: ipv6, Location: 中国, ISP: 中国移动, Date: None, Delay: -1 ms, Speed: 0.00 M/s, Resolution: None
Name: CCTV-11, URL: http://iptv.huuc.edu.cn/hls/cctv11hd.m3u8, IPv_Type: ipv6, Location: 中国, ISP: 教育网, Date: None, Delay: -1 ms, Speed: 0.00 M/s, Resolution: None
Name: CCTV-11, URL: http://php.jdshipin.com/itv6.php?cid=ystenlive&id=1000000002000019789, IPv_Type: ipv6, Location: 美国, ISP: CloudFlare Inc., Date: None, Delay: -1 ms, Speed: 0.00 M/s, Resolution: None
Name: CCTV-11, URL: http://nas.suntao.online:35455/itv/1000000005000265011.m3u8?cdn=ystenlive, IPv_Type: ipv6, Location: 中国, ISP: 中国联通, Date: None, Delay: -1 ms, Speed: 0.00 M/s, Resolution: None
Name: CCTV-11, URL: http://yc.myds.me:35455/itv/1000000005000265011.m3u8?cdn=ystenlive, IPv_Type: ipv6, Location: 中国, ISP: 中国电信, Date: None, Delay: -1 ms, Speed: 0.00 M/s, Resolution: None
Name: CCTV-11, URL: http://rrs01.hw.gmcc.net:8088/PLTV/81/224/3221226714/1.m3u8, IPv_Type: ipv6, Location: 中国, ISP: 中国移动, Date: None, Delay: -1 ms, Speed: 0.00 M/s, Resolution: None
Name: CCTV-11, URL: http://[2409:8087:5e01:34::38]:6610/ZTE_CMS/00000001000000060000000000000497/index.m3u8, IPv_Type: ipv6, Location: 中国, ISP: 中国移动, Date: None, Delay: -1 ms, Speed: 0.00 M/s, Resolution: None
Name: CCTV-11, URL: http://[2409:8087:5e00:24::1e]:6060/200000001898/460000089800010092/1.m3u8, IPv_Type: ipv6, Location: 中国, ISP: 中国移动, Date: None, Delay: -1 ms, Speed: 0.00 M/s, Resolution: None
Name: CCTV-11, URL: http://alvin.ergotron.net:8000/udp/239.77.1.238:5146, IPv_Type: ipv6, Location: 中国, ISP: 中国电信, Date: None, Delay: -1 ms, Speed: 0.00 M/s, Resolution: None
Name: CCTV-11, URL: http://wouu.net:9977/udp/239.93.0.102:5140, IPv_Type: ipv6, Location: 保留地址, ISP: 主机之间的链路本地地址, Date: None, Delay: -1 ms, Speed: 0.00 M/s, Resolution: None
Name: CCTV-11, URL: http://lu.wqwqwq.sbs/itv/1000000005000265011.m3u8?cdn=ystenlive, IPv_Type: ipv6, Location: 美国, ISP: CloudFlare Inc., Date: None, Delay: -1 ms, Speed: 0.00 M/s, Resolution: None
Name: CCTV-11, URL: http://tvbox6.com/tv/bfgd.php?id=130, IPv_Type: ipv6, Location: 美国, ISP: CloudFlare Inc., Date: None, Delay: -1 ms, Speed: 0.00 M/s, Resolution: None
Name: CCTV-11, URL: https://hls-gateway.vpstv.net/streams/476897.m3u8, IPv_Type: ipv6, Location: 美国, ISP: CloudFlare Inc., Date: None, Delay: -1 ms, Speed: 0.00 M/s, Resolution: None
Name: CCTV-11, URL: https://migu.188766.xyz/?migutoken=12e5fb3beadfe3ad2303bbf31312076c&id=CCTV11&pp=1, IPv_Type: ipv6, Location: 美国, ISP: CloudFlare Inc., Date: None, Delay: -1 ms, Speed: 0.00 M/s, Resolution: None
Name: CCTV-11, URL: http://free.cnlive.club/channel/n4fe8b4d4/index.m3u8?q=1755825520002, IPv_Type: ipv6, Location: 美国, ISP: CloudFlare Inc., Date: None, Delay: -1 ms, Speed: 0.00 M/s, Resolution: None
Name: CCTV-11, URL: https://smart.pendy.dpdns.org/Smart.php, IPv_Type: ipv6, Location: 美国, ISP: CloudFlare Inc., Date: None, Delay: -1 ms, Speed: 0.00 M/s, Resolution: None
Name: CCTV-11, URL: https://migu.188766.xyz/?migutoken=14a6126c814377fae01ac08eb5c596dd&id=CCTV11&pp=1, IPv_Type: ipv6, Location: 美国, ISP: CloudFlare Inc., Date: None, Delay: -1 ms, Speed: 0.00 M/s, Resolution: None
Name: CCTV-11, URL: http://free.cnlive.club/channel/n4fe8b4d4/index.m3u8?q=1756084903216, IPv_Type: ipv6, Location: 美国, ISP: CloudFlare Inc., Date: None, Delay: -1 ms, Speed: 0.00 M/s, Resolution: None
Name: CCTV-11, URL: https://smart.pendy.dpdns.org/Smart.php?id=cctv11, IPv_Type: ipv6, Location: 美国, ISP: CloudFlare Inc., Date: None, Delay: -1 ms, Speed: 0.00 M/s, Resolution: None
Name: CCTV-11, URL: https://migu.188766.xyz/?migutoken=813f35673c424576a28fa434893eea51&id=CCTV11&pp=1, IPv_Type: ipv6, Location: 美国, ISP: CloudFlare Inc., Date: None, Delay: -1 ms, Speed: 0.00 M/s, Resolution: None
Name: CCTV-11, URL: https://migu.188766.xyz/?migutoken=69384009853586cf85b8bce7fd509548&id=CCTV11&pp=1, IPv_Type: ipv6, Location: 美国, ISP: CloudFlare Inc., Date: None, Delay: -1 ms, Speed: 0.00 M/s, Resolution: None
Name: CCTV-11, URL: https://migu.188766.xyz/?migutoken=061bc878d937f2d171bf5f13661d3cd1&id=CCTV11&pp=1, IPv_Type: ipv6, Location: 美国, ISP: CloudFlare Inc., Date: None, Delay: -1 ms, Speed: 0.00 M/s, Resolution: None
Name: CCTV-11, URL: https://cc06.tv12.xyz/12.m3u8, IPv_Type: ipv6, Location: 美国, ISP: CloudFlare Inc., Date: None, Delay: -1 ms, Speed: 0.00 M/s, Resolution: None
Name: CCTV-11, URL: https://migu.188766.xyz/?migutoken=376617deeeda9c34077a85dbf6fdbd3e&id=CCTV11&pp=1, IPv_Type: ipv6, Location: 美国, ISP: CloudFlare Inc., Date: None, Delay: -1 ms, Speed: 0.00 M/s, Resolution: None
Name: CCTV-11, URL: https://migu.188766.xyz/?migutoken=7161126eb697caf582490927b3d3abde&id=CCTV11&pp=1, IPv_Type: ipv6, Location: 美国, ISP: CloudFlare Inc., Date: None, Delay: -1 ms, Speed: 0.00 M/s, Resolution: None
Name: CCTV-11, URL: http://free.cnlive.club/channel/n4fe8b4d4/index.m3u8?q=1756862022054, IPv_Type: ipv6, Location: 美国, ISP: CloudFlare Inc., Date: None, Delay: -1 ms, Speed: 0.00 M/s, Resolution: None
Name: CCTV-11, URL: https://migu.188766.xyz/?migutoken=0feee4d51c9bf973beee91b9f9b205d2&id=CCTV11&pp=1, IPv_Type: ipv6, Location: 美国, ISP: CloudFlare Inc., Date: None, Delay: -1 ms, Speed: 0.00 M/s, Resolution: None
Name: CCTV-11, URL: https://migu.188766.xyz/?migutoken=ded08a75edc5f0b04acb2061d7097c8a&id=CCTV11&pp=1, IPv_Type: ipv6, Location: 美国, ISP: CloudFlare Inc., Date: None, Delay: -1 ms, Speed: 0.00 M/s, Resolution: None
Name: CCTV-11, URL: https://migu.188766.xyz/?migutoken=5853d0338f6fc484bc5f7c69b082e893&id=CCTV11&pp=1, IPv_Type: ipv6, Location: 美国, ISP: CloudFlare Inc., Date: None, Delay: -1 ms, Speed: 0.00 M/s, Resolution: None
Name: CCTV-11, URL: https://migu.188766.xyz/?migutoken=2f832af83f0fb7a15f9017acc1bf908d&id=CCTV11&type=yy, IPv_Type: ipv6, Location: 美国, ISP: CloudFlare Inc., Date: None, Delay: -1 ms, Speed: 0.00 M/s, Resolution: None
Name: CCTV-11, URL: https://migu.188766.xyz/?migutoken=9233fb7f4ad65153cb4c8b48268defc4&id=CCTV11&type=yy, IPv_Type: ipv6, Location: 美国, ISP: CloudFlare Inc., Date: None, Delay: -1 ms, Speed: 0.00 M/s, Resolution: None
Name: CCTV-11, URL: https://migu.188766.xyz/?migutoken=e15a1354681921589c52776cfe9bab7a&id=CCTV11&type=yy, IPv_Type: ipv6, Location: 美国, ISP: CloudFlare Inc., Date: None, Delay: -1 ms, Speed: 0.00 M/s, Resolution: None
Name: CCTV-11, URL: https://migu.188766.xyz/?migutoken=a3f9928d974bc40649c77e61f94e8964&id=CCTV11&type=yy, IPv_Type: ipv6, Location: 美国, ISP: CloudFlare Inc., Date: None, Delay: -1 ms, Speed: 0.00 M/s, Resolution: None
Name: CCTV-11, URL: https://migu.188766.xyz/?migutoken=80c1bdfa4a00f97df39c6bebbce61690&id=CCTV11&type=yy, IPv_Type: ipv6, Location: 美国, ISP: CloudFlare Inc., Date: None, Delay: -1 ms, Speed: 0.00 M/s, Resolution: None
Name: CCTV-11, URL: https://migu.188766.xyz/?migutoken=8aeb0ba84c8f54dd74e2e64e13cbfc66&id=CCTV11&type=yy, IPv_Type: ipv6, Location: 美国, ISP: CloudFlare Inc., Date: None, Delay: -1 ms, Speed: 0.00 M/s, Resolution: None
Name: CCTV-11, URL: http://gslbmgsplive.miguvideo.com/migu/kailu/cctv11hd/51/20200103/index.m3u8?msisdn=202509190400365aa1d5b022c241a09301e9c90ce0f7bd&mdspid=&spid=699004&netType=0&sid=5500988610&pid=2028597139&timestamp=20250919040036&Channel_ID=0116_2600000900-99000-201600010010027&ProgramID=667987558&ParentNodeID=-99&assertID=5500988610&client_ip=106.13.250.89&SecurityKey=20250919040036&promotionId=&mvid=5102751362&mcid=500020&playurlVersion=WX-A1-8.9.1-RELEASE&userid=&jmhm=&videocodec=h264&bean=mgspad&tid=android&conFee=0&puData=f427b3da387d2d64dc26638ed78c5043&ddCalcu=3f44e021577cb0837ddae388376d622dc6d4, IPv_Type: ipv6, Location: 中国, ISP: 中国移动, Date: None, Delay: -1 ms, Speed: 0.00 M/s, Resolution: None
Name: CCTV-11, URL: http://gslbmgsplive.miguvideo.com/migu/kailu/cctv11hd/51/20200103/index.m3u8?msisdn=20250919160036c8ff2381d3364d53a38c006f470e7892&mdspid=&spid=699004&netType=0&sid=5500988610&pid=2028597139&timestamp=20250919160036&Channel_ID=0116_2600000900-99000-201600010010027&ProgramID=667987558&ParentNodeID=-99&assertID=5500988610&client_ip=106.13.250.89&SecurityKey=20250919160036&promotionId=&mvid=5102751362&mcid=500020&playurlVersion=WX-A1-8.9.1-RELEASE&userid=&jmhm=&videocodec=h264&bean=mgspad&tid=android&conFee=0&puData=77ef28abe25dacaf4bc97a706f20cc3b&ddCalcu=b737ece1cf702028fa6b0e72a57d9accba4f, IPv_Type: ipv6, Location: 中国, ISP: 中国移动, Date: None, Delay: -1 ms, Speed: 0.00 M/s, Resolution: None
Name: CCTV-11, URL: http://gslbmgsplive.miguvideo.com/migu/kailu/cctv11hd/51/20200103/index.m3u8?msisdn=202509200400390b658c5f760549cbb7d81b34780eadda&mdspid=&spid=699004&netType=0&sid=5500988610&pid=2028597139&timestamp=20250920040039&Channel_ID=0116_2600000900-99000-201600010010027&ProgramID=667987558&ParentNodeID=-99&assertID=5500988610&client_ip=106.13.250.83&SecurityKey=20250920040039&promotionId=&mvid=5102751362&mcid=500020&playurlVersion=WX-A1-8.9.1-RELEASE&userid=&jmhm=&videocodec=h264&bean=mgspad&tid=android&conFee=0&puData=18508738da76097c72801c2e5cb0286d&ddCalcu=d168e851207080b7c358ed2ac7160089277c, IPv_Type: ipv6, Location: 中国, ISP: 中国移动, Date: None, Delay: -1 ms, Speed: 0.00 M/s, Resolution: None
Name: CCTV-11, URL: http://gslbmgsplive.miguvideo.com/migu/kailu/cctv11hd/51/20200103/index.m3u8?msisdn=20250920160034474955e474734a8fb417a5b288bb27cc&mdspid=&spid=699004&netType=0&sid=5500988610&pid=2028597139&timestamp=20250920160034&Channel_ID=0116_2600000900-99000-201600010010027&ProgramID=667987558&ParentNodeID=-99&assertID=5500988610&client_ip=106.13.250.90&SecurityKey=20250920160034&promotionId=&mvid=5102751362&mcid=500020&playurlVersion=WX-A1-8.9.1-RELEASE&userid=&jmhm=&videocodec=h264&bean=mgspad&tid=android&conFee=0&puData=5625fbe0ff0f2cddf1b79b1667c80484&ddCalcu=4586e4220578f0cb7e606f1fb09f72bc1dfd, IPv_Type: ipv6, Location: 中国, ISP: 中国移动, Date: None, Delay: -1 ms, Speed: 0.00 M/s, Resolution: None
Name: CCTV-11, URL: http://gslbmgsplive.miguvideo.com/migu/kailu/cctv11hd/51/20200103/index.m3u8?msisdn=20250921060034fcf81290a75948f3845b47839c6d873c&mdspid=&spid=699004&netType=0&sid=5500988610&pid=2028597139&timestamp=20250921060034&Channel_ID=0116_2600000900-99000-201600010010027&ProgramID=667987558&ParentNodeID=-99&assertID=5500988610&client_ip=106.13.250.88&SecurityKey=20250921060034&promotionId=&mvid=5102751362&mcid=500020&playurlVersion=WX-A1-8.9.1-RELEASE&userid=&jmhm=&videocodec=h264&bean=mgspad&tid=android&conFee=0&puData=29b28107d5634519611dd46fe3183bd8&ddCalcu=82d9ebb23278801130e7fd6546d3d4151169, IPv_Type: ipv6, Location: 中国, ISP: 中国移动, Date: None, Delay: -1 ms, Speed: 0.00 M/s, Resolution: None
Name: CCTV-11, URL: http://gslbmgsplive.miguvideo.com/migu/kailu/cctv11hd/51/20200103/index.m3u8?msisdn=2025092118003407f3f153f9bd4a709ae4967950f7cbdf&mdspid=&spid=699004&netType=0&sid=5500988610&pid=2028597139&timestamp=20250921180034&Channel_ID=0116_2600000900-99000-201600010010027&ProgramID=667987558&ParentNodeID=-99&assertID=5500988610&client_ip=106.13.250.89&SecurityKey=20250921180034&promotionId=&mvid=5102751362&mcid=500020&playurlVersion=WX-A1-8.9.1-RELEASE&userid=&jmhm=&videocodec=h264&bean=mgspad&tid=android&conFee=0&puData=a30846092211d82b0a8d21c587a756be&ddCalcu=eab3e602587740a6708952c21121dd88a20b, IPv_Type: ipv6, Location: 中国, ISP: 中国移动, Date: None, Delay: -1 ms, Speed: 0.00 M/s, Resolution: None
Name: CCTV-11, URL: http://gslbmgsplive.miguvideo.com/migu/kailu/cctv11hd/51/20200103/index.m3u8?msisdn=202509220600294b14ea6c369a436ab0b79a57a9062101&mdspid=&spid=699004&netType=0&sid=5500988610&pid=2028597139&timestamp=20250922060029&Channel_ID=0116_2600000900-99000-201600010010027&ProgramID=667987558&ParentNodeID=-99&assertID=5500988610&client_ip=106.13.250.89&SecurityKey=20250922060029&promotionId=&mvid=5102751362&mcid=500020&playurlVersion=WX-A1-8.9.1-RELEASE&userid=&jmhm=&videocodec=h264&bean=mgspad&tid=android&conFee=0&puData=efc7673503a77bc30ef92701928c0de9&ddCalcu=9eefedc2077c6087239510037a2797fbec03, IPv_Type: ipv6, Location: 中国, ISP: 中国移动, Date: None, Delay: -1 ms, Speed: 0.00 M/s, Resolution: None
Name: CCTV-11, URL: http://gslbmgsplive.miguvideo.com/migu/kailu/cctv11hd/51/20200103/index.m3u8?msisdn=202509221800386f77b3ec6fe246bb9b8b7efa7f30a4d9&mdspid=&spid=699004&netType=0&sid=5500988610&pid=2028597139&timestamp=20250922180038&Channel_ID=0116_2600000900-99000-201600010010027&ProgramID=667987558&ParentNodeID=-99&assertID=5500988610&client_ip=106.13.250.90&SecurityKey=20250922180038&promotionId=&mvid=5102751362&mcid=500020&playurlVersion=WX-A1-8.9.1-RELEASE&userid=&jmhm=&videocodec=h264&bean=mgspad&tid=android&conFee=0&puData=3b9ab1549ca0b752a1ab185a51a1e4a6&ddCalcu=63abe492ea71b0a11554a95c8a10bba715a2, IPv_Type: ipv6, Location: 中国, ISP: 中国移动, Date: None, Delay: -1 ms, Speed: 0.00 M/s, Resolution: None
Name: CCTV-11, URL: http://gslbmgsplive.miguvideo.com/migu/kailu/cctv11hd/51/20200103/index.m3u8?msisdn=20250923180033b56fdce9977b4d699880b5907631e6f7&mdspid=&spid=699004&netType=0&sid=5500988610&pid=2028597139&timestamp=20250923180033&Channel_ID=0116_2600000900-99000-201600010010027&ProgramID=667987558&ParentNodeID=-99&assertID=5500988610&client_ip=106.13.250.88&SecurityKey=20250923180033&promotionId=&mvid=5102751362&mcid=500020&playurlVersion=WX-A1-8.9.1-RELEASE&userid=&jmhm=&videocodec=h264&bean=mgspad&tid=android&conFee=0&puData=e9c768c5e2bba2fefb83a9d23b4aeae3&ddCalcu=3ee9eac2e77a6048bc352ed29bab3a82bffe, IPv_Type: ipv6, Location: 中国, ISP: 中国移动, Date: None, Delay: -1 ms, Speed: 0.00 M/s, Resolution: None
Name: CCTV-11, URL: http://gslbmgsplive.miguvideo.com/migu/kailu/cctv11hd/51/20200103/index.m3u8?msisdn=202509240400292b27e11cde034394b2c01a4009b9fd37&mdspid=&spid=699004&netType=0&sid=5500988610&pid=2028597139&timestamp=20250924040029&Channel_ID=0116_2600000900-99000-201600010010027&ProgramID=667987558&ParentNodeID=-99&assertID=5500988610&client_ip=106.13.250.89&SecurityKey=20250924040029&promotionId=&mvid=5102751362&mcid=500020&playurlVersion=WX-A1-8.9.1-RELEASE&userid=&jmhm=&videocodec=h264&bean=mgspad&tid=android&conFee=0&puData=73649b56592266f9bd395bbd827dacaa&ddCalcu=a7a3ec62a47d907b2586d5b9b2529636dfb9, IPv_Type: ipv6, Location: 中国, ISP: 中国移动, Date: None, Delay: -1 ms, Speed: 0.00 M/s, Resolution: None
Name: CCTV-11, URL: http://player.cntv.cn/standard/live_HLSDRM20180919.swf?v=180.171.5.8.9.6.3.9&ChannelID=cctv11&videoTVChannel=cctv11&P2PChannelID=pd://cctv_p2p_cctv11&tai=cctv11&VideoName=cctv11&channelID=cctv11, IPv_Type: ipv4, Location: 美国-加利福尼亚州-圣克拉拉, ISP: 网宿CDN节点, Date: None, Delay: 4 ms, Speed: 44.99 M/s, Resolution: 19x24
Name: CCTV-11, URL: https://player.cntv.cn/standard/live_HLSDRM20180524.swf?tai=cctv11&ChannelID=cctv11&videoTVChannel=cctv11&P2PChannelID=pd://cctv_p2p_cctv11, IPv_Type: ipv4, Location: 美国-加利福尼亚州-圣克拉拉, ISP: 网宿CDN节点, Date: None, Delay: 14 ms, Speed: 6.64 M/s, Resolution: 19x24
Name: CCTV-12, URL: http://php.jdshipin.com/TVOD/hljyd.php?id=3221225731, IPv_Type: ipv6, Location: 美国, ISP: CloudFlare Inc., Date: None, Delay: -1 ms, Speed: 0.00 M/s, Resolution: None
Name: CCTV-12, URL: http://z.b.bkpcp.top/m.php?id=CCTV-12社会与法社会与法, IPv_Type: ipv6, Location: 美国, ISP: CloudFlare Inc., Date: None, Delay: -1 ms, Speed: 0.00 M/s, Resolution: None
Name: CCTV-12, URL: http://[2409:8087:74f0:22::4]:6410/270000001128/9900000509/index.m3u8, IPv_Type: ipv6, Location: 中国, ISP: 中国移动, Date: None, Delay: -1 ms, Speed: 0.00 M/s, Resolution: None
Name: CCTV-12, URL: http://[2409:8087:3869:8021:1001::e5]:6610/PLTV/88888910/224/3221225637/index.m3u8, IPv_Type: ipv6, Location: 中国, ISP: 中国移动, Date: None, Delay: -1 ms, Speed: 0.00 M/s, Resolution: None
Name: CCTV-12, URL: http://[2409:8087:3869:8021:1001::e5]:6610/PLTV/88888888/224/3221225629/2/index.m3u8, IPv_Type: ipv6, Location: 中国, ISP: 中国移动, Date: None, Delay: -1 ms, Speed: 0.00 M/s, Resolution: None
Name: CCTV-12, URL: http://iptv.huuc.edu.cn/hls/cctv12hd.m3u8, IPv_Type: ipv6, Location: 中国, ISP: 教育网, Date: None, Delay: -1 ms, Speed: 0.00 M/s, Resolution: None
Name: CCTV-12, URL: http://php.jdshipin.com/itv6.php?cid=ystenlive&id=1000000001000032494, IPv_Type: ipv6, Location: 美国, ISP: CloudFlare Inc., Date: None, Delay: -1 ms, Speed: 0.00 M/s, Resolution: None
Name: CCTV-12, URL: http://nas.suntao.online:35455/itv/1000000001000032494.m3u8?cdn=ystenlive, IPv_Type: ipv6, Location: 中国, ISP: 中国联通, Date: None, Delay: -1 ms, Speed: 0.00 M/s, Resolution: None
Name: CCTV-12, URL: http://yc.myds.me:35455/itv/1000000001000032494.m3u8?cdn=ystenlive, IPv_Type: ipv6, Location: 中国, ISP: 中国电信, Date: None, Delay: -1 ms, Speed: 0.00 M/s, Resolution: None
Name: CCTV-12, URL: http://rrs01.hw.gmcc.net:8088/PLTV/81/224/3221226723/1.m3u8, IPv_Type: ipv6, Location: 中国, ISP: 中国移动, Date: None, Delay: -1 ms, Speed: 0.00 M/s, Resolution: None
Name: CCTV-12, URL: http://lu.wqwqwq.sbs/itv/1000000005000265012.m3u8?cdn=ystenlive, IPv_Type: ipv6, Location: 美国, ISP: CloudFlare Inc., Date: None, Delay: -1 ms, Speed: 0.00 M/s, Resolution: None
Name: CCTV-12, URL: http://alvin.ergotron.net:8000/udp/239.77.1.109:5146, IPv_Type: ipv6, Location: 中国, ISP: 中国电信, Date: None, Delay: -1 ms, Speed: 0.00 M/s, Resolution: None
Name: CCTV-12, URL: http://webmail.axxe.top:4022/rtp/239.3.1.64:8124, IPv_Type: ipv6, Location: 中国, ISP: 中国电信, Date: None, Delay: -1 ms, Speed: 0.00 M/s, Resolution: None
Name: CCTV-12, URL: http://wouu.net:9977/udp/239.93.1.30:8124, IPv_Type: ipv6, Location: 保留地址, ISP: 主机之间的链路本地地址, Date: None, Delay: -1 ms, Speed: 0.00 M/s, Resolution: None
Name: CCTV-12, URL: http://tvbox6.com/tv/bfgd.php?id=131, IPv_Type: ipv6, Location: 美国, ISP: CloudFlare Inc., Date: None, Delay: -1 ms, Speed: 0.00 M/s, Resolution: None
Name: CCTV-12, URL: https://migu.188766.xyz/?migutoken=f898c5323ee1d4b3fbb2e52ce10ac7af&id=CCTV12&pp=1, IPv_Type: ipv6, Location: 美国, ISP: CloudFlare Inc., Date: None, Delay: -1 ms, Speed: 0.00 M/s, Resolution: None
Name: CCTV-12, URL: http://free.cnlive.club/channel/13604deb/index.m3u8?q=1755825520002, IPv_Type: ipv6, Location: 美国, ISP: CloudFlare Inc., Date: None, Delay: -1 ms, Speed: 0.00 M/s, Resolution: None
Name: CCTV-12, URL: https://hls-gateway.vpstv.net/streams/476898.m3u8, IPv_Type: ipv6, Location: 美国, ISP: CloudFlare Inc., Date: None, Delay: -1 ms, Speed: 0.00 M/s, Resolution: None
Name: CCTV-12, URL: https://smart.pendy.dpdns.org/Smart.php, IPv_Type: ipv6, Location: 美国, ISP: CloudFlare Inc., Date: None, Delay: -1 ms, Speed: 0.00 M/s, Resolution: None
Name: CCTV-12, URL: https://migu.188766.xyz/?migutoken=c75ce0816f00950f9c2aa9d2edc10618&id=CCTV12&pp=1, IPv_Type: ipv6, Location: 美国, ISP: CloudFlare Inc., Date: None, Delay: -1 ms, Speed: 0.00 M/s, Resolution: None
Name: CCTV-12, URL: https://migu.188766.xyz/?migutoken=ce37c62a65b3eb7359a9f02b6c854deb&id=CCTV12&pp=1, IPv_Type: ipv6, Location: 美国, ISP: CloudFlare Inc., Date: None, Delay: -1 ms, Speed: 0.00 M/s, Resolution: None
Name: CCTV-12, URL: https://cc06.tv12.xyz/13.m3u8, IPv_Type: ipv6, Location: 美国, ISP: CloudFlare Inc., Date: None, Delay: -1 ms, Speed: 0.00 M/s, Resolution: None
Name: CCTV-12, URL: https://migu.188766.xyz/?migutoken=fbdb7d1613a8dabdb1ec192c4f31babb&id=CCTV12&pp=1, IPv_Type: ipv6, Location: 美国, ISP: CloudFlare Inc., Date: None, Delay: -1 ms, Speed: 0.00 M/s, Resolution: None
Name: CCTV-12, URL: https://migu.188766.xyz/?migutoken=fb8f628e7fe63abb6a63c1d3f56d36e8&id=CCTV12&pp=1, IPv_Type: ipv6, Location: 美国, ISP: CloudFlare Inc., Date: None, Delay: -1 ms, Speed: 0.00 M/s, Resolution: None
Name: CCTV-12, URL: https://migu.188766.xyz/?migutoken=18cd7da0c231673a40a6a2660c37d344&id=CCTV12&type=yy, IPv_Type: ipv6, Location: 美国, ISP: CloudFlare Inc., Date: None, Delay: -1 ms, Speed: 0.00 M/s, Resolution: None
Name: CCTV-12, URL: https://migu.188766.xyz/?migutoken=d8d5486a34f82d8d0999269c10498124&id=CCTV12&type=yy, IPv_Type: ipv6, Location: 美国, ISP: CloudFlare Inc., Date: None, Delay: -1 ms, Speed: 0.00 M/s, Resolution: None
Name: CCTV-12, URL: https://migu.188766.xyz/?migutoken=85287885d22c18ebd5a600751ea63cd9&id=CCTV12&type=yy, IPv_Type: ipv6, Location: 美国, ISP: CloudFlare Inc., Date: None, Delay: -1 ms, Speed: 0.00 M/s, Resolution: None
Name: CCTV-12, URL: https://migu.188766.xyz/?migutoken=3b9ed3d39a8f380f99de29fb490c6150&id=CCTV12&type=yy, IPv_Type: ipv6, Location: 美国, ISP: CloudFlare Inc., Date: None, Delay: -1 ms, Speed: 0.00 M/s, Resolution: None
Name: CCTV-12, URL: http://gslbmgsplive.miguvideo.com/migu/kailu/20200324/cctv12hd/51/index.m3u8?msisdn=20250919040036fff62d02c3b7404eba3c73af75e607c5&mdspid=&spid=699004&netType=0&sid=5501083627&pid=2028597139&timestamp=20250919040036&Channel_ID=0116_2600000900-99000-201600010010027&ProgramID=673168185&ParentNodeID=-99&assertID=5501083627&client_ip=106.13.250.89&SecurityKey=20250919040036&promotionId=&mvid=5102910389&mcid=500020&playurlVersion=WX-A1-8.9.1-RELEASE&userid=&jmhm=&videocodec=h264&bean=mgspad&tid=android&conFee=0&puData=43d9e87f0da09ae08d1d96c57499cb48&ddCalcu=8443ebd1c939e098477f50cd6a90d91ade80, IPv_Type: ipv6, Location: 中国, ISP: 中国移动, Date: None, Delay: -1 ms, Speed: 0.00 M/s, Resolution: None
Name: CCTV-12, URL: http://gslbmgsplive.miguvideo.com/migu/kailu/20200324/cctv12hd/51/index.m3u8?msisdn=2025091916003661a9f63005cc4bac8624e7bca864600d&mdspid=&spid=699004&netType=0&sid=5501083627&pid=2028597139&timestamp=20250919160036&Channel_ID=0116_2600000900-99000-201600010010027&ProgramID=673168185&ParentNodeID=-99&assertID=5501083627&client_ip=106.13.250.89&SecurityKey=20250919160036&promotionId=&mvid=5102910389&mcid=500020&playurlVersion=WX-A1-8.9.1-RELEASE&userid=&jmhm=&videocodec=h264&bean=mgspad&tid=android&conFee=0&puData=9fd7017e5f119b38ba3a16a77ba216d2&ddCalcu=29dfe6d1173200a1b77e75af6111a93ba3b8, IPv_Type: ipv6, Location: 中国, ISP: 中国移动, Date: None, Delay: -1 ms, Speed: 0.00 M/s, Resolution: None
Name: CCTV-12, URL: http://gslbmgsplive.miguvideo.com/migu/kailu/20200324/cctv12hd/51/index.m3u8?msisdn=20250920160034ee169e0c143f481d82cd35237ee7a644&mdspid=&spid=699004&netType=0&sid=5501083627&pid=2028597139&timestamp=20250920160034&Channel_ID=0116_2600000900-99000-201600010010027&ProgramID=673168185&ParentNodeID=-99&assertID=5501083627&client_ip=106.13.250.90&SecurityKey=20250920160034&promotionId=&mvid=5102910389&mcid=500020&playurlVersion=WX-A1-8.9.1-RELEASE&userid=&jmhm=&videocodec=h264&bean=mgspad&tid=android&conFee=0&puData=c871e4583403d2b0d5b3f60eb870ffd5&ddCalcu=5cd8ef72f130e07485b8e30460f33db25bd0, IPv_Type: ipv6, Location: 中国, ISP: 中国移动, Date: None, Delay: -1 ms, Speed: 0.00 M/s, Resolution: None
Name: CCTV-12, URL: http://gslbmgsplive.miguvideo.com/migu/kailu/20200324/cctv12hd/51/index.m3u8?msisdn=202509210600349d8ec8844f404c0dae0f318d6a0b6492&mdspid=&spid=699004&netType=0&sid=5501083627&pid=2028597139&timestamp=20250921060034&Channel_ID=0116_2600000900-99000-201600010010027&ProgramID=673168185&ParentNodeID=-99&assertID=5501083627&client_ip=106.13.250.88&SecurityKey=20250921060034&promotionId=&mvid=5102910389&mcid=500020&playurlVersion=WX-A1-8.9.1-RELEASE&userid=&jmhm=&videocodec=h264&bean=mgspad&tid=android&conFee=0&puData=92d7ba5ae4685e9e4857a49342c9bcef&ddCalcu=f9e2ecd2b739b0ca254a3e9446a8755e894e, IPv_Type: ipv6, Location: 中国, ISP: 中国移动, Date: None, Delay: -1 ms, Speed: 0.00 M/s, Resolution: None
Name: CCTV-12, URL: http://gslbmgsplive.miguvideo.com/migu/kailu/20200324/cctv12hd/51/index.m3u8?msisdn=20250921180034ac30cf73baa942d0867f96757e60916d&mdspid=&spid=699004&netType=0&sid=5501083627&pid=2028597139&timestamp=20250921180034&Channel_ID=0116_2600000900-99000-201600010010027&ProgramID=673168185&ParentNodeID=-99&assertID=5501083627&client_ip=106.13.250.89&SecurityKey=20250921180034&promotionId=&mvid=5102910389&mcid=500020&playurlVersion=WX-A1-8.9.1-RELEASE&userid=&jmhm=&videocodec=h264&bean=mgspad&tid=android&conFee=0&puData=23068094cf214a77e362369b191447b6&ddCalcu=62b3e702463480109914bc9f6231246a37e7, IPv_Type: ipv6, Location: 中国, ISP: 中国移动, Date: None, Delay: -1 ms, Speed: 0.00 M/s, Resolution: None
Name: CCTV-12, URL: http://gslbmgsplive.miguvideo.com/migu/kailu/20200324/cctv12hd/51/index.m3u8?msisdn=202509220600293742138cac834600ae19e8ee6efbd922&mdspid=&spid=699004&netType=0&sid=5501083627&pid=2028597139&timestamp=20250922060029&Channel_ID=0116_2600000900-99000-201600010010027&ProgramID=673168185&ParentNodeID=-99&assertID=5501083627&client_ip=106.13.250.89&SecurityKey=20250922060029&promotionId=&mvid=5102910389&mcid=500020&playurlVersion=WX-A1-8.9.1-RELEASE&userid=&jmhm=&videocodec=h264&bean=mgspad&tid=android&conFee=0&puData=c77834876a4bde01af5bd2ddcf2a2d8e&ddCalcu=ec87ed72283a3024f8c7d6da24dbbd5ef0a1, IPv_Type: ipv6, Location: 中国, ISP: 中国移动, Date: None, Delay: -1 ms, Speed: 0.00 M/s, Resolution: None
Name: CCTV-12, URL: http://gslbmgsplive.miguvideo.com/migu/kailu/20200324/cctv12hd/51/index.m3u8?msisdn=2025092218003826735cc788b44b7c8d746c16d2a79df7&mdspid=&spid=699004&netType=0&sid=5501083627&pid=2028597139&timestamp=20250922180038&Channel_ID=0116_2600000900-99000-201600010010027&ProgramID=673168185&ParentNodeID=-99&assertID=5501083627&client_ip=106.13.250.90&SecurityKey=20250922180038&promotionId=&mvid=5102910389&mcid=500020&playurlVersion=WX-A1-8.9.1-RELEASE&userid=&jmhm=&videocodec=h264&bean=mgspad&tid=android&conFee=0&puData=77cbc139d039f30d2a383be04a6fe5ff&ddCalcu=f7f7e5c2eb3fc061a3490de0b3398f33a02d, IPv_Type: ipv6, Location: 中国, ISP: 中国移动, Date: None, Delay: -1 ms, Speed: 0.00 M/s, Resolution: None
Name: CCTV-12, URL: http://gslbmgsplive.miguvideo.com/migu/kailu/20200324/cctv12hd/51/index.m3u8?msisdn=202509231800338a3a7655bdfe494192fcbddc6656cbd5&mdspid=&spid=699004&netType=0&sid=5501083627&pid=2028597139&timestamp=20250923180033&Channel_ID=0116_2600000900-99000-201600010010027&ProgramID=673168185&ParentNodeID=-99&assertID=5501083627&client_ip=106.13.250.88&SecurityKey=20250923180033&promotionId=&mvid=5102910389&mcid=500020&playurlVersion=WX-A1-8.9.1-RELEASE&userid=&jmhm=&videocodec=h264&bean=mgspad&tid=android&conFee=0&puData=41d12516f0f982ecd7e24c35d1eed312&ddCalcu=2411e3d2d13e20e511d65f30cf4928e27edc, IPv_Type: ipv6, Location: 中国, ISP: 中国移动, Date: None, Delay: -1 ms, Speed: 0.00 M/s, Resolution: None
Name: CCTV-12, URL: http://gslbmgsplive.miguvideo.com/migu/kailu/20200324/cctv12hd/51/index.m3u8?msisdn=2025092404002938b275285d6e4b1287108438ccafc429&mdspid=&spid=699004&netType=0&sid=5501083627&pid=2028597139&timestamp=20250924040029&Channel_ID=0116_2600000900-99000-201600010010027&ProgramID=673168185&ParentNodeID=-99&assertID=5501083627&client_ip=106.13.250.89&SecurityKey=20250924040029&promotionId=&mvid=5102910389&mcid=500020&playurlVersion=WX-A1-8.9.1-RELEASE&userid=&jmhm=&videocodec=h264&bean=mgspad&tid=android&conFee=0&puData=5f2aae133ce4f219bef40231fc1b82e7&ddCalcu=75efe2228a3ba01ec1f3133c2e044ff2e1b9, IPv_Type: ipv6, Location: 中国, ISP: 中国移动, Date: None, Delay: -1 ms, Speed: 0.00 M/s, Resolution: None
Name: CCTV-12, URL: https://player.cntv.cn/standard/live_HLSDRM20180524.swf?tai=cctv12&ChannelID=cctv12&videoTVChannel=cctv12&P2PChannelID=pd://cctv_p2p_cctv12, IPv_Type: ipv4, Location: 美国-加利福尼亚州-圣克拉拉, ISP: 网宿CDN节点, Date: None, Delay: 5 ms, Speed: 41.67 M/s, Resolution: 19x24
Name: CCTV-12, URL: http://player.cntv.cn/standard/live_HLSDRM20180606.swf?v=180.171.5.8.9.6.3.9&vdnSID=&vdnIP=&vdnCountryCode=&vdnProvinceCode=&vdnCityCode=&vdnISPCode=&tai=cctv12&ChannelID=cctv12&videoTVChannel=cctv12&P2PChannelID=pd://cctv_p2p_cctv12, IPv_Type: ipv4, Location: 美国-加利福尼亚州-圣克拉拉, ISP: 网宿CDN节点, Date: None, Delay: 22 ms, Speed: 5.94 M/s, Resolution: 19x24
Name: CCTV-12, URL: http://223.241.247.214:9901/tsfile/live/0012_1.m3u8?key=txiptv&playlive=1&authid=0, IPv_Type: ipv4, Location: 中国-安徽-马鞍山, ISP: 电信, Date: None, Delay: 10519 ms, Speed: 0.19 M/s, Resolution: None
Name: CCTV-13, URL: https://event.pull.hebtv.com/jishi/cp1.m3u8, IPv_Type: ipv6, Location: 中国, ISP: 中国电信, Date: None, Delay: -1 ms, Speed: 0.00 M/s, Resolution: None
Name: CCTV-13, URL: http://z.b.bkpcp.top/m.php?id=cctv13, IPv_Type: ipv6, Location: 美国, ISP: CloudFlare Inc., Date: None, Delay: -1 ms, Speed: 0.00 M/s, Resolution: None
Name: CCTV-13, URL: http://j.x.bkpcp.top/jx/CCTV13HD, IPv_Type: ipv6, Location: 美国, ISP: CloudFlare Inc., Date: None, Delay: -1 ms, Speed: 0.00 M/s, Resolution: None
Name: CCTV-13, URL: http://ali-m-l.cztv.com/channels/lantian/channel21/1080p.m3u8, IPv_Type: ipv6, Location: 中国-陕西, ISP: 移动, Date: None, Delay: -1 ms, Speed: 0.00 M/s, Resolution: None
Name: CCTV-13, URL: http://jwplay.hebyun.com.cn/live/cctv13/1500k/tzwj_video.m3u8, IPv_Type: ipv6, Location: 中国, ISP: 中国联通, Date: None, Delay: -1 ms, Speed: 0.00 M/s, Resolution: None
Name: CCTV-13, URL: https://ldncctvwbcdcnc.v.wscdns.com/ldncctvwbcd/cdrmldcctv13_1/index.m3u8, IPv_Type: ipv6, Location: 中国, ISP: 中国电信, Date: None, Delay: -1 ms, Speed: 0.00 M/s, Resolution: None
Name: CCTV-13, URL: http://[2409:8087:74f0:22::4]:6410/270000001128/9900000510/index.m3u8, IPv_Type: ipv6, Location: 中国, ISP: 中国移动, Date: None, Delay: -1 ms, Speed: 0.00 M/s, Resolution: None
Name: CCTV-13, URL: http://iptv.huuc.edu.cn/hls/cctv13hd.m3u8, IPv_Type: ipv6, Location: 中国, ISP: 教育网, Date: None, Delay: -1 ms, Speed: 0.00 M/s, Resolution: None
Name: CCTV-13, URL: http://nas.suntao.online:35455/gaoma/cctv13.m3u8, IPv_Type: ipv6, Location: 中国, ISP: 中国联通, Date: None, Delay: -1 ms, Speed: 0.00 M/s, Resolution: None
Name: CCTV-13, URL: http://rrs01.hw.gmcc.net:8088/PLTV/81/224/3221226717/1.m3u8, IPv_Type: ipv6, Location: 中国, ISP: 中国移动, Date: None, Delay: -1 ms, Speed: 0.00 M/s, Resolution: None
Name: CCTV-13, URL: http://alvin.ergotron.net:8000/udp/239.77.0.188:5146, IPv_Type: ipv6, Location: 中国, ISP: 中国电信, Date: None, Delay: -1 ms, Speed: 0.00 M/s, Resolution: None
Name: CCTV-13, URL: http://wouu.net:9977/udp/239.93.0.66:5140, IPv_Type: ipv6, Location: 保留地址, ISP: 主机之间的链路本地地址, Date: None, Delay: -1 ms, Speed: 0.00 M/s, Resolution: None
Name: CCTV-13, URL: http://tvbox6.com/tv/bfgd.php?id=067, IPv_Type: ipv6, Location: 美国, ISP: CloudFlare Inc., Date: None, Delay: -1 ms, Speed: 0.00 M/s, Resolution: None
Name: CCTV-13, URL: https://cc06.tv12.xyz/14.m3u8, IPv_Type: ipv6, Location: 美国, ISP: CloudFlare Inc., Date: None, Delay: -1 ms, Speed: 0.00 M/s, Resolution: None
Name: CCTV-13, URL: https://migu.188766.xyz/?migutoken=1ee98da4a6c690d99fec9c342fc29fca&id=CCTV13&pp=1, IPv_Type: ipv6, Location: 美国, ISP: CloudFlare Inc., Date: None, Delay: -1 ms, Speed: 0.00 M/s, Resolution: None
Name: CCTV-13, URL: https://migu.188766.xyz/?migutoken=dc3c3ea5960ac7c0c9ae7bd8c3dd84e5&id=CCTV13&type=yy, IPv_Type: ipv6, Location: 美国, ISP: CloudFlare Inc., Date: None, Delay: -1 ms, Speed: 0.00 M/s, Resolution: None
Name: CCTV-13, URL: https://hls-gateway.vpstv.net/streams/476899.m3u8, IPv_Type: ipv6, Location: 美国, ISP: CloudFlare Inc., Date: None, Delay: -1 ms, Speed: 0.00 M/s, Resolution: None
Name: CCTV-13, URL: https://smart.pendy.dpdns.org/Smart.php, IPv_Type: ipv6, Location: 美国, ISP: CloudFlare Inc., Date: None, Delay: -1 ms, Speed: 0.00 M/s, Resolution: None
Name: CCTV-13, URL: https://event.pull.hebtv.com/jishi/cp1.m3u8#http://ali-m-l.cztv.com/channels/lantian/channel21/1080p.m3u8#http://112.27.235.94:8000/hls/14/index.m3u8#http://iptv.huuc.edu.cn/hls/cctv13hd.m3u8, IPv_Type: ipv6, Location: 中国, ISP: 中国电信, Date: None, Delay: -1 ms, Speed: 0.00 M/s, Resolution: None
Name: CCTV-13, URL: https://event.pull.hebtv.com/jishi/cp1.m3u8#http://ali-m-l.cztv.com/channels/lantian/channel21/1080p.m3u8#http://112.27.235.94:8000/hls/14/index.m3u8#http://222.169.85.8:9901/tsfile/live/0013_1.m3u8, IPv_Type: ipv6, Location: 中国, ISP: 中国电信, Date: None, Delay: -1 ms, Speed: 0.00 M/s, Resolution: None
Name: CCTV-13, URL: http://3501776.xyz:35455/gaoma/cctv13.m3u8, IPv_Type: ipv6, Location: 美国, ISP: CloudFlare Inc., Date: None, Delay: -1 ms, Speed: 0.00 M/s, Resolution: None
Name: CCTV-14, URL: https://event.pull.hebtv.com/jishi/cp2.m3u8#rtsp://103.251.96.71/PLTV/88888888/224/3221225783/10000100000000060000000000726027_0.smil?icpid=SSPID&amp;accounttype=1&amp;limitflux=-1&amp;limitdur=-1&amp;accountinfo=:20240213104135, IPv_Type: ipv6, Location: 中国, ISP: 中国电信, Date: None, Delay: -1 ms, Speed: 0.00 M/s, Resolution: None
Name: CCTV-14, URL: http://php.jdshipin.com/TVOD/hljyd.php?id=3221225732, IPv_Type: ipv6, Location: 美国, ISP: CloudFlare Inc., Date: None, Delay: -1 ms, Speed: 0.00 M/s, Resolution: None
Name: CCTV-14, URL: http://[2409:8087:74f0:22::4]:6410/270000001128/9900000511/index.m3u8, IPv_Type: ipv6, Location: 中国, ISP: 中国移动, Date: None, Delay: -1 ms, Speed: 0.00 M/s, Resolution: None
Name: CCTV-14, URL: http://[2409:8087:3869:8021:1001::e5]:6610/PLTV/88888910/224/3221225640/index.m3u8, IPv_Type: ipv6, Location: 中国, ISP: 中国移动, Date: None, Delay: -1 ms, Speed: 0.00 M/s, Resolution: None
Name: CCTV-14, URL: http://iptv.huuc.edu.cn/hls/cctv14hd.m3u8, IPv_Type: ipv6, Location: 中国, ISP: 教育网, Date: None, Delay: -1 ms, Speed: 0.00 M/s, Resolution: None
Name: CCTV-14, URL: http://php.jdshipin.com/itv6.php?cid=ystenlive&id=1000000001000008170, IPv_Type: ipv6, Location: 美国, ISP: CloudFlare Inc., Date: None, Delay: -1 ms, Speed: 0.00 M/s, Resolution: None
Name: CCTV-14, URL: http://nas.suntao.online:35455/itv/1000000001000008170.m3u8?cdn=ystenlive, IPv_Type: ipv6, Location: 中国, ISP: 中国联通, Date: None, Delay: -1 ms, Speed: 0.00 M/s, Resolution: None
Name: CCTV-14, URL: http://yc.myds.me:35455/itv/1000000001000008170.m3u8?cdn=ystenlive, IPv_Type: ipv6, Location: 中国, ISP: 中国电信, Date: None, Delay: -1 ms, Speed: 0.00 M/s, Resolution: None
Name: CCTV-14, URL: https://event.pull.hebtv.com/jishi/cp2.m3u8, IPv_Type: ipv6, Location: 中国, ISP: 中国电信, Date: None, Delay: -1 ms, Speed: 0.00 M/s, Resolution: None
Name: CCTV-14, URL: http://[2409:8087:3869:8021:1001::e5]:6610/PLTV/88888888/224/3221225640/2/index.m3u8, IPv_Type: ipv6, Location: 中国, ISP: 中国移动, Date: None, Delay: -1 ms, Speed: 0.00 M/s, Resolution: None
Name: CCTV-14, URL: http://[2409:8087:4c0a:22:1::11]:6410/170000001115/UmaiCHAN3949788BESTVSMGSMG/index.m3u8?AuthInfo=9kOOdBn7MFF%2F2bWjKgahUXt3TPFwzzdHCkOT9AjSv5PYKFve4MwNzRa0jPXeHjqnp7khdLaCMP6L4QpTf84Oz6DvCG1%2BJ81QvStkxO%2FoGm8, IPv_Type: ipv6, Location: 中国, ISP: 中国移动, Date: None, Delay: -1 ms, Speed: 0.00 M/s, Resolution: None
Name: CCTV-14, URL: http://webmail.axxe.top:4022/rtp/239.3.1.65:8132, IPv_Type: ipv6, Location: 中国, ISP: 中国电信, Date: None, Delay: -1 ms, Speed: 0.00 M/s, Resolution: None
Name: CCTV-14, URL: http://alvin.ergotron.net:8000/udp/239.77.1.161:5146, IPv_Type: ipv6, Location: 中国, ISP: 中国电信, Date: None, Delay: -1 ms, Speed: 0.00 M/s, Resolution: None
Name: CCTV-14, URL: http://wouu.net:9977/udp/239.93.1.29:6000, IPv_Type: ipv6, Location: 保留地址, ISP: 主机之间的链路本地地址, Date: None, Delay: -1 ms, Speed: 0.00 M/s, Resolution: None
Name: CCTV-14, URL: http://lu.wqwqwq.sbs/itv/1000000005000265013.m3u8?cdn=ystenlive, IPv_Type: ipv6, Location: 美国, ISP: CloudFlare Inc., Date: None, Delay: -1 ms, Speed: 0.00 M/s, Resolution: None
Name: CCTV-14, URL: http://tvbox6.com/tv/bfgd.php?id=132, IPv_Type: ipv6, Location: 美国, ISP: CloudFlare Inc., Date: None, Delay: -1 ms, Speed: 0.00 M/s, Resolution: None
Name: CCTV-14, URL: http://free.cnlive.club/channel/n4fe8272c/index.m3u8?q=1755825520002, IPv_Type: ipv6, Location: 美国, ISP: CloudFlare Inc., Date: None, Delay: -1 ms, Speed: 0.00 M/s, Resolution: None
Name: CCTV-14, URL: https://hls-gateway.vpstv.net/streams/476900.m3u8, IPv_Type: ipv6, Location: 美国, ISP: CloudFlare Inc., Date: None, Delay: -1 ms, Speed: 0.00 M/s, Resolution: None
Name: CCTV-14, URL: http://free.cnlive.club/channel/n4fe8272c/index.m3u8?q=1756084903216, IPv_Type: ipv6, Location: 美国, ISP: CloudFlare Inc., Date: None, Delay: -1 ms, Speed: 0.00 M/s, Resolution: None
Name: CCTV-14, URL: https://smart.pendy.dpdns.org/Smart.php, IPv_Type: ipv6, Location: 美国, ISP: CloudFlare Inc., Date: None, Delay: -1 ms, Speed: 0.00 M/s, Resolution: None
Name: CCTV-14, URL: https://migu.188766.xyz/?migutoken=749a91fe3940c218577e478c2676225c&id=CCTV14&pp=1, IPv_Type: ipv6, Location: 美国, ISP: CloudFlare Inc., Date: None, Delay: -1 ms, Speed: 0.00 M/s, Resolution: None
Name: CCTV-14, URL: https://migu.188766.xyz/?migutoken=54876bc782e4fd566290f1615cb71963&id=CCTV14&pp=1, IPv_Type: ipv6, Location: 美国, ISP: CloudFlare Inc., Date: None, Delay: -1 ms, Speed: 0.00 M/s, Resolution: None
Name: CCTV-14, URL: https://migu.188766.xyz/?migutoken=8ca800731185ef75e97a6dfd5251f7de&id=CCTV14&pp=1, IPv_Type: ipv6, Location: 美国, ISP: CloudFlare Inc., Date: None, Delay: -1 ms, Speed: 0.00 M/s, Resolution: None
Name: CCTV-14, URL: https://cc06.tv12.xyz/15.m3u8, IPv_Type: ipv6, Location: 美国, ISP: CloudFlare Inc., Date: None, Delay: -1 ms, Speed: 0.00 M/s, Resolution: None
Name: CCTV-14, URL: https://migu.188766.xyz/?migutoken=dd2200c51353378e90881f228861aba7&id=CCTV14&pp=1, IPv_Type: ipv6, Location: 美国, ISP: CloudFlare Inc., Date: None, Delay: -1 ms, Speed: 0.00 M/s, Resolution: None
Name: CCTV-14, URL: https://event.pull.hebtv.com/jishi/cp2.m3u8#http://112.27.235.94:8000/hls/15/index.m3u8#http://dmggg.tyzb.fun:26355/migu/624878440.m3u8?migutoken=44d919b039e3d372a460fba303a52295689bfe48526cd04c60ec0c576d0b5e500fd140959d1c355c309ef5ab64e4327bd9e0409881255ad83142e677f3db4d67b1ddf8b90d26c75d1b7214898a#https://migu.188766.xyz/?migutoken=c751c32eac2f3e4888b17f22cbc1d6fd&id=CCTV14&pp=1#https://migu.188766.xyz/?migutoken=3b8a6a5119c4219bcebcdca23ae82e30&id=CCTV14&pp=1, IPv_Type: ipv6, Location: 中国, ISP: 中国电信, Date: None, Delay: -1 ms, Speed: 0.00 M/s, Resolution: None
Name: CCTV-14, URL: https://event.pull.hebtv.com/jishi/cp2.m3u8#http://112.27.235.94:8000/hls/15/index.m3u8#http://iptv.huuc.edu.cn/hls/cctv14hd.m3u8, IPv_Type: ipv6, Location: 中国, ISP: 中国电信, Date: None, Delay: -1 ms, Speed: 0.00 M/s, Resolution: None
Name: CCTV-14, URL: https://migu.188766.xyz/?migutoken=6f9dc0dce2820e4a11c5f87284c7e707&id=CCTV14&type=yy, IPv_Type: ipv6, Location: 美国, ISP: CloudFlare Inc., Date: None, Delay: -1 ms, Speed: 0.00 M/s, Resolution: None
Name: CCTV-14, URL: https://event.pull.hebtv.com/jishi/cp2.m3u8#http://112.27.235.94:8000/hls/15/index.m3u8#http://iptv.huuc.edu.cn/hls/cctv14hd.m3u8#https://migu.188766.xyz/?migutoken=6f9dc0dce2820e4a11c5f87284c7e707&id=CCTV14&type=yy, IPv_Type: ipv6, Location: 中国, ISP: 中国电信, Date: None, Delay: -1 ms, Speed: 0.00 M/s, Resolution: None
Name: CCTV-14, URL: https://migu.188766.xyz/?migutoken=9749aa0a49bf8c13c7c7d8894ad2d68e&id=CCTV14&type=yy, IPv_Type: ipv6, Location: 美国, ISP: CloudFlare Inc., Date: None, Delay: -1 ms, Speed: 0.00 M/s, Resolution: None
Name: CCTV-14, URL: https://migu.188766.xyz/?migutoken=6223b89318766517cc6e75e27d4afb50&id=CCTV14&type=yy, IPv_Type: ipv6, Location: 美国, ISP: CloudFlare Inc., Date: None, Delay: -1 ms, Speed: 0.00 M/s, Resolution: None
Name: CCTV-14, URL: https://migu.188766.xyz/?migutoken=fd354dfab19cdf80963e56967aca7145&id=CCTV14&type=yy, IPv_Type: ipv6, Location: 美国, ISP: CloudFlare Inc., Date: None, Delay: -1 ms, Speed: 0.00 M/s, Resolution: None
Name: CCTV-14, URL: https://migu.188766.xyz/?migutoken=43cdf8a3aafa5d73a1b972b91ee48ba4&id=CCTV14&type=yy, IPv_Type: ipv6, Location: 美国, ISP: CloudFlare Inc., Date: None, Delay: -1 ms, Speed: 0.00 M/s, Resolution: None
Name: CCTV-14, URL: https://event.pull.hebtv.com/jishi/cp2.m3u8#http://112.27.235.94:8000/hls/15/index.m3u8#http://116.128.242.83:9901/tsfile/live/0015_1.m3u8?key=txiptv&playlive=1&authid=0, IPv_Type: ipv6, Location: 中国, ISP: 中国电信, Date: None, Delay: -1 ms, Speed: 0.00 M/s, Resolution: None
Name: CCTV-14, URL: http://gslbmgsplive.miguvideo.com/wd_r2/2018/ocn/cctv14hd/2000/index.m3u8?msisdn=20250919040037b68a648b429341aeb1b1ddaaf17956bb&mdspid=&spid=699004&netType=0&sid=5500212875&pid=2028597139&timestamp=20250919040037&Channel_ID=0116_2600000900-99000-201600010010027&ProgramID=624878440&ParentNodeID=-99&assertID=5500212875&client_ip=106.13.250.89&SecurityKey=20250919040037&promotionId=&mvid=5100001697&mcid=500020&playurlVersion=WX-A1-8.9.1-RELEASE&userid=&jmhm=&videocodec=h264&bean=mgspad&tid=android&conFee=0&puData=691be38dc5f69950573a3a4c4e693172&ddCalcu=2679e1113b49e063e84dcc45af36a9397550, IPv_Type: ipv6, Location: 中国, ISP: 中国移动, Date: None, Delay: -1 ms, Speed: 0.00 M/s, Resolution: None
Name: CCTV-14, URL: http://gslbmgsplive.miguvideo.com/wd_r2/2018/ocn/cctv14hd/2000/index.m3u8?msisdn=202509191600362503501748814fe08d15470b4e736d69&mdspid=&spid=699004&netType=0&sid=5500212875&pid=2028597139&timestamp=20250919160036&Channel_ID=0116_2600000900-99000-201600010010027&ProgramID=624878440&ParentNodeID=-99&assertID=5500212875&client_ip=106.13.250.89&SecurityKey=20250919160036&promotionId=&mvid=5100001697&mcid=500020&playurlVersion=WX-A1-8.9.1-RELEASE&userid=&jmhm=&videocodec=h264&bean=mgspad&tid=android&conFee=0&puData=3c6c7973f93055dec7be225e917a981d&ddCalcu=d31ce8619c4a70791793ef592320e5b57dce, IPv_Type: ipv6, Location: 中国, ISP: 中国移动, Date: None, Delay: -1 ms, Speed: 0.00 M/s, Resolution: None
Name: CCTV-14, URL: http://gslbmgsplive.miguvideo.com/wd_r2/2018/ocn/cctv14hd/2000/index.m3u8?msisdn=202509200400404a9dd97c151f46daa7d5835fbea56f9b&mdspid=&spid=699004&netType=0&sid=5500212875&pid=2028597139&timestamp=20250920040040&Channel_ID=0116_2600000900-99000-201600010010027&ProgramID=624878440&ParentNodeID=-99&assertID=5500212875&client_ip=106.13.250.83&SecurityKey=20250920040040&promotionId=&mvid=5100001697&mcid=500020&playurlVersion=WX-A1-8.9.1-RELEASE&userid=&jmhm=&videocodec=h264&bean=mgspad&tid=android&conFee=0&puData=c36acc1a9d34d76833d15bb8daf22a52&ddCalcu=2c53ea612a42c0fca1da89bdb3541dd73638, IPv_Type: ipv6, Location: 中国, ISP: 中国移动, Date: None, Delay: -1 ms, Speed: 0.00 M/s, Resolution: None
Name: CCTV-14, URL: http://gslbmgsplive.miguvideo.com/wd_r2/2018/ocn/cctv14hd/2000/index.m3u8?msisdn=202509201600347990dd30a0584209817e8a282d23f4b2&mdspid=&spid=699004&netType=0&sid=5500212875&pid=2028597139&timestamp=20250920160034&Channel_ID=0116_2600000900-99000-201600010010027&ProgramID=624878440&ParentNodeID=-99&assertID=5500212875&client_ip=106.13.250.90&SecurityKey=20250920160034&promotionId=&mvid=5100001697&mcid=500020&playurlVersion=WX-A1-8.9.1-RELEASE&userid=&jmhm=&videocodec=h264&bean=mgspad&tid=android&conFee=0&puData=0af598bf7109ace02ab55f200251028e&ddCalcu=e08ae2f2054190582b0f0721f0595abcae20, IPv_Type: ipv6, Location: 中国, ISP: 中国移动, Date: None, Delay: -1 ms, Speed: 0.00 M/s, Resolution: None
Name: CCTV-14, URL: http://gslbmgsplive.miguvideo.com/wd_r2/2018/ocn/cctv14hd/2000/index.m3u8?msisdn=202509210600347676b97c81a04b6b861e4f5cb6c52dcf&mdspid=&spid=699004&netType=0&sid=5500212875&pid=2028597139&timestamp=20250921060034&Channel_ID=0116_2600000900-99000-201600010010027&ProgramID=624878440&ParentNodeID=-99&assertID=5500212875&client_ip=106.13.250.88&SecurityKey=20250921060034&promotionId=&mvid=5100001697&mcid=500020&playurlVersion=WX-A1-8.9.1-RELEASE&userid=&jmhm=&videocodec=h264&bean=mgspad&tid=android&conFee=0&puData=eceb85a876845c9954d63d18ee9fe2c7&ddCalcu=7ecce2e2eb4f8095eae88716d83465dc4959, IPv_Type: ipv6, Location: 中国, ISP: 中国移动, Date: None, Delay: -1 ms, Speed: 0.00 M/s, Resolution: None
Name: CCTV-14, URL: https://event.pull.hebtv.com/jishi/cp2.m3u8#http://112.27.235.94:8000/hls/15/index.m3u8, IPv_Type: ipv6, Location: 中国, ISP: 中国电信, Date: None, Delay: -1 ms, Speed: 0.00 M/s, Resolution: None
Name: CCTV-14, URL: http://gslbmgsplive.miguvideo.com/wd_r2/2018/ocn/cctv14hd/2000/index.m3u8?msisdn=20250921180034bc663e4c65704236834edb2da03ce42b&mdspid=&spid=699004&netType=0&sid=5500212875&pid=2028597139&timestamp=20250921180034&Channel_ID=0116_2600000900-99000-201600010010027&ProgramID=624878440&ParentNodeID=-99&assertID=5500212875&client_ip=106.13.250.89&SecurityKey=20250921180034&promotionId=&mvid=5100001697&mcid=500020&playurlVersion=WX-A1-8.9.1-RELEASE&userid=&jmhm=&videocodec=h264&bean=mgspad&tid=android&conFee=0&puData=0fb46776ad4073e4238e1003c5ecb8da&ddCalcu=a0dfe8b2b44c60e757c63a0d0410e7833e24, IPv_Type: ipv6, Location: 中国, ISP: 中国移动, Date: None, Delay: -1 ms, Speed: 0.00 M/s, Resolution: None
Name: CCTV-14, URL: http://gslbmgsplive.miguvideo.com/wd_r2/2018/ocn/cctv14hd/2000/index.m3u8?msisdn=202509220600296763a301061540c6bc4318adc365c770&mdspid=&spid=699004&netType=0&sid=5500212875&pid=2028597139&timestamp=20250922060029&Channel_ID=0116_2600000900-99000-201600010010027&ProgramID=624878440&ParentNodeID=-99&assertID=5500212875&client_ip=106.13.250.89&SecurityKey=20250922060029&promotionId=&mvid=5100001697&mcid=500020&playurlVersion=WX-A1-8.9.1-RELEASE&userid=&jmhm=&videocodec=h264&bean=mgspad&tid=android&conFee=0&puData=aa1abc4eba4998432afe9e0b230e0db8&ddCalcu=8abaed120a4eb00c342ebb0ae499e9f8a423, IPv_Type: ipv6, Location: 中国, ISP: 中国移动, Date: None, Delay: -1 ms, Speed: 0.00 M/s, Resolution: None
Name: CCTV-14, URL: http://gslbmgsplive.miguvideo.com/wd_r2/2018/ocn/cctv14hd/2000/index.m3u8?msisdn=2025092218003837e6b100e12f4e93aa745a30fd05bdf6&mdspid=&spid=699004&netType=0&sid=5500212875&pid=2028597139&timestamp=20250922180038&Channel_ID=0116_2600000900-99000-201600010010027&ProgramID=624878440&ParentNodeID=-99&assertID=5500212875&client_ip=106.13.250.90&SecurityKey=20250922180038&promotionId=&mvid=5100001697&mcid=500020&playurlVersion=WX-A1-8.9.1-RELEASE&userid=&jmhm=&videocodec=h264&bean=mgspad&tid=android&conFee=0&puData=8c9717bb3856c2768d841186a7b6941f&ddCalcu=f81ce492974610b77bab638815164c82d786, IPv_Type: ipv6, Location: 中国, ISP: 中国移动, Date: None, Delay: -1 ms, Speed: 0.00 M/s, Resolution: None
Name: CCTV-14, URL: http://gslbmgsplive.miguvideo.com/wd_r2/2018/ocn/cctv14hd/2000/index.m3u8?msisdn=202509231800341a49deb1e99d4718b9f7071fb170eda6&mdspid=&spid=699004&netType=0&sid=5500212875&pid=2028597139&timestamp=20250923180034&Channel_ID=0116_2600000900-99000-201600010010027&ProgramID=624878440&ParentNodeID=-99&assertID=5500212875&client_ip=106.13.250.88&SecurityKey=20250923180034&promotionId=&mvid=5100001697&mcid=500020&playurlVersion=WX-A1-8.9.1-RELEASE&userid=&jmhm=&videocodec=h264&bean=mgspad&tid=android&conFee=0&puData=91a35c142c50202acc5aef355b46f2ff&ddCalcu=f9f1e2a2f346504cb154523cf5e0a250c2ca, IPv_Type: ipv6, Location: 中国, ISP: 中国移动, Date: None, Delay: -1 ms, Speed: 0.00 M/s, Resolution: None
Name: CCTV-14, URL: http://gslbmgsplive.miguvideo.com/wd_r2/2018/ocn/cctv14hd/2000/index.m3u8?msisdn=20250924040029e4b6443bf94e42209457785d973f6e2a&mdspid=&spid=699004&netType=0&sid=5500212875&pid=2028597139&timestamp=20250924040029&Channel_ID=0116_2600000900-99000-201600010010027&ProgramID=624878440&ParentNodeID=-99&assertID=5500212875&client_ip=106.13.250.89&SecurityKey=20250924040029&promotionId=&mvid=5100001697&mcid=500020&playurlVersion=WX-A1-8.9.1-RELEASE&userid=&jmhm=&videocodec=h264&bean=mgspad&tid=android&conFee=0&puData=81ae90d4d575cdce0dee84fef0e3d185&ddCalcu=5881e1a2de4390e00df4edf54785eceddc0e, IPv_Type: ipv6, Location: 中国, ISP: 中国移动, Date: None, Delay: -1 ms, Speed: 0.00 M/s, Resolution: None
Name: CCTV-14, URL: rtmp://weishi.hyuui.top/weishi/1234_cctv14, IPv_Type: ipv4, Location: 中国-江苏-常州, ISP: 小鸟云电信数据中心, Date: None, Delay: -1 ms, Speed: inf M/s, Resolution: 1920x1080
Name: CCTV-15, URL: http://[2409:8087:74f0:22::4]:6410/270000001128/9900000512/index.m3u8, IPv_Type: ipv6, Location: 中国, ISP: 中国移动, Date: None, Delay: -1 ms, Speed: 0.00 M/s, Resolution: None
Name: CCTV-15, URL: http://[2409:8087:3869:8021:1001::e5]:6610/PLTV/88888910/224/3221225641/index.m3u8, IPv_Type: ipv6, Location: 中国, ISP: 中国移动, Date: None, Delay: -1 ms, Speed: 0.00 M/s, Resolution: None
Name: CCTV-15, URL: http://[2409:8087:1a01:df::4033]:80/TVOD/88888888/224/3221226127/main.m3u8, IPv_Type: ipv6, Location: 中国, ISP: 中国移动, Date: None, Delay: -1 ms, Speed: 0.00 M/s, Resolution: None
Name: CCTV-15, URL: http://[2409:8087:4c0a:22:1::11]:6410/170000001115/UmaiCHAN6000055BESTVSMGSMG/index.m3u8?AuthInfo=9kOOdBn7MFF%2F2bWjKgahUTWDyIgRkFJBAHMhA2ayG0Tdo%2FUL80msfbhDYvoWpNl31Dy7jHvMl%2FzVUrNxhL1ek1YEGVDZ7lCg0LtKJY4Ku%2B8, IPv_Type: ipv6, Location: 中国, ISP: 中国移动, Date: None, Delay: -1 ms, Speed: 0.00 M/s, Resolution: None
Name: CCTV-15, URL: http://[2409:8087:5e01:34::38]:6610/ZTE_CMS/00000001000000060000000000000501/index.m3u8, IPv_Type: ipv6, Location: 中国, ISP: 中国移动, Date: None, Delay: -1 ms, Speed: 0.00 M/s, Resolution: None
Name: CCTV-15, URL: http://iptv.huuc.edu.cn/hls/cctv15hd.m3u8, IPv_Type: ipv6, Location: 中国, ISP: 教育网, Date: None, Delay: -1 ms, Speed: 0.00 M/s, Resolution: None
Name: CCTV-15, URL: http://nas.suntao.online:35455/itv/1000000005000265014.m3u8?cdn=ystenlive, IPv_Type: ipv6, Location: 中国, ISP: 中国联通, Date: None, Delay: -1 ms, Speed: 0.00 M/s, Resolution: None
Name: CCTV-15, URL: http://yc.myds.me:35455/itv/1000000005000265014.m3u8?cdn=ystenlive, IPv_Type: ipv6, Location: 中国, ISP: 中国电信, Date: None, Delay: -1 ms, Speed: 0.00 M/s, Resolution: None
Name: CCTV-15, URL: http://alvin.ergotron.net:8000/udp/239.77.1.239:5146, IPv_Type: ipv6, Location: 中国, ISP: 中国电信, Date: None, Delay: -1 ms, Speed: 0.00 M/s, Resolution: None
Name: CCTV-15, URL: http://wouu.net:9977/udp/239.93.0.103:5140, IPv_Type: ipv6, Location: 保留地址, ISP: 主机之间的链路本地地址, Date: None, Delay: -1 ms, Speed: 0.00 M/s, Resolution: None
Name: CCTV-15, URL: http://lu.wqwqwq.sbs/itv/1000000005000265014.m3u8?cdn=ystenlive, IPv_Type: ipv6, Location: 美国, ISP: CloudFlare Inc., Date: None, Delay: -1 ms, Speed: 0.00 M/s, Resolution: None
Name: CCTV-15, URL: http://tvbox6.com/tv/bfgd.php?id=133, IPv_Type: ipv6, Location: 美国, ISP: CloudFlare Inc., Date: None, Delay: -1 ms, Speed: 0.00 M/s, Resolution: None
Name: CCTV-15, URL: https://hls-gateway.vpstv.net/streams/476901.m3u8, IPv_Type: ipv6, Location: 美国, ISP: CloudFlare Inc., Date: None, Delay: -1 ms, Speed: 0.00 M/s, Resolution: None
Name: CCTV-15, URL: http://free.cnlive.club/channel/n4fe0755e/index.m3u8?q=1755825520002, IPv_Type: ipv6, Location: 美国, ISP: CloudFlare Inc., Date: None, Delay: -1 ms, Speed: 0.00 M/s, Resolution: None
Name: CCTV-15, URL: https://smart.pendy.dpdns.org/Smart.php, IPv_Type: ipv6, Location: 美国, ISP: CloudFlare Inc., Date: None, Delay: -1 ms, Speed: 0.00 M/s, Resolution: None
Name: CCTV-15, URL: https://migu.188766.xyz/?migutoken=4b8f3a9dac4be8bd5bc4a572be617d0d&id=CCTV15&pp=1, IPv_Type: ipv6, Location: 美国, ISP: CloudFlare Inc., Date: None, Delay: -1 ms, Speed: 0.00 M/s, Resolution: None
Name: CCTV-15, URL: http://free.cnlive.club/channel/n4fe0755e/index.m3u8?q=1756084903216, IPv_Type: ipv6, Location: 美国, ISP: CloudFlare Inc., Date: None, Delay: -1 ms, Speed: 0.00 M/s, Resolution: None
Name: CCTV-15, URL: https://migu.188766.xyz/?migutoken=d4ec6b81ea5e0013c86278735137dcca&id=CCTV15&pp=1, IPv_Type: ipv6, Location: 美国, ISP: CloudFlare Inc., Date: None, Delay: -1 ms, Speed: 0.00 M/s, Resolution: None
Name: CCTV-15, URL: https://migu.188766.xyz/?migutoken=07e9d3c422b5857739e9b99e67828a37&id=CCTV15&pp=1, IPv_Type: ipv6, Location: 美国, ISP: CloudFlare Inc., Date: None, Delay: -1 ms, Speed: 0.00 M/s, Resolution: None
Name: CCTV-15, URL: https://migu.188766.xyz/?migutoken=06e6815c4f933aae55f00f89b84dc8dd&id=CCTV15&pp=1, IPv_Type: ipv6, Location: 美国, ISP: CloudFlare Inc., Date: None, Delay: -1 ms, Speed: 0.00 M/s, Resolution: None
Name: CCTV-15, URL: http://free.cnlive.club/channel/n4fe0755e/index.m3u8?q=1756862022054, IPv_Type: ipv6, Location: 美国, ISP: CloudFlare Inc., Date: None, Delay: -1 ms, Speed: 0.00 M/s, Resolution: None
Name: CCTV-15, URL: https://cc06.tv12.xyz/16.m3u8, IPv_Type: ipv6, Location: 美国, ISP: CloudFlare Inc., Date: None, Delay: -1 ms, Speed: 0.00 M/s, Resolution: None
Name: CCTV-15, URL: http://free.cnlive.club/channel/n4fe0755e/index.m3u8?q=1756948409977, IPv_Type: ipv6, Location: 美国, ISP: CloudFlare Inc., Date: None, Delay: -1 ms, Speed: 0.00 M/s, Resolution: None
Name: CCTV-15, URL: https://migu.188766.xyz/?migutoken=462f398c31753fa3d7231a45c8092db5&id=CCTV15&pp=1, IPv_Type: ipv6, Location: 美国, ISP: CloudFlare Inc., Date: None, Delay: -1 ms, Speed: 0.00 M/s, Resolution: None
Name: CCTV-15, URL: https://migu.188766.xyz/?migutoken=50103eda2cdcf057442df360dec76be8&id=CCTV15&pp=1, IPv_Type: ipv6, Location: 美国, ISP: CloudFlare Inc., Date: None, Delay: -1 ms, Speed: 0.00 M/s, Resolution: None
Name: CCTV-15, URL: https://migu.188766.xyz/?migutoken=3f9f566d8b8f42bed9133d5bbf9f5efa&id=CCTV15&pp=1, IPv_Type: ipv6, Location: 美国, ISP: CloudFlare Inc., Date: None, Delay: -1 ms, Speed: 0.00 M/s, Resolution: None
Name: CCTV-15, URL: https://migu.188766.xyz/?migutoken=021ff42a771b2fbb7f33f81bfce74b65&id=CCTV15&pp=1, IPv_Type: ipv6, Location: 美国, ISP: CloudFlare Inc., Date: None, Delay: -1 ms, Speed: 0.00 M/s, Resolution: None
Name: CCTV-15, URL: https://migu.188766.xyz/?migutoken=1e4c6f10125ab0b7d79deccf605dd5ed&id=CCTV15&type=yy, IPv_Type: ipv6, Location: 美国, ISP: CloudFlare Inc., Date: None, Delay: -1 ms, Speed: 0.00 M/s, Resolution: None
Name: CCTV-15, URL: https://migu.188766.xyz/?migutoken=52b3d8b07b5b0ee0f98c6ed06f6e73d0&id=CCTV15&type=yy, IPv_Type: ipv6, Location: 美国, ISP: CloudFlare Inc., Date: None, Delay: -1 ms, Speed: 0.00 M/s, Resolution: None
Name: CCTV-15, URL: https://migu.188766.xyz/?migutoken=f8933292ed267239206957214512431c&id=CCTV15&type=yy, IPv_Type: ipv6, Location: 美国, ISP: CloudFlare Inc., Date: None, Delay: -1 ms, Speed: 0.00 M/s, Resolution: None
Name: CCTV-15, URL: https://migu.188766.xyz/?migutoken=8160340ccd7cb3aa69cabe25e0334e48&id=CCTV15&type=yy, IPv_Type: ipv6, Location: 美国, ISP: CloudFlare Inc., Date: None, Delay: -1 ms, Speed: 0.00 M/s, Resolution: None
Name: CCTV-15, URL: https://migu.188766.xyz/?migutoken=a2117e4c051f9ac341e7728d2649b69b&id=CCTV15&type=yy, IPv_Type: ipv6, Location: 美国, ISP: CloudFlare Inc., Date: None, Delay: -1 ms, Speed: 0.00 M/s, Resolution: None
Name: CCTV-15, URL: https://migu.188766.xyz/?migutoken=068759f0c24f460d584c4a4b42ad23bb&id=CCTV15&type=yy, IPv_Type: ipv6, Location: 美国, ISP: CloudFlare Inc., Date: None, Delay: -1 ms, Speed: 0.00 M/s, Resolution: None
Name: CCTV-15, URL: http://gslbmgsplive.miguvideo.com/migu/kailu/20200324/cctv15hd/51/index.m3u8?msisdn=2025091904003712af5902db2647d0b36bcb6599008c71&mdspid=&spid=699004&netType=0&sid=5501083628&pid=2028597139&timestamp=20250919040037&Channel_ID=0116_2600000900-99000-201600010010027&ProgramID=673168223&ParentNodeID=-99&assertID=5501083628&client_ip=106.13.250.89&SecurityKey=20250919040037&promotionId=&mvid=5102910391&mcid=500020&playurlVersion=WX-A1-8.9.1-RELEASE&userid=&jmhm=&videocodec=h264&bean=mgspad&tid=android&conFee=0&puData=826fe56ad63a0dd0e8ecd4c69e933c71&ddCalcu=1872ec613f33e095e69a6dc643dac0ed8de0, IPv_Type: ipv6, Location: 中国, ISP: 中国移动, Date: None, Delay: -1 ms, Speed: 0.00 M/s, Resolution: None
Name: CCTV-15, URL: http://gslbmgsplive.miguvideo.com/migu/kailu/20200324/cctv15hd/51/index.m3u8?msisdn=202509191600366793786f51bb4c039cd2a850727a25fb&mdspid=&spid=699004&netType=0&sid=5501083628&pid=2028597139&timestamp=20250919160036&Channel_ID=0116_2600000900-99000-201600010010027&ProgramID=673168223&ParentNodeID=-99&assertID=5501083628&client_ip=106.13.250.89&SecurityKey=20250919160036&promotionId=&mvid=5102910391&mcid=500020&playurlVersion=WX-A1-8.9.1-RELEASE&userid=&jmhm=&videocodec=h264&bean=mgspad&tid=android&conFee=0&puData=e5dd216725111d44f1df11257b62f188&ddCalcu=8e85e1d1fd322061b67752251111f1dd14f4, IPv_Type: ipv6, Location: 中国, ISP: 中国移动, Date: None, Delay: -1 ms, Speed: 0.00 M/s, Resolution: None
Name: CCTV-15, URL: http://gslbmgsplive.miguvideo.com/migu/kailu/20200324/cctv15hd/51/index.m3u8?msisdn=202509200400402e8b4e18bf70473a97dc950df6489a9e&mdspid=&spid=699004&netType=0&sid=5501083628&pid=2028597139&timestamp=20250920040040&Channel_ID=0116_2600000900-99000-201600010010027&ProgramID=673168223&ParentNodeID=-99&assertID=5501083628&client_ip=106.13.250.83&SecurityKey=20250920040040&promotionId=&mvid=5102910391&mcid=500020&playurlVersion=WX-A1-8.9.1-RELEASE&userid=&jmhm=&videocodec=h264&bean=mgspad&tid=android&conFee=0&puData=00bc846784011bb356783661a03b165b&ddCalcu=b050e6b11c3b803406a718646031817b6b53, IPv_Type: ipv6, Location: 中国, ISP: 中国移动, Date: None, Delay: -1 ms, Speed: 0.00 M/s, Resolution: None
Name: CCTV-15, URL: http://gslbmgsplive.miguvideo.com/migu/kailu/20200324/cctv15hd/51/index.m3u8?msisdn=20250920160034f9ae301fbc87414a91dbca990d5b6af9&mdspid=&spid=699004&netType=0&sid=5501083628&pid=2028597139&timestamp=20250920160034&Channel_ID=0116_2600000900-99000-201600010010027&ProgramID=673168223&ParentNodeID=-99&assertID=5501083628&client_ip=106.13.250.90&SecurityKey=20250920160034&promotionId=&mvid=5102910391&mcid=500020&playurlVersion=WX-A1-8.9.1-RELEASE&userid=&jmhm=&videocodec=h264&bean=mgspad&tid=android&conFee=0&puData=6a5c2d28ffaecf263c8b60ea45dc8adf&ddCalcu=f6daea528c3c20dd5248afef0a6ebc8fc236, IPv_Type: ipv6, Location: 中国, ISP: 中国移动, Date: None, Delay: -1 ms, Speed: 0.00 M/s, Resolution: None
Name: CCTV-15, URL: http://gslbmgsplive.miguvideo.com/migu/kailu/20200324/cctv15hd/51/index.m3u8?msisdn=2025092106003590611ead0e2946d8a5adfbb8180cf130&mdspid=&spid=699004&netType=0&sid=5501083628&pid=2028597139&timestamp=20250921060035&Channel_ID=0116_2600000900-99000-201600010010027&ProgramID=673168223&ParentNodeID=-99&assertID=5501083628&client_ip=106.13.250.88&SecurityKey=20250921060035&promotionId=&mvid=5102910391&mcid=500020&playurlVersion=WX-A1-8.9.1-RELEASE&userid=&jmhm=&videocodec=h264&bean=mgspad&tid=android&conFee=0&puData=946bf69de472b79e5cc2efabf2ad7726&ddCalcu=6924e7627b3df0a629fdbea4f7e22bc7c95e, IPv_Type: ipv6, Location: 中国, ISP: 中国移动, Date: None, Delay: -1 ms, Speed: 0.00 M/s, Resolution: None
Name: CCTV-15, URL: http://gslbmgsplive.miguvideo.com/migu/kailu/20200324/cctv15hd/51/index.m3u8?msisdn=202509211800342a5474059596430788662f77df6ba784&mdspid=&spid=699004&netType=0&sid=5501083628&pid=2028597139&timestamp=20250921180034&Channel_ID=0116_2600000900-99000-201600010010027&ProgramID=673168223&ParentNodeID=-99&assertID=5501083628&client_ip=106.13.250.89&SecurityKey=20250921180034&promotionId=&mvid=5102910391&mcid=500020&playurlVersion=WX-A1-8.9.1-RELEASE&userid=&jmhm=&videocodec=h264&bean=mgspad&tid=android&conFee=0&puData=2f7cc8ba0c765882cc616d97af4cf005&ddCalcu=520fe072fc3cc048fbaa709cd7661568c8c2, IPv_Type: ipv6, Location: 中国, ISP: 中国移动, Date: None, Delay: -1 ms, Speed: 0.00 M/s, Resolution: None
Name: CCTV-15, URL: http://3501776.xyz:35455/itv/1000000005000265014.m3u8?cdn=ystenlive, IPv_Type: ipv6, Location: 美国, ISP: CloudFlare Inc., Date: None, Delay: -1 ms, Speed: 0.00 M/s, Resolution: None
Name: CCTV-15, URL: http://gslbmgsplive.miguvideo.com/migu/kailu/20200324/cctv15hd/51/index.m3u8?msisdn=20250922060030eb948e527d7e40bcb6548b0f22891c4a&mdspid=&spid=699004&netType=0&sid=5501083628&pid=2028597139&timestamp=20250922060030&Channel_ID=0116_2600000900-99000-201600010010027&ProgramID=673168223&ParentNodeID=-99&assertID=5501083628&client_ip=106.13.250.89&SecurityKey=20250922060030&promotionId=&mvid=5102910391&mcid=500020&playurlVersion=WX-A1-8.9.1-RELEASE&userid=&jmhm=&videocodec=h264&bean=mgspad&tid=android&conFee=0&puData=7902a37433fcb575b5a352883079f848&ddCalcu=8749e802f239a073073483832f5c3ba557b5, IPv_Type: ipv6, Location: 中国, ISP: 中国移动, Date: None, Delay: -1 ms, Speed: 0.00 M/s, Resolution: None
Name: CCTV-15, URL: http://gslbmgsplive.miguvideo.com/migu/kailu/20200324/cctv15hd/51/index.m3u8?msisdn=2025092218003853f3d9dd327d49d8938c596a73e6507e&mdspid=&spid=699004&netType=0&sid=5501083628&pid=2028597139&timestamp=20250922180038&Channel_ID=0116_2600000900-99000-201600010010027&ProgramID=673168223&ParentNodeID=-99&assertID=5501083628&client_ip=106.13.250.90&SecurityKey=20250922180038&promotionId=&mvid=5102910391&mcid=500020&playurlVersion=WX-A1-8.9.1-RELEASE&userid=&jmhm=&videocodec=h264&bean=mgspad&tid=android&conFee=0&puData=b659de198f9414970b531fa48ce9e8f6&ddCalcu=6bf6e852e939d0eec18948aff9143154b907, IPv_Type: ipv6, Location: 中国, ISP: 中国移动, Date: None, Delay: -1 ms, Speed: 0.00 M/s, Resolution: None
Name: CCTV-15, URL: http://gslbmgsplive.miguvideo.com/migu/kailu/20200324/cctv15hd/51/index.m3u8?msisdn=20250923180034f1efdf2ac2d54271834167b747d08343&mdspid=&spid=699004&netType=0&sid=5501083628&pid=2028597139&timestamp=20250923180034&Channel_ID=0116_2600000900-99000-201600010010027&ProgramID=673168223&ParentNodeID=-99&assertID=5501083628&client_ip=106.13.250.88&SecurityKey=20250923180034&promotionId=&mvid=5102910391&mcid=500020&playurlVersion=WX-A1-8.9.1-RELEASE&userid=&jmhm=&videocodec=h264&bean=mgspad&tid=android&conFee=0&puData=0c1af8da1a5cc6d148dead41352afde1&ddCalcu=10eced12fa3af0285d3a114ad5acecd68d41, IPv_Type: ipv6, Location: 中国, ISP: 中国移动, Date: None, Delay: -1 ms, Speed: 0.00 M/s, Resolution: None
Name: CCTV-15, URL: http://gslbmgsplive.miguvideo.com/migu/kailu/20200324/cctv15hd/51/index.m3u8?msisdn=20250924040029c9a0bd62edaa44caa9e27c1a10b25c84&mdspid=&spid=699004&netType=0&sid=5501083628&pid=2028597139&timestamp=20250924040029&Channel_ID=0116_2600000900-99000-201600010010027&ProgramID=673168223&ParentNodeID=-99&assertID=5501083628&client_ip=106.13.250.89&SecurityKey=20250924040029&promotionId=&mvid=5102910391&mcid=500020&playurlVersion=WX-A1-8.9.1-RELEASE&userid=&jmhm=&videocodec=h264&bean=mgspad&tid=android&conFee=0&puData=2407958498dc827c6244562c81d55929&ddCalcu=9224e902573590d51884c9286d5c4842276c, IPv_Type: ipv6, Location: 中国, ISP: 中国移动, Date: None, Delay: -1 ms, Speed: 0.00 M/s, Resolution: None
Name: CCTV-16, URL: http://php.jdshipin.com/TVOD/hljyd.php?id=3221226100, IPv_Type: ipv6, Location: 美国, ISP: CloudFlare Inc., Date: None, Delay: -1 ms, Speed: 0.00 M/s, Resolution: None
Name: CCTV-16, URL: http://[2409:8087:74f0:22::4]:6410/270000001128/9900000016/index.m3u8, IPv_Type: ipv6, Location: 中国, ISP: 中国移动, Date: None, Delay: -1 ms, Speed: 0.00 M/s, Resolution: None
Name: CCTV-16, URL: http://[2409:8087:3869:8021:1001::e5]:6610/PLTV/88888910/224/3221226230/index.m3u8, IPv_Type: ipv6, Location: 中国, ISP: 中国移动, Date: None, Delay: -1 ms, Speed: 0.00 M/s, Resolution: None
Name: CCTV-16, URL: http://[2409:8087:5e00:24::1e]:6060/200000001898/460000089800010142/1.m3u8, IPv_Type: ipv6, Location: 中国, ISP: 中国移动, Date: None, Delay: -1 ms, Speed: 0.00 M/s, Resolution: None
Name: CCTV-16, URL: http://php.jdshipin.com/itv6.php?cid=ystenlive&id=1000000006000233001, IPv_Type: ipv6, Location: 美国, ISP: CloudFlare Inc., Date: None, Delay: -1 ms, Speed: 0.00 M/s, Resolution: None
Name: CCTV-16, URL: http://nas.suntao.online:35455/itv/1000000006000233002.m3u8?cdn=ystenlive, IPv_Type: ipv6, Location: 中国, ISP: 中国联通, Date: None, Delay: -1 ms, Speed: 0.00 M/s, Resolution: None
Name: CCTV-16, URL: http://livetv.wqwqwq.sbs/gaoma/cctv4k16.m3u8, IPv_Type: ipv6, Location: 美国, ISP: CloudFlare Inc., Date: None, Delay: -1 ms, Speed: 0.00 M/s, Resolution: None
Name: CCTV-16, URL: http://yc.myds.me:35455/itv/1000000006000233002.m3u8?cdn=ystenlive, IPv_Type: ipv6, Location: 中国, ISP: 中国电信, Date: None, Delay: -1 ms, Speed: 0.00 M/s, Resolution: None
Name: CCTV-16, URL: https://yunmei.tv/main/cctv-16.m3u8, IPv_Type: ipv6, Location: 美国, ISP: CloudFlare Inc., Date: None, Delay: -1 ms, Speed: 0.00 M/s, Resolution: None
Name: CCTV-16, URL: http://13937899.xyz:35455/gaoma/cctv16.m3u8, IPv_Type: ipv6, Location: 中国, ISP: 中国电信, Date: None, Delay: -1 ms, Speed: 0.00 M/s, Resolution: None
Name: CCTV-16, URL: http://rrs01.hw.gmcc.net:8088/PLTV/81/224/3221226825/1.m3u8, IPv_Type: ipv6, Location: 中国, ISP: 中国移动, Date: None, Delay: -1 ms, Speed: 0.00 M/s, Resolution: None
Name: CCTV-16, URL: http://[2409:8087:5e00:24::1e]:6060/200000001898/460000089800010142/index.m3u8, IPv_Type: ipv6, Location: 中国, ISP: 中国移动, Date: None, Delay: -1 ms, Speed: 0.00 M/s, Resolution: None
Name: CCTV-16, URL: http://lu.wqwqwq.sbs/itv/1000000006000233002.m3u8?cdn=ystenlive, IPv_Type: ipv6, Location: 美国, ISP: CloudFlare Inc., Date: None, Delay: -1 ms, Speed: 0.00 M/s, Resolution: None
Name: CCTV-16, URL: http://alvin.ergotron.net:8000/udp/239.77.1.76:5146, IPv_Type: ipv6, Location: 中国, ISP: 中国电信, Date: None, Delay: -1 ms, Speed: 0.00 M/s, Resolution: None
Name: CCTV-16, URL: http://webmail.axxe.top:4022/rtp/239.3.1.184:8001, IPv_Type: ipv6, Location: 中国, ISP: 中国电信, Date: None, Delay: -1 ms, Speed: 0.00 M/s, Resolution: None
Name: CCTV-16, URL: https://migu.188766.xyz/?migutoken=eda82b340e2efaedc007fddfaf1c7c28&id=CCTV16&pp=1, IPv_Type: ipv6, Location: 美国, ISP: CloudFlare Inc., Date: None, Delay: -1 ms, Speed: 0.00 M/s, Resolution: None
Name: CCTV-16, URL: https://hls-gateway.vpstv.net/streams/709272.m3u8, IPv_Type: ipv6, Location: 美国, ISP: CloudFlare Inc., Date: None, Delay: -1 ms, Speed: 0.00 M/s, Resolution: None
Name: CCTV-16, URL: http://free.cnlive.club/channel/c15fcc8/index.m3u8?q=1755825520002, IPv_Type: ipv6, Location: 美国, ISP: CloudFlare Inc., Date: None, Delay: -1 ms, Speed: 0.00 M/s, Resolution: None
Name: CCTV-16, URL: http://free.cnlive.club/channel/c15fcc8/index.m3u8?q=1756084903216, IPv_Type: ipv6, Location: 美国, ISP: CloudFlare Inc., Date: None, Delay: -1 ms, Speed: 0.00 M/s, Resolution: None
Name: CCTV-16, URL: http://iptv.huuc.edu.cn/hls/cctv16hd.m3u8, IPv_Type: ipv6, Location: 中国, ISP: 教育网, Date: None, Delay: -1 ms, Speed: 0.00 M/s, Resolution: None
Name: CCTV-16, URL: http://free.cnlive.club/channel/c15fcc8/index.m3u8?q=1756862022054, IPv_Type: ipv6, Location: 美国, ISP: CloudFlare Inc., Date: None, Delay: -1 ms, Speed: 0.00 M/s, Resolution: None
Name: CCTV-16, URL: http://free.cnlive.club/channel/c15fcc8/index.m3u8?q=1756948409977, IPv_Type: ipv6, Location: 美国, ISP: CloudFlare Inc., Date: None, Delay: -1 ms, Speed: 0.00 M/s, Resolution: None
Name: CCTV-16, URL: https://migu.188766.xyz/?migutoken=224540c3f0ec12ca561d38cbdf57886e&id=CCTV16&pp=1, IPv_Type: ipv6, Location: 美国, ISP: CloudFlare Inc., Date: None, Delay: -1 ms, Speed: 0.00 M/s, Resolution: None
Name: CCTV-16, URL: https://migu.188766.xyz/?migutoken=4f3487e0e8557216ed7151d8fe8f7ff1&id=CCTV16&type=yy, IPv_Type: ipv6, Location: 美国, ISP: CloudFlare Inc., Date: None, Delay: -1 ms, Speed: 0.00 M/s, Resolution: None
Name: CCTV-16, URL: https://migu.188766.xyz/?migutoken=7e54a4810056e5e5e48fae8b58e577d4&id=CCTV16&type=yy, IPv_Type: ipv6, Location: 美国, ISP: CloudFlare Inc., Date: None, Delay: -1 ms, Speed: 0.00 M/s, Resolution: None
Name: CCTV-16, URL: https://migu.188766.xyz/?migutoken=941fd02474c2bc9c9d7e9f2587e3ad94&id=CCTV16&type=yy, IPv_Type: ipv6, Location: 美国, ISP: CloudFlare Inc., Date: None, Delay: -1 ms, Speed: 0.00 M/s, Resolution: None
Name: CCTV-16, URL: https://migu.188766.xyz/?migutoken=c6efae824ce07393e51cecee0baf5564&id=CCTV16&type=yy, IPv_Type: ipv6, Location: 美国, ISP: CloudFlare Inc., Date: None, Delay: -1 ms, Speed: 0.00 M/s, Resolution: None
Name: CCTV-17, URL: http://php.jdshipin.com/TVOD/hljyd.php?id=3221225765, IPv_Type: ipv6, Location: 美国, ISP: CloudFlare Inc., Date: None, Delay: -1 ms, Speed: 0.00 M/s, Resolution: None
Name: CCTV-17, URL: http://[2409:8087:74f0:22::4]:6410/270000001128/9900000513/index.m3u8, IPv_Type: ipv6, Location: 中国, ISP: 中国移动, Date: None, Delay: -1 ms, Speed: 0.00 M/s, Resolution: None
Name: CCTV-17, URL: http://[2409:8087:3869:8021:1001::e5]:6610/PLTV/88888910/224/3221225909/index.m3u8, IPv_Type: ipv6, Location: 中国, ISP: 中国移动, Date: None, Delay: -1 ms, Speed: 0.00 M/s, Resolution: None
Name: CCTV-17, URL: http://[2409:8087:3869:8021:1001::e5]:6610/PLTV/88888888/224/3221225907/2/index.m3u8, IPv_Type: ipv6, Location: 中国, ISP: 中国移动, Date: None, Delay: -1 ms, Speed: 0.00 M/s, Resolution: None
Name: CCTV-17, URL: http://php.jdshipin.com/itv6.php?cid=ystenlive&id=1000000005000056836, IPv_Type: ipv6, Location: 美国, ISP: CloudFlare Inc., Date: None, Delay: -1 ms, Speed: 0.00 M/s, Resolution: None
Name: CCTV-17, URL: http://nas.suntao.online:35455/itv/1000000006000268004.m3u8?cdn=ystenlive, IPv_Type: ipv6, Location: 中国, ISP: 中国联通, Date: None, Delay: -1 ms, Speed: 0.00 M/s, Resolution: None
Name: CCTV-17, URL: http://yc.myds.me:35455/itv/1000000006000268004.m3u8?cdn=ystenlive, IPv_Type: ipv6, Location: 中国, ISP: 中国电信, Date: None, Delay: -1 ms, Speed: 0.00 M/s, Resolution: None
Name: CCTV-17, URL: http://[2409:8087:1a01:df::4025]:80/TVOD/88888888/224/3221225708/main.m3u8, IPv_Type: ipv6, Location: 中国, ISP: 中国移动, Date: None, Delay: -1 ms, Speed: 0.00 M/s, Resolution: None
Name: CCTV-17, URL: http://rrs01.hw.gmcc.net:8088/PLTV/81/224/3221226660/1.m3u8, IPv_Type: ipv6, Location: 中国, ISP: 中国移动, Date: None, Delay: -1 ms, Speed: 0.00 M/s, Resolution: None
Name: CCTV-17, URL: http://alvin.ergotron.net:8000/udp/239.77.1.121:5146, IPv_Type: ipv6, Location: 中国, ISP: 中国电信, Date: None, Delay: -1 ms, Speed: 0.00 M/s, Resolution: None
Name: CCTV-17, URL: http://wouu.net:9977/udp/239.93.0.92:5140, IPv_Type: ipv6, Location: 保留地址, ISP: 主机之间的链路本地地址, Date: None, Delay: -1 ms, Speed: 0.00 M/s, Resolution: None
Name: CCTV-17, URL: http://lu.wqwqwq.sbs/itv/1000000005000265015.m3u8?cdn=ystenlive, IPv_Type: ipv6, Location: 美国, ISP: CloudFlare Inc., Date: None, Delay: -1 ms, Speed: 0.00 M/s, Resolution: None
Name: CCTV-17, URL: http://tvbox6.com/tv/bfgd.php?id=204, IPv_Type: ipv6, Location: 美国, ISP: CloudFlare Inc., Date: None, Delay: -1 ms, Speed: 0.00 M/s, Resolution: None
Name: CCTV-17, URL: https://hls-gateway.vpstv.net/streams/708820.m3u8, IPv_Type: ipv6, Location: 美国, ISP: CloudFlare Inc., Date: None, Delay: -1 ms, Speed: 0.00 M/s, Resolution: None
Name: CCTV-17, URL: https://migu.188766.xyz/?migutoken=304c529ff2d1edb8b1d5c30a6b3a71af&id=CCTV17&pp=1, IPv_Type: ipv6, Location: 美国, ISP: CloudFlare Inc., Date: None, Delay: -1 ms, Speed: 0.00 M/s, Resolution: None
Name: CCTV-17, URL: http://free.cnlive.club/channel/9e11396/index.m3u8?q=1755825520002, IPv_Type: ipv6, Location: 美国, ISP: CloudFlare Inc., Date: None, Delay: -1 ms, Speed: 0.00 M/s, Resolution: None
Name: CCTV-17, URL: http://free.cnlive.club/channel/9e11396/index.m3u8?q=1756084903216, IPv_Type: ipv6, Location: 美国, ISP: CloudFlare Inc., Date: None, Delay: -1 ms, Speed: 0.00 M/s, Resolution: None
Name: CCTV-17, URL: https://migu.188766.xyz/?migutoken=067e2628e5564741647807effb2c93ad&id=CCTV17&pp=1, IPv_Type: ipv6, Location: 美国, ISP: CloudFlare Inc., Date: None, Delay: -1 ms, Speed: 0.00 M/s, Resolution: None
Name: CCTV-17, URL: https://migu.188766.xyz/?migutoken=32b22aaa6a86cf8c2a7e0631dde32e40&id=CCTV17&pp=1, IPv_Type: ipv6, Location: 美国, ISP: CloudFlare Inc., Date: None, Delay: -1 ms, Speed: 0.00 M/s, Resolution: None
Name: CCTV-17, URL: http://iptv.huuc.edu.cn/hls/cctv17hd.m3u8, IPv_Type: ipv6, Location: 中国, ISP: 教育网, Date: None, Delay: -1 ms, Speed: 0.00 M/s, Resolution: None
Name: CCTV-17, URL: https://migu.188766.xyz/?migutoken=965b472d1c7001dc1ed42017f667f665&id=CCTV17&pp=1, IPv_Type: ipv6, Location: 美国, ISP: CloudFlare Inc., Date: None, Delay: -1 ms, Speed: 0.00 M/s, Resolution: None
Name: CCTV-17, URL: https://migu.188766.xyz/?migutoken=cc894d6ab4bcc74325271b1fe3029537&id=CCTV17&pp=1, IPv_Type: ipv6, Location: 美国, ISP: CloudFlare Inc., Date: None, Delay: -1 ms, Speed: 0.00 M/s, Resolution: None
Name: CCTV-17, URL: https://migu.188766.xyz/?migutoken=4c710737207adeea17ac77e603bd2514&id=CCTV17&pp=1, IPv_Type: ipv6, Location: 美国, ISP: CloudFlare Inc., Date: None, Delay: -1 ms, Speed: 0.00 M/s, Resolution: None
Name: CCTV-17, URL: https://cc06.tv12.xyz/17.m3u8, IPv_Type: ipv6, Location: 美国, ISP: CloudFlare Inc., Date: None, Delay: -1 ms, Speed: 0.00 M/s, Resolution: None
Name: CCTV-17, URL: http://free.cnlive.club/channel/9e11396/index.m3u8?q=1756948409977, IPv_Type: ipv6, Location: 美国, ISP: CloudFlare Inc., Date: None, Delay: -1 ms, Speed: 0.00 M/s, Resolution: None
Name: CCTV-17, URL: http://free.cnlive.club/channel/9e11396/index.m3u8?q=1756862022054, IPv_Type: ipv6, Location: 美国, ISP: CloudFlare Inc., Date: None, Delay: -1 ms, Speed: 0.00 M/s, Resolution: None
Name: CCTV-17, URL: https://migu.188766.xyz/?migutoken=ca7c805bd0483cd846605456f8499a63&id=CCTV17&pp=1, IPv_Type: ipv6, Location: 美国, ISP: CloudFlare Inc., Date: None, Delay: -1 ms, Speed: 0.00 M/s, Resolution: None
Name: CCTV-17, URL: https://migu.188766.xyz/?migutoken=d13620defbe50b792dea358afb0b309e&id=CCTV17&pp=1, IPv_Type: ipv6, Location: 美国, ISP: CloudFlare Inc., Date: None, Delay: -1 ms, Speed: 0.00 M/s, Resolution: None
Name: CCTV-17, URL: https://migu.188766.xyz/?migutoken=cde45ead0d0140c8b2b3be876f0ec2b5&id=CCTV17&pp=1, IPv_Type: ipv6, Location: 美国, ISP: CloudFlare Inc., Date: None, Delay: -1 ms, Speed: 0.00 M/s, Resolution: None
Name: CCTV-17, URL: https://migu.188766.xyz/?migutoken=a880f4ecd1dc59be81046e0dfcbb9357&id=CCTV17&pp=1, IPv_Type: ipv6, Location: 美国, ISP: CloudFlare Inc., Date: None, Delay: -1 ms, Speed: 0.00 M/s, Resolution: None
Name: CCTV-17, URL: https://migu.188766.xyz/?migutoken=041c72b63f2868a1476de960f2530a69&id=CCTV17&type=yy, IPv_Type: ipv6, Location: 美国, ISP: CloudFlare Inc., Date: None, Delay: -1 ms, Speed: 0.00 M/s, Resolution: None
Name: CCTV-17, URL: https://migu.188766.xyz/?migutoken=be5c53c0253ba8402241fc8e39caa8a1&id=CCTV17&type=yy, IPv_Type: ipv6, Location: 美国, ISP: CloudFlare Inc., Date: None, Delay: -1 ms, Speed: 0.00 M/s, Resolution: None
Name: CCTV-17, URL: https://migu.188766.xyz/?migutoken=952f3e9e8c9014490ded667fa6b6f80e&id=CCTV17&type=yy, IPv_Type: ipv6, Location: 美国, ISP: CloudFlare Inc., Date: None, Delay: -1 ms, Speed: 0.00 M/s, Resolution: None
Name: CCTV-17, URL: https://migu.188766.xyz/?migutoken=5bbf9cf7503c5a59d0aeae1d9b1adb85&id=CCTV17&type=yy, IPv_Type: ipv6, Location: 美国, ISP: CloudFlare Inc., Date: None, Delay: -1 ms, Speed: 0.00 M/s, Resolution: None
Name: CCTV-17, URL: https://migu.188766.xyz/?migutoken=e67367ecd2b233b1760525c988180393&id=CCTV17&type=yy, IPv_Type: ipv6, Location: 美国, ISP: CloudFlare Inc., Date: None, Delay: -1 ms, Speed: 0.00 M/s, Resolution: None
Name: CCTV-17, URL: http://gslbmgsplive.miguvideo.com/migu/kailu/20200324/cctv17hd/51/index.m3u8?msisdn=2025091904003744f697d86aa14d8e843a49b1e6658f5e&mdspid=&spid=699004&netType=0&sid=5501083631&pid=2028597139&timestamp=20250919040037&Channel_ID=0116_2600000900-99000-201600010010027&ProgramID=673168256&ParentNodeID=-99&assertID=5501083631&client_ip=106.13.250.89&SecurityKey=20250919040037&promotionId=&mvid=5102910396&mcid=500020&playurlVersion=WX-A1-8.9.1-RELEASE&userid=&jmhm=&videocodec=h264&bean=mgspad&tid=android&conFee=0&puData=214af56ffcdade46da2c12c297cb603a&ddCalcu=a231e0416a3bf0c5769f2fcc2d1acd2ea4d6, IPv_Type: ipv6, Location: 中国, ISP: 中国移动, Date: None, Delay: -1 ms, Speed: 0.00 M/s, Resolution: None
Name: CCTV-17, URL: http://gslbmgsplive.miguvideo.com/migu/kailu/20200324/cctv17hd/51/index.m3u8?msisdn=202509191600361b9d0f27848d44b1a9b124f65821e9ae&mdspid=&spid=699004&netType=0&sid=5501083631&pid=2028597139&timestamp=20250919160036&Channel_ID=0116_2600000900-99000-201600010010027&ProgramID=673168256&ParentNodeID=-99&assertID=5501083631&client_ip=106.13.250.89&SecurityKey=20250919160036&promotionId=&mvid=5102910396&mcid=500020&playurlVersion=WX-A1-8.9.1-RELEASE&userid=&jmhm=&videocodec=h264&bean=mgspad&tid=android&conFee=0&puData=d3c084b61385ecf42407297bf8e6dcde&ddCalcu=edd3ecc1d03680e48bf6b17398257e0c4f24, IPv_Type: ipv6, Location: 中国, ISP: 中国移动, Date: None, Delay: -1 ms, Speed: 0.00 M/s, Resolution: None
Name: CCTV-17, URL: http://gslbmgsplive.miguvideo.com/migu/kailu/20200324/cctv17hd/51/index.m3u8?msisdn=20250920040040e39cd956b1f14f56a256fc7a3e2e8c19&mdspid=&spid=699004&netType=0&sid=5501083631&pid=2028597139&timestamp=20250920040040&Channel_ID=0116_2600000900-99000-201600010010027&ProgramID=673168256&ParentNodeID=-99&assertID=5501083631&client_ip=106.13.250.83&SecurityKey=20250920040040&promotionId=&mvid=5102910396&mcid=500020&playurlVersion=WX-A1-8.9.1-RELEASE&userid=&jmhm=&videocodec=h264&bean=mgspad&tid=android&conFee=0&puData=9396bba78e6c7547806b653e45cfbce1&ddCalcu=19e3ec91b63fb0cb5a47e83e566cb7650487, IPv_Type: ipv6, Location: 中国, ISP: 中国移动, Date: None, Delay: -1 ms, Speed: 0.00 M/s, Resolution: None
Name: CCTV-17, URL: http://gslbmgsplive.miguvideo.com/migu/kailu/20200324/cctv17hd/51/index.m3u8?msisdn=20250920160034b1a0dc3308b447c0a2302811d221b5bc&mdspid=&spid=699004&netType=0&sid=5501083631&pid=2028597139&timestamp=20250920160034&Channel_ID=0116_2600000900-99000-201600010010027&ProgramID=673168256&ParentNodeID=-99&assertID=5501083631&client_ip=106.13.250.90&SecurityKey=20250920160034&promotionId=&mvid=5102910396&mcid=500020&playurlVersion=WX-A1-8.9.1-RELEASE&userid=&jmhm=&videocodec=h264&bean=mgspad&tid=android&conFee=0&puData=c08a317f37a53b30dbd26930a052969c&ddCalcu=cc90e6829a32305107af03379a6523dbb3d0, IPv_Type: ipv6, Location: 中国, ISP: 中国移动, Date: None, Delay: -1 ms, Speed: 0.00 M/s, Resolution: None
Name: CCTV-17, URL: http://gslbmgsplive.miguvideo.com/migu/kailu/20200324/cctv17hd/51/index.m3u8?msisdn=20250921060035df6854731d494ca5baebb91743d4108b&mdspid=&spid=699004&netType=0&sid=5501083631&pid=2028597139&timestamp=20250921060035&Channel_ID=0116_2600000900-99000-201600010010027&ProgramID=673168256&ParentNodeID=-99&assertID=5501083631&client_ip=106.13.250.88&SecurityKey=20250921060035&promotionId=&mvid=5102910396&mcid=500020&playurlVersion=WX-A1-8.9.1-RELEASE&userid=&jmhm=&videocodec=h264&bean=mgspad&tid=android&conFee=0&puData=acc16746ed14f5402735b86839c5ed91&ddCalcu=1a9cedc2e13560c794368e6d81b45f357420, IPv_Type: ipv6, Location: 中国, ISP: 中国移动, Date: None, Delay: -1 ms, Speed: 0.00 M/s, Resolution: None
Name: CCTV-17, URL: http://gslbmgsplive.miguvideo.com/migu/kailu/20200324/cctv17hd/51/index.m3u8?msisdn=202509211800351693dc8cec0142babeeb0ddd37db9f59&mdspid=&spid=699004&netType=0&sid=5501083631&pid=2028597139&timestamp=20250921180035&Channel_ID=0116_2600000900-99000-201600010010027&ProgramID=673168256&ParentNodeID=-99&assertID=5501083631&client_ip=106.13.250.89&SecurityKey=20250921180035&promotionId=&mvid=5102910396&mcid=500020&playurlVersion=WX-A1-8.9.1-RELEASE&userid=&jmhm=&videocodec=h264&bean=mgspad&tid=android&conFee=0&puData=8b9dd523d2d7f5b8f2211eb327c0169b&ddCalcu=b89be6921d30d0c572233db2ed171f252bf8, IPv_Type: ipv6, Location: 中国, ISP: 中国移动, Date: None, Delay: -1 ms, Speed: 0.00 M/s, Resolution: None
Name: CCTV-17, URL: http://gslbmgsplive.miguvideo.com/migu/kailu/20200324/cctv17hd/51/index.m3u8?msisdn=202509220600300d9c8686d67848339f765d739484c59b&mdspid=&spid=699004&netType=0&sid=5501083631&pid=2028597139&timestamp=20250922060030&Channel_ID=0116_2600000900-99000-201600010010027&ProgramID=673168256&ParentNodeID=-99&assertID=5501083631&client_ip=106.13.250.89&SecurityKey=20250922060030&promotionId=&mvid=5102910396&mcid=500020&playurlVersion=WX-A1-8.9.1-RELEASE&userid=&jmhm=&videocodec=h264&bean=mgspad&tid=android&conFee=0&puData=b46d63c9bc3aab1fe325c4553441f0bc&ddCalcu=cbb4e062fd3160434c395b5c43ca5a2b31ef, IPv_Type: ipv6, Location: 中国, ISP: 中国移动, Date: None, Delay: -1 ms, Speed: 0.00 M/s, Resolution: None
Name: CCTV-17, URL: http://gslbmgsplive.miguvideo.com/migu/kailu/20200324/cctv17hd/51/index.m3u8?msisdn=20250922180038ab9742b4ac89423480c2cd01437239c9&mdspid=&spid=699004&netType=0&sid=5501083631&pid=2028597139&timestamp=20250922180038&Channel_ID=0116_2600000900-99000-201600010010027&ProgramID=673168256&ParentNodeID=-99&assertID=5501083631&client_ip=106.13.250.90&SecurityKey=20250922180038&promotionId=&mvid=5102910396&mcid=500020&playurlVersion=WX-A1-8.9.1-RELEASE&userid=&jmhm=&videocodec=h264&bean=mgspad&tid=android&conFee=0&puData=01689cc044bd0629820bcd9498a46a8a&ddCalcu=a081ea62683490ac8c904494dbcdb0062289, IPv_Type: ipv6, Location: 中国, ISP: 中国移动, Date: None, Delay: -1 ms, Speed: 0.00 M/s, Resolution: None
Name: CCTV-17, URL: http://gslbmgsplive.miguvideo.com/migu/kailu/20200324/cctv17hd/51/index.m3u8?msisdn=20250923180034006a1404e54b457cab3c91d8b7772b58&mdspid=&spid=699004&netType=0&sid=5501083631&pid=2028597139&timestamp=20250923180034&Channel_ID=0116_2600000900-99000-201600010010027&ProgramID=673168256&ParentNodeID=-99&assertID=5501083631&client_ip=106.13.250.88&SecurityKey=20250923180034&promotionId=&mvid=5102910396&mcid=500020&playurlVersion=WX-A1-8.9.1-RELEASE&userid=&jmhm=&videocodec=h264&bean=mgspad&tid=android&conFee=0&puData=b67e4d232d8fcfde736e1179846d7bcf&ddCalcu=fbc6eb727e3d406d4283927d181fec6f3d7e, IPv_Type: ipv6, Location: 中国, ISP: 中国移动, Date: None, Delay: -1 ms, Speed: 0.00 M/s, Resolution: None
Name: CCTV-17, URL: http://gslbmgsplive.miguvideo.com/migu/kailu/20200324/cctv17hd/51/index.m3u8?msisdn=20250924040029561e876de5e1450486158a9880075aa9&mdspid=&spid=699004&netType=0&sid=5501083631&pid=2028597139&timestamp=20250924040029&Channel_ID=0116_2600000900-99000-201600010010027&ProgramID=673168256&ParentNodeID=-99&assertID=5501083631&client_ip=106.13.250.89&SecurityKey=20250924040029&promotionId=&mvid=5102910396&mcid=500020&playurlVersion=WX-A1-8.9.1-RELEASE&userid=&jmhm=&videocodec=h264&bean=mgspad&tid=android&conFee=0&puData=4bc207af92da2554f323662259277b7b&ddCalcu=b47bebc2723700279a5f29226d6a322535f4, IPv_Type: ipv6, Location: 中国, ISP: 中国移动, Date: None, Delay: -1 ms, Speed: 0.00 M/s, Resolution: None
Name: CCTV-17, URL: http://player.cntv.cn/standard/live_HLSDRM20180524.swf?v=180.171.5.8.9.6.3.9&ChannelID=cctv17&videoTVChannel=cctv17&P2PChannelID=pd://cctv_p2p_cctv17&tai=cctv1&VideoName=cctv1&channelID=cctv17, IPv_Type: ipv4, Location: 美国-加利福尼亚州-圣克拉拉, ISP: 网宿CDN节点, Date: None, Delay: 23 ms, Speed: 4.03 M/s, Resolution: 19x24
Name: CCTV-17, URL: http://p.ytelc.com/169l/0/cctv.php?id=cctv4k, IPv_Type: ipv4, Location: 中国-江苏-常州, ISP: 电信, Date: None, Delay: 737 ms, Speed: 2.65 M/s, Resolution: None
Name: CCTV-17, URL: http://p.ytelc.com/169l/0/cctv.php?id=cctv17, IPv_Type: ipv4, Location: 中国-江苏-徐州, ISP: 电信, Date: None, Delay: 2185 ms, Speed: 1.91 M/s, Resolution: None
Name: 广东卫视, URL: http://php.jdshipin.com:8880/TVOD/gsyd.php?id=9900000520, IPv_Type: ipv6, Location: 美国, ISP: CloudFlare Inc., Date: None, Delay: -1 ms, Speed: 0.00 M/s, Resolution: None
Name: 广东卫视, URL: http://z.b.bkpcp.top/m.php?id=gdws, IPv_Type: ipv6, Location: 美国, ISP: CloudFlare Inc., Date: None, Delay: -1 ms, Speed: 0.00 M/s, Resolution: None
Name: 广东卫视, URL: http://j.x.bkpcp.top/jx/GUANGDHD, IPv_Type: ipv6, Location: 美国, ISP: CloudFlare Inc., Date: None, Delay: -1 ms, Speed: 0.00 M/s, Resolution: None
Name: 广东卫视, URL: http://goo.bkpcp.top/mg/gdws, IPv_Type: ipv6, Location: 美国, ISP: CloudFlare Inc., Date: None, Delay: -1 ms, Speed: 0.00 M/s, Resolution: None
Name: 广东卫视, URL: http://[2409:8087:74f0:22::6]:6410/270000001128/9900000520/index.m3u8, IPv_Type: ipv6, Location: 中国, ISP: 中国移动, Date: None, Delay: -1 ms, Speed: 0.00 M/s, Resolution: None
Name: 广东卫视, URL: http://[2409:8087:5e00:24::1e]:6060/200000001898/460000089800010055/1.m3u8, IPv_Type: ipv6, Location: 中国, ISP: 中国移动, Date: None, Delay: -1 ms, Speed: 0.00 M/s, Resolution: None
Name: 广东卫视, URL: http://[2409:8087:3869:8021:1001::e5]:6610/PLTV/88888910/224/3221225701/index.m3u8, IPv_Type: ipv6, Location: 中国, ISP: 中国移动, Date: None, Delay: -1 ms, Speed: 0.00 M/s, Resolution: None
Name: 广东卫视, URL: http://iptv.huuc.edu.cn/hls/gdhd.m3u8, IPv_Type: ipv6, Location: 中国, ISP: 教育网, Date: None, Delay: -1 ms, Speed: 0.00 M/s, Resolution: None
Name: 广东卫视, URL: http://yc.myds.me:35455/itv/1000000001000014176.m3u8?cdn=ystenlive, IPv_Type: ipv6, Location: 中国, ISP: 中国电信, Date: None, Delay: -1 ms, Speed: 0.00 M/s, Resolution: None
Name: 广东卫视, URL: http://nas.suntao.online:35455/itv/1000000001000014176.m3u8?cdn=ystenlive, IPv_Type: ipv6, Location: 中国, ISP: 中国联通, Date: None, Delay: -1 ms, Speed: 0.00 M/s, Resolution: None
Name: 广东卫视, URL: http://rrs01.hw.gmcc.net:8088/PLTV/81/224/3221227161/1.m3u8, IPv_Type: ipv6, Location: 中国, ISP: 中国移动, Date: None, Delay: -1 ms, Speed: 0.00 M/s, Resolution: None
Name: 广东卫视, URL: http://[2409:8087:3869:8021:1001::e5]:6610/PLTV/88888888/224/3221225597/2/index.m3u8, IPv_Type: ipv6, Location: 中国, ISP: 中国移动, Date: None, Delay: -1 ms, Speed: 0.00 M/s, Resolution: None
Name: 广东卫视, URL: http://dsj.motem.top:8880/bptv/10000100000000050000000003873459.m3u8, IPv_Type: ipv6, Location: 美国, ISP: CloudFlare Inc., Date: None, Delay: -1 ms, Speed: 0.00 M/s, Resolution: None
Name: 广东卫视, URL: http://wouu.net:9977/udp/239.93.0.181:5140, IPv_Type: ipv6, Location: 保留地址, ISP: 主机之间的链路本地地址, Date: None, Delay: -1 ms, Speed: 0.00 M/s, Resolution: None
Name: 广东卫视, URL: http://lu.wqwqwq.sbs/itv/1000000005000265034.m3u8?cdn=ystenlive, IPv_Type: ipv6, Location: 美国, ISP: CloudFlare Inc., Date: None, Delay: -1 ms, Speed: 0.00 M/s, Resolution: None
Name: 广东卫视, URL: http://tvbox6.com/tv/bfgd.php?id=092, IPv_Type: ipv6, Location: 美国, ISP: CloudFlare Inc., Date: None, Delay: -1 ms, Speed: 0.00 M/s, Resolution: None
Name: 广东卫视, URL: http://alvin.ergotron.net:8000/udp/239.77.1.19:5146, IPv_Type: ipv6, Location: 中国, ISP: 中国电信, Date: None, Delay: -1 ms, Speed: 0.00 M/s, Resolution: None
Name: 广东卫视, URL: http://webmail.axxe.top:4022/rtp/239.3.1.142:8048, IPv_Type: ipv6, Location: 中国, ISP: 中国电信, Date: None, Delay: -1 ms, Speed: 0.00 M/s, Resolution: None
Name: 广东卫视, URL: http://gf.you123.fun:35455/itv/1000000005000265034.m3u8?cdn=ystenlive, IPv_Type: ipv6, Location: 中国, ISP: 中国电信, Date: None, Delay: -1 ms, Speed: 0.00 M/s, Resolution: None
Name: 广东卫视, URL: https://hls-gateway.vpstv.net/streams/476914.m3u8, IPv_Type: ipv6, Location: 美国, ISP: CloudFlare Inc., Date: None, Delay: -1 ms, Speed: 0.00 M/s, Resolution: None
Name: 广东卫视, URL: https://migu.188766.xyz/?migutoken=d981f9e55dc32b2b531e3a3cb64384c3&id=gdws&type=sz, IPv_Type: ipv6, Location: 美国, ISP: CloudFlare Inc., Date: None, Delay: -1 ms, Speed: 0.00 M/s, Resolution: None
Name: 广东卫视, URL: https://migu.188766.xyz/?migutoken=44b0c2524bb2ea4a193daea3544c7d17&id=gdws&type=sz, IPv_Type: ipv6, Location: 美国, ISP: CloudFlare Inc., Date: None, Delay: -1 ms, Speed: 0.00 M/s, Resolution: None
Name: 广东卫视, URL: http://gslbmgsplive.miguvideo.com/ws_w/2018/gdws/gdws711/1000/index.m3u8?msisdn=20250919040038fb2435a0354e4769864e99dc17075f30&mdspid=&spid=699054&netType=0&sid=2202428795&pid=2028597139&timestamp=20250919040038&Channel_ID=0116_2600000900-99000-201600010010027&ProgramID=608831231&ParentNodeID=-99&assertID=2202428795&client_ip=106.13.250.89&SecurityKey=20250919040038&promotionId=&mvid=2202428795&mcid=500020&playurlVersion=WX-A1-8.9.1-RELEASE&userid=&jmhm=&videocodec=h264&bean=mgspad&tid=android&conFee=0&puData=41121f42094e684205f4d693edb9e01a&ddCalcu=a411e011e28910bfd4e2309964de46f85402, IPv_Type: ipv6, Location: 中国, ISP: 中国移动, Date: None, Delay: -1 ms, Speed: 0.00 M/s, Resolution: None
Name: 广东卫视, URL: http://gslbmgsplive.miguvideo.com/ws_w/2018/gdws/gdws711/1000/index.m3u8?msisdn=2025091916003809031e5c6ab84a46aaed6ea64c02d27d&mdspid=&spid=699054&netType=0&sid=2202428795&pid=2028597139&timestamp=20250919160038&Channel_ID=0116_2600000900-99000-201600010010027&ProgramID=608831231&ParentNodeID=-99&assertID=2202428795&client_ip=106.13.250.89&SecurityKey=20250919160038&promotionId=&mvid=2202428795&mcid=500020&playurlVersion=WX-A1-8.9.1-RELEASE&userid=&jmhm=&videocodec=h264&bean=mgspad&tid=android&conFee=0&puData=4bbb104c8328eec72d9b4827b997f411&ddCalcu=141be4b1fb87109094bc78238248be9edc27, IPv_Type: ipv6, Location: 中国, ISP: 中国移动, Date: None, Delay: -1 ms, Speed: 0.00 M/s, Resolution: None
Name: 广东卫视, URL: http://gslbmgsplive.miguvideo.com/ws_w/2018/gdws/gdws711/1000/index.m3u8?msisdn=202509200400410f7ed28d12ca45e69b11a92aaa55b0e3&mdspid=&spid=699054&netType=0&sid=2202428795&pid=2028597139&timestamp=20250920040041&Channel_ID=0116_2600000900-99000-201600010010027&ProgramID=608831231&ParentNodeID=-99&assertID=2202428795&client_ip=106.13.250.83&SecurityKey=20250920040041&promotionId=&mvid=2202428795&mcid=500020&playurlVersion=WX-A1-8.9.1-RELEASE&userid=&jmhm=&videocodec=h264&bean=mgspad&tid=android&conFee=0&puData=015d228f5ae472c1c89dbb43ac8960bb&ddCalcu=b0b1e0516d892082c8af354abeb4d7928cc1, IPv_Type: ipv6, Location: 中国, ISP: 中国移动, Date: None, Delay: -1 ms, Speed: 0.00 M/s, Resolution: None
Name: 广东卫视, URL: http://gslbmgsplive.miguvideo.com/ws_w/2018/gdws/gdws711/1000/index.m3u8?msisdn=202509201600362af9df667713419eb6374896b457d115&mdspid=&spid=699054&netType=0&sid=2202428795&pid=2028597139&timestamp=20250920160036&Channel_ID=0116_2600000900-99000-201600010010027&ProgramID=608831231&ParentNodeID=-99&assertID=2202428795&client_ip=106.13.250.90&SecurityKey=20250920160036&promotionId=&mvid=2202428795&mcid=500020&playurlVersion=WX-A1-8.9.1-RELEASE&userid=&jmhm=&videocodec=h264&bean=mgspad&tid=android&conFee=0&puData=bc19fe965a12cbf7ca68628831f61b9a&ddCalcu=ab9ceb121986f0fe1936858a21628c6bafc7, IPv_Type: ipv6, Location: 中国, ISP: 中国移动, Date: None, Delay: -1 ms, Speed: 0.00 M/s, Resolution: None
Name: 广东卫视, URL: http://gslbmgsplive.miguvideo.com/ws_w/2018/gdws/gdws711/1000/index.m3u8?msisdn=202509210600369f36bdb9a403426983107223345a0721&mdspid=&spid=699054&netType=0&sid=2202428795&pid=2028597139&timestamp=20250921060036&Channel_ID=0116_2600000900-99000-201600010010027&ProgramID=608831231&ParentNodeID=-99&assertID=2202428795&client_ip=106.13.250.88&SecurityKey=20250921060036&promotionId=&mvid=2202428795&mcid=500020&playurlVersion=WX-A1-8.9.1-RELEASE&userid=&jmhm=&videocodec=h264&bean=mgspad&tid=android&conFee=0&puData=67a7cfe07788e26af3eea961b5394737&ddCalcu=7637e7a24789c03f5eb0176798a8eee236fa, IPv_Type: ipv6, Location: 中国, ISP: 中国移动, Date: None, Delay: -1 ms, Speed: 0.00 M/s, Resolution: None
Name: 广东卫视, URL: http://gslbmgsplive.miguvideo.com/ws_w/2018/gdws/gdws711/1000/index.m3u8?msisdn=20250921180036f353fe9b51384e20a0fbe34f60d7c077&mdspid=&spid=699054&netType=0&sid=2202428795&pid=2028597139&timestamp=20250921180036&Channel_ID=0116_2600000900-99000-201600010010027&ProgramID=608831231&ParentNodeID=-99&assertID=2202428795&client_ip=106.13.250.89&SecurityKey=20250921180036&promotionId=&mvid=2202428795&mcid=500020&playurlVersion=WX-A1-8.9.1-RELEASE&userid=&jmhm=&videocodec=h264&bean=mgspad&tid=android&conFee=0&puData=ea2cff4433977c5e50f67c077b874c67&ddCalcu=7e6aec224c87f08fb4747303c97767fc055e, IPv_Type: ipv6, Location: 中国, ISP: 中国移动, Date: None, Delay: -1 ms, Speed: 0.00 M/s, Resolution: None
Name: 广东卫视, URL: http://gslbmgsplive.miguvideo.com/ws_w/2018/gdws/gdws711/1000/index.m3u8?msisdn=202509220600311bee8880fc094f188ef5f31b76026eac&mdspid=&spid=699054&netType=0&sid=2202428795&pid=2028597139&timestamp=20250922060031&Channel_ID=0116_2600000900-99000-201600010010027&ProgramID=608831231&ParentNodeID=-99&assertID=2202428795&client_ip=106.13.250.89&SecurityKey=20250922060031&promotionId=&mvid=2202428795&mcid=500020&playurlVersion=WX-A1-8.9.1-RELEASE&userid=&jmhm=&videocodec=h264&bean=mgspad&tid=android&conFee=0&puData=e2d68a1a6d64ecc26faaf50258d89cf9&ddCalcu=9ef2ecd2968880da815a260d56f4aeacfc62, IPv_Type: ipv6, Location: 中国, ISP: 中国移动, Date: None, Delay: -1 ms, Speed: 0.00 M/s, Resolution: None
Name: 广东卫视, URL: http://gslbmgsplive.miguvideo.com/ws_w/2018/gdws/gdws711/1000/index.m3u8?msisdn=20250922180040420255d09b3844c0b5692b53402c24c0&mdspid=&spid=699054&netType=0&sid=2202428795&pid=2028597139&timestamp=20250922180040&Channel_ID=0116_2600000900-99000-201600010010027&ProgramID=608831231&ParentNodeID=-99&assertID=2202428795&client_ip=106.13.250.90&SecurityKey=20250922180040&promotionId=&mvid=2202428795&mcid=500020&playurlVersion=WX-A1-8.9.1-RELEASE&userid=&jmhm=&videocodec=h264&bean=mgspad&tid=android&conFee=0&puData=78b3337c3dc3d6d636e86d0d3f99c446&ddCalcu=6748e4b2c3893093f73cd30ddc638de66d36, IPv_Type: ipv6, Location: 中国, ISP: 中国移动, Date: None, Delay: -1 ms, Speed: 0.00 M/s, Resolution: None
Name: 广东卫视, URL: http://gslbmgsplive.miguvideo.com/ws_w/2018/gdws/gdws711/1000/index.m3u8?msisdn=20250923180037db4e67a3097f4c5bbff93a5a81d7aed4&mdspid=&spid=699054&netType=0&sid=2202428795&pid=2028597139&timestamp=20250923180037&Channel_ID=0116_2600000900-99000-201600010010027&ProgramID=608831231&ParentNodeID=-99&assertID=2202428795&client_ip=106.13.250.88&SecurityKey=20250923180037&promotionId=&mvid=2202428795&mcid=500020&playurlVersion=WX-A1-8.9.1-RELEASE&userid=&jmhm=&videocodec=h264&bean=mgspad&tid=android&conFee=0&puData=a1bb4a81dd5f1f579e463da6cbc902a9&ddCalcu=9aa1e2b20b8940cab8c16dadd53f614fe597, IPv_Type: ipv6, Location: 中国, ISP: 中国移动, Date: None, Delay: -1 ms, Speed: 0.00 M/s, Resolution: None
Name: 广东卫视, URL: http://gslbmgsplive.miguvideo.com/ws_w/2018/gdws/gdws711/1000/index.m3u8?msisdn=202509240400311da8331e04ce403697d77d56a259752c&mdspid=&spid=699054&netType=0&sid=2202428795&pid=2028597139&timestamp=20250924040031&Channel_ID=0116_2600000900-99000-201600010010027&ProgramID=608831231&ParentNodeID=-99&assertID=2202428795&client_ip=106.13.250.89&SecurityKey=20250924040031&promotionId=&mvid=2202428795&mcid=500020&playurlVersion=WX-A1-8.9.1-RELEASE&userid=&jmhm=&videocodec=h264&bean=mgspad&tid=android&conFee=0&puData=d9ce3490b03d3b437664ed810c150aba&ddCalcu=adb9eac20e853014c9001b80d3ed436b6473, IPv_Type: ipv6, Location: 中国, ISP: 中国移动, Date: None, Delay: -1 ms, Speed: 0.00 M/s, Resolution: None
Name: 香港卫视, URL: http://cctvtxyh5c.liveplay.myqcloud.com/cstv/xianggangweishi_2/index.m3u8, IPv_Type: ipv6, Location: 中国, ISP: 中国联通, Date: None, Delay: -1 ms, Speed: 0.00 M/s, Resolution: None
Name: 香港卫视, URL: https://yvxymm.tv12.xyz/175.m3u8, IPv_Type: ipv6, Location: 美国, ISP: CloudFlare Inc., Date: None, Delay: -1 ms, Speed: 0.00 M/s, Resolution: None
Name: 香港卫视, URL: https://migu.188766.xyz/?migutoken=7c3730b38316db588f14728b15ebf2dc&id=%E9%A6%99%E6%B8%AF%E5%8D%AB%E8%A7%86&pp=1, IPv_Type: ipv6, Location: 美国, ISP: CloudFlare Inc., Date: None, Delay: -1 ms, Speed: 0.00 M/s, Resolution: None
Name: 香港卫视, URL: https://migu.188766.xyz/?migutoken=e61eb670cccbe439419a5420508bc86f&id=%E9%A6%99%E6%B8%AF%E5%8D%AB%E8%A7%86&pp=1, IPv_Type: ipv6, Location: 美国, ISP: CloudFlare Inc., Date: None, Delay: -1 ms, Speed: 0.00 M/s, Resolution: None
Name: 香港卫视, URL: https://migu.188766.xyz/?migutoken=0cbee0a00b05a353cf1244cb1739fa7b&id=%E9%A6%99%E6%B8%AF%E5%8D%AB%E8%A7%86&pp=1, IPv_Type: ipv6, Location: 美国, ISP: CloudFlare Inc., Date: None, Delay: -1 ms, Speed: 0.00 M/s, Resolution: None
Name: 香港卫视, URL: https://migu.188766.xyz/?migutoken=7d0c18bf93541a9c3d4221bd019b0f52&id=%E9%A6%99%E6%B8%AF%E5%8D%AB%E8%A7%86&pp=1, IPv_Type: ipv6, Location: 美国, ISP: CloudFlare Inc., Date: None, Delay: -1 ms, Speed: 0.00 M/s, Resolution: None
Name: 香港卫视, URL: https://migu.188766.xyz/?migutoken=fb03a21bede3eb8e11ffb10c699d8f63&id=%E9%A6%99%E6%B8%AF%E5%8D%AB%E8%A7%86&pp=1, IPv_Type: ipv6, Location: 美国, ISP: CloudFlare Inc., Date: None, Delay: -1 ms, Speed: 0.00 M/s, Resolution: None
Name: 香港卫视, URL: https://migu.188766.xyz/?migutoken=5d84de8f3ae3f28a7f3c8eacb0fa626a&id=%E9%A6%99%E6%B8%AF%E5%8D%AB%E8%A7%86&pp=1, IPv_Type: ipv6, Location: 美国, ISP: CloudFlare Inc., Date: None, Delay: -1 ms, Speed: 0.00 M/s, Resolution: None
Name: 香港卫视, URL: https://migu.188766.xyz/?migutoken=71c1dbe4568d6c43573e0f04671d588f&id=%E9%A6%99%E6%B8%AF%E5%8D%AB%E8%A7%86&pp=1, IPv_Type: ipv6, Location: 美国, ISP: CloudFlare Inc., Date: None, Delay: -1 ms, Speed: 0.00 M/s, Resolution: None
Name: 香港卫视, URL: https://migu.188766.xyz/?migutoken=6804cde09f4133e69f2aaf5406a2bcc5&id=%E9%A6%99%E6%B8%AF%E5%8D%AB%E8%A7%86&type=yy, IPv_Type: ipv6, Location: 美国, ISP: CloudFlare Inc., Date: None, Delay: -1 ms, Speed: 0.00 M/s, Resolution: None
Name: 香港卫视, URL: http://player.cntv.cn/standard/live_HLSDRM20180606.swf?ChannelID=xianggangweishi&P2PChannelID=pd://cctv_p2p_hdxianggangweishi, IPv_Type: ipv4, Location: 瑞典, ISP: , Date: None, Delay: 8 ms, Speed: 16.41 M/s, Resolution: 19x24
Name: 浙江卫视, URL: http://zwebl02.cztv.com/live/channel011080P.m3u8?auth_key=2524708799-0-0-9a1229d8b9d311024ebea08c3fb1d63f, IPv_Type: ipv6, Location: 美国-加利福尼亚州-洛杉矶, ISP: Level3, Date: None, Delay: -1 ms, Speed: 0.00 M/s, Resolution: None
Name: 浙江卫视, URL: http://zhfivel02.cztv.com/channel01/1080p.m3u8?auth_key=2524708799-0-0-adde67b1b344fdd5e512f30a4ae31915, IPv_Type: ipv6, Location: 美国-加利福尼亚州-洛杉矶, ISP: Level3, Date: None, Delay: -1 ms, Speed: 0.00 M/s, Resolution: None
Name: 浙江卫视, URL: http://php.jdshipin.com/TVOD/hnyd.php?id=200000001898/460000089800010070, IPv_Type: ipv6, Location: 美国, ISP: CloudFlare Inc., Date: None, Delay: -1 ms, Speed: 0.00 M/s, Resolution: None
Name: 浙江卫视, URL: http://z.b.bkpcp.top/m.php?id=zjws, IPv_Type: ipv6, Location: 美国, ISP: CloudFlare Inc., Date: None, Delay: -1 ms, Speed: 0.00 M/s, Resolution: None
Name: 浙江卫视, URL: https://ali-m-l.cztv.com/channels/lantian/channel001/1080p.m3u8, IPv_Type: ipv6, Location: 中国-陕西, ISP: 移动, Date: None, Delay: -1 ms, Speed: 0.00 M/s, Resolution: None
Name: 浙江卫视, URL: http://goo.bkpcp.top/mg/zjws, IPv_Type: ipv6, Location: 美国, ISP: CloudFlare Inc., Date: None, Delay: -1 ms, Speed: 0.00 M/s, Resolution: None
Name: 浙江卫视, URL: http://l.cztvcloud.com/channels/lantian/SXpinghu3/720p.m3u8, IPv_Type: ipv6, Location: 中国-上海-上海, ISP: 电信, Date: None, Delay: -1 ms, Speed: 0.00 M/s, Resolution: None
Name: 浙江卫视, URL: http://iptv.huuc.edu.cn/hls/zjhd.m3u8, IPv_Type: ipv6, Location: 中国, ISP: 教育网, Date: None, Delay: -1 ms, Speed: 0.00 M/s, Resolution: None
Name: 浙江卫视, URL: http://yc.myds.me:35455/itv/1000000001000014260.m3u8?cdn=ystenlive, IPv_Type: ipv6, Location: 中国, ISP: 中国电信, Date: None, Delay: -1 ms, Speed: 0.00 M/s, Resolution: None
Name: 浙江卫视, URL: http://ali-vl.cztv.com/channels/lantian/channel001/360p.m3u8, IPv_Type: ipv6, Location: 中国, ISP: 中国电信, Date: None, Delay: -1 ms, Speed: 0.00 M/s, Resolution: None
Name: 浙江卫视, URL: http://[2409:8087:74f0:22::5]:6410/270000001128/9900000531/index.m3u8, IPv_Type: ipv6, Location: 中国, ISP: 中国移动, Date: None, Delay: -1 ms, Speed: 0.00 M/s, Resolution: None
Name: 浙江卫视, URL: http://[2409:8087:5e00:24::1e]:6060/200000001898/460000089800010070/1.m3u8, IPv_Type: ipv6, Location: 中国, ISP: 中国移动, Date: None, Delay: -1 ms, Speed: 0.00 M/s, Resolution: None
Name: 浙江卫视, URL: http://[2409:8087:74f0:22::4]:6410/270000001128/9900000531/index.m3u8, IPv_Type: ipv6, Location: 中国, ISP: 中国移动, Date: None, Delay: -1 ms, Speed: 0.00 M/s, Resolution: None
Name: 浙江卫视, URL: http://[2409:8087:5e08:24::12]:6610/200000001898/460000089800010070/1.m3u8, IPv_Type: ipv6, Location: 中国, ISP: 中国移动, Date: None, Delay: -1 ms, Speed: 0.00 M/s, Resolution: None
Name: 浙江卫视, URL: http://wouu.net:9977/udp/239.93.0.124:5140, IPv_Type: ipv6, Location: 保留地址, ISP: 主机之间的链路本地地址, Date: None, Delay: -1 ms, Speed: 0.00 M/s, Resolution: None
Name: 浙江卫视, URL: http://lu.wqwqwq.sbs/itv/1000000005000265031.m3u8?cdn=ystenlive, IPv_Type: ipv6, Location: 美国, ISP: CloudFlare Inc., Date: None, Delay: -1 ms, Speed: 0.00 M/s, Resolution: None
Name: 浙江卫视, URL: http://tvbox6.com/tv/bfgd.php?id=094, IPv_Type: ipv6, Location: 美国, ISP: CloudFlare Inc., Date: None, Delay: -1 ms, Speed: 0.00 M/s, Resolution: None
Name: 浙江卫视, URL: http://alvin.ergotron.net:8000/udp/239.77.1.33:5146, IPv_Type: ipv6, Location: 中国, ISP: 中国电信, Date: None, Delay: -1 ms, Speed: 0.00 M/s, Resolution: None
Name: 浙江卫视, URL: https://hls-gateway.vpstv.net/streams/476909.m3u8, IPv_Type: ipv6, Location: 美国, ISP: CloudFlare Inc., Date: None, Delay: -1 ms, Speed: 0.00 M/s, Resolution: None
Name: 浙江卫视, URL: http://ikuai.zlsip.top:4022/rtp/239.3.1.137:8036, IPv_Type: ipv6, Location: 美国, ISP: CloudFlare Inc., Date: None, Delay: -1 ms, Speed: 0.00 M/s, Resolution: None
Name: 浙江卫视, URL: http://player.cntv.cn/standard/live_HLSDRM20180606.swf?ChannelID=zhejiang&P2PChannelID=pd://cctv_p2p_zhejiang, IPv_Type: ipv4, Location: 美国-加利福尼亚州-圣克拉拉, ISP: 网宿CDN节点, Date: None, Delay: 7 ms, Speed: 36.42 M/s, Resolution: 19x24
Name: 湖南卫视, URL: http://php.jdshipin.com/TVOD/hnyd.php?id=200000001898/460000089800010058, IPv_Type: ipv6, Location: 美国, ISP: CloudFlare Inc., Date: None, Delay: -1 ms, Speed: 0.00 M/s, Resolution: None
Name: 湖南卫视, URL: http://z.b.bkpcp.top/m.php?id=hunws, IPv_Type: ipv6, Location: 美国, ISP: CloudFlare Inc., Date: None, Delay: -1 ms, Speed: 0.00 M/s, Resolution: None
Name: 湖南卫视, URL: http://j.x.bkpcp.top/jx/HUNANHD, IPv_Type: ipv6, Location: 美国, ISP: CloudFlare Inc., Date: None, Delay: -1 ms, Speed: 0.00 M/s, Resolution: None
Name: 湖南卫视, URL: http://[2409:8087:74f0:22::5]:6410/270000001128/9900000523/index.m3u8, IPv_Type: ipv6, Location: 中国, ISP: 中国移动, Date: None, Delay: -1 ms, Speed: 0.00 M/s, Resolution: None
Name: 湖南卫视, URL: http://iptv.huuc.edu.cn/hls/hunanhd.m3u8, IPv_Type: ipv6, Location: 中国, ISP: 教育网, Date: None, Delay: -1 ms, Speed: 0.00 M/s, Resolution: None
Name: 湖南卫视, URL: http://yc.myds.me:35455/itv/1000000005000265024.m3u8?cdn=ystenlive, IPv_Type: ipv6, Location: 中国, ISP: 中国电信, Date: None, Delay: -1 ms, Speed: 0.00 M/s, Resolution: None
Name: 湖南卫视, URL: http://nas.suntao.online:35455/itv/5000000004000006692.m3u8?cdn=bestzb, IPv_Type: ipv6, Location: 中国, ISP: 中国联通, Date: None, Delay: -1 ms, Speed: 0.00 M/s, Resolution: None
Name: 湖南卫视, URL: http://[2409:8087:74f0:22::5]:6410/270000001128/9900000523/index.m3u8?channel-id=newtv&livemode=4&Contentid=9900000523, IPv_Type: ipv6, Location: 中国, ISP: 中国移动, Date: None, Delay: -1 ms, Speed: 0.00 M/s, Resolution: None
Name: 湖南卫视, URL: http://[2409:8087:5e00:24::1e]:6060/200000001898/460000089800010058/1.m3u8, IPv_Type: ipv6, Location: 中国, ISP: 中国移动, Date: None, Delay: -1 ms, Speed: 0.00 M/s, Resolution: None
Name: 湖南卫视, URL: http://dsj.motem.top:8880/bptv/10000100000000050000000003873458.m3u8, IPv_Type: ipv6, Location: 美国, ISP: CloudFlare Inc., Date: None, Delay: -1 ms, Speed: 0.00 M/s, Resolution: None
Name: 湖南卫视, URL: http://[2409:8087:3869:8021:1001::e5]:6610/PLTV/88888910/224/3221225704/index.m3u8, IPv_Type: ipv6, Location: 中国, ISP: 中国移动, Date: None, Delay: -1 ms, Speed: 0.00 M/s, Resolution: None
Name: 湖南卫视, URL: http://[2409:8087:1e03:21::42]:6610/cms001/ch00000090990000001026/index.m3u8, IPv_Type: ipv6, Location: 中国, ISP: 中国移动, Date: None, Delay: -1 ms, Speed: 0.00 M/s, Resolution: None
Name: 湖南卫视, URL: http://wouu.net:9977/udp/239.93.0.88:5140, IPv_Type: ipv6, Location: 保留地址, ISP: 主机之间的链路本地地址, Date: None, Delay: -1 ms, Speed: 0.00 M/s, Resolution: None
Name: 湖南卫视, URL: http://lu.wqwqwq.sbs/itv/1000000005000265024.m3u8?cdn=ystenlive, IPv_Type: ipv6, Location: 美国, ISP: CloudFlare Inc., Date: None, Delay: -1 ms, Speed: 0.00 M/s, Resolution: None
Name: 湖南卫视, URL: http://alvin.ergotron.net:8000/udp/239.77.1.5:5146, IPv_Type: ipv6, Location: 中国, ISP: 中国电信, Date: None, Delay: -1 ms, Speed: 0.00 M/s, Resolution: None
Name: 湖南卫视, URL: http://gf.you123.fun:35455/itv/1000000005000265024.m3u8?cdn=ystenlive, IPv_Type: ipv6, Location: 中国, ISP: 中国电信, Date: None, Delay: -1 ms, Speed: 0.00 M/s, Resolution: None
Name: 湖南卫视, URL: https://hls-gateway.vpstv.net/streams/476904.m3u8, IPv_Type: ipv6, Location: 美国, ISP: CloudFlare Inc., Date: None, Delay: -1 ms, Speed: 0.00 M/s, Resolution: None
Name: 湖南卫视, URL: https://migu.188766.xyz/?migutoken=d15014afbeced064c4ba33588c752f1e&id=hunws&type=sz, IPv_Type: ipv6, Location: 美国, ISP: CloudFlare Inc., Date: None, Delay: -1 ms, Speed: 0.00 M/s, Resolution: None
Name: 湖南卫视, URL: https://migu.188766.xyz/?migutoken=2ab226176122fc0f63c137fbefd4a496&id=hunws&type=sz, IPv_Type: ipv6, Location: 美国, ISP: CloudFlare Inc., Date: None, Delay: -1 ms, Speed: 0.00 M/s, Resolution: None
Name: 湖南卫视, URL: https://txmov2.a.kwimgs.com/bs3/video-hls/5199687338554291078_hlsb.m3u8, IPv_Type: ipv4, Location: 美国-加利福尼亚州-圣克拉拉, ISP: 腾讯云, Date: None, Delay: 489 ms, Speed: 5.98 M/s, Resolution: 1280x720
Name: 北京卫视, URL: http://php.jdshipin.com/TVOD/hnyd.php?id=200000001898/460000089800010143, IPv_Type: ipv6, Location: 美国, ISP: CloudFlare Inc., Date: None, Delay: -1 ms, Speed: 0.00 M/s, Resolution: None
Name: 北京卫视, URL: http://z.b.bkpcp.top/m.php?id=bjws, IPv_Type: ipv6, Location: 美国, ISP: CloudFlare Inc., Date: None, Delay: -1 ms, Speed: 0.00 M/s, Resolution: None
Name: 北京卫视, URL: http://j.x.bkpcp.top/jx/BEIJHD, IPv_Type: ipv6, Location: 美国, ISP: CloudFlare Inc., Date: None, Delay: -1 ms, Speed: 0.00 M/s, Resolution: None
Name: 北京卫视, URL: http://[2409:8087:74f0:22::6]:6410/270000001128/9900000516/index.m3u8, IPv_Type: ipv6, Location: 中国, ISP: 中国移动, Date: None, Delay: -1 ms, Speed: 0.00 M/s, Resolution: None
Name: 北京卫视, URL: http://iptv.huuc.edu.cn/hls/btv1hd.m3u8, IPv_Type: ipv6, Location: 中国, ISP: 教育网, Date: None, Delay: -1 ms, Speed: 0.00 M/s, Resolution: None
Name: 北京卫视, URL: http://yc.myds.me:35455/itv/1000000005000265027.m3u8?cdn=ystenlive, IPv_Type: ipv6, Location: 中国, ISP: 中国电信, Date: None, Delay: -1 ms, Speed: 0.00 M/s, Resolution: None
Name: 北京卫视, URL: http://nas.suntao.online:35455/itv/6000000001000020451.m3u8?cdn=wasusyt, IPv_Type: ipv6, Location: 中国, ISP: 中国联通, Date: None, Delay: -1 ms, Speed: 0.00 M/s, Resolution: None
Name: 北京卫视, URL: http://[2409:8087:5e00:24::1e]:6060/200000001898/460000089800010143/1.m3u8, IPv_Type: ipv6, Location: 中国, ISP: 中国移动, Date: None, Delay: -1 ms, Speed: 0.00 M/s, Resolution: None
Name: 北京卫视, URL: http://rrs01.hw.gmcc.net:8088/PLTV/81/224/3221226719/1.m3u8, IPv_Type: ipv6, Location: 中国, ISP: 中国移动, Date: None, Delay: -1 ms, Speed: 0.00 M/s, Resolution: None
Name: 北京卫视, URL: http://[2409:8087:5e00:24::1e]:6060/200000001898/460000089800010043/1.m3u8, IPv_Type: ipv6, Location: 中国, ISP: 中国移动, Date: None, Delay: -1 ms, Speed: 0.00 M/s, Resolution: None
Name: 北京卫视, URL: http://[2409:8087:3869:8021:1001::e5]:6610/PLTV/88888910/224/3221225674/index.m3u8, IPv_Type: ipv6, Location: 中国, ISP: 中国移动, Date: None, Delay: -1 ms, Speed: 0.00 M/s, Resolution: None
Name: 北京卫视, URL: http://dsj.motem.top:8880/bptv/10000100000000050000000003870776.m3u8, IPv_Type: ipv6, Location: 美国, ISP: CloudFlare Inc., Date: None, Delay: -1 ms, Speed: 0.00 M/s, Resolution: None
Name: 北京卫视, URL: http://[2409:8087:3869:8021:1001::e5]:6610/PLTV/88888888/224/3221225673/2/index.m3u8, IPv_Type: ipv6, Location: 中国, ISP: 中国移动, Date: None, Delay: -1 ms, Speed: 0.00 M/s, Resolution: None
Name: 北京卫视, URL: http://wouu.net:9977/udp/239.93.0.180:5140, IPv_Type: ipv6, Location: 保留地址, ISP: 主机之间的链路本地地址, Date: None, Delay: -1 ms, Speed: 0.00 M/s, Resolution: None
Name: 北京卫视, URL: http://lu.wqwqwq.sbs/itv/1000000005000265027.m3u8?cdn=ystenlive, IPv_Type: ipv6, Location: 美国, ISP: CloudFlare Inc., Date: None, Delay: -1 ms, Speed: 0.00 M/s, Resolution: None
Name: 北京卫视, URL: http://tvbox6.com/tv/bfgd.php?id=083, IPv_Type: ipv6, Location: 美国, ISP: CloudFlare Inc., Date: None, Delay: -1 ms, Speed: 0.00 M/s, Resolution: None
Name: 北京卫视, URL: http://alvin.ergotron.net:8000/udp/239.77.1.4:5146, IPv_Type: ipv6, Location: 中国, ISP: 中国电信, Date: None, Delay: -1 ms, Speed: 0.00 M/s, Resolution: None
Name: 北京卫视, URL: http://cdn.jdshipin.com:8880/ysp.php?id=bjws, IPv_Type: ipv6, Location: 美国, ISP: CloudFlare Inc., Date: None, Delay: -1 ms, Speed: 0.00 M/s, Resolution: None
Name: 北京卫视, URL: http://gf.you123.fun:35455/itv/1000000005000265027.m3u8?cdn=ystenlive, IPv_Type: ipv6, Location: 中国, ISP: 中国电信, Date: None, Delay: -1 ms, Speed: 0.00 M/s, Resolution: None
Name: 北京卫视, URL: https://hls-gateway.vpstv.net/streams/476912.m3u8, IPv_Type: ipv6, Location: 美国, ISP: CloudFlare Inc., Date: None, Delay: -1 ms, Speed: 0.00 M/s, Resolution: None
Name: 北京卫视, URL: https://migu.188766.xyz/?migutoken=1ad1842477165b5458adcc75e14b715c&id=bjws&type=sz, IPv_Type: ipv6, Location: 美国, ISP: CloudFlare Inc., Date: None, Delay: -1 ms, Speed: 0.00 M/s, Resolution: None
Name: 北京卫视, URL: https://smart.pendy.dpdns.org/Smart.php, IPv_Type: ipv6, Location: 美国, ISP: CloudFlare Inc., Date: None, Delay: -1 ms, Speed: 0.00 M/s, Resolution: None
Name: 北京卫视, URL: http://cc02.tv12.xyz/1.m3u8, IPv_Type: ipv6, Location: 美国, ISP: CloudFlare Inc., Date: None, Delay: -1 ms, Speed: 0.00 M/s, Resolution: None
Name: 湖北卫视, URL: http://php.jdshipin.com/TVOD/hnyd.php?id=200000001898/460000089800010057, IPv_Type: ipv6, Location: 美国, ISP: CloudFlare Inc., Date: None, Delay: -1 ms, Speed: 0.00 M/s, Resolution: None
Name: 湖北卫视, URL: http://z.b.bkpcp.top/m.php?id=hubws, IPv_Type: ipv6, Location: 美国, ISP: CloudFlare Inc., Date: None, Delay: -1 ms, Speed: 0.00 M/s, Resolution: None
Name: 湖北卫视, URL: http://j.x.bkpcp.top/jx/HUBEIHD, IPv_Type: ipv6, Location: 美国, ISP: CloudFlare Inc., Date: None, Delay: -1 ms, Speed: 0.00 M/s, Resolution: None
Name: 湖北卫视, URL: http://goo.bkpcp.top/mg/hubws, IPv_Type: ipv6, Location: 美国, ISP: CloudFlare Inc., Date: None, Delay: -1 ms, Speed: 0.00 M/s, Resolution: None
Name: 湖北卫视, URL: http://iptv.huuc.edu.cn/hls/hbhd.m3u8, IPv_Type: ipv6, Location: 中国, ISP: 教育网, Date: None, Delay: -1 ms, Speed: 0.00 M/s, Resolution: None
Name: 湖北卫视, URL: http://yc.myds.me:35455/itv/1000000001000024621.m3u8?cdn=ystenlive, IPv_Type: ipv6, Location: 中国, ISP: 中国电信, Date: None, Delay: -1 ms, Speed: 0.00 M/s, Resolution: None
Name: 湖北卫视, URL: http://nas.suntao.online:35455/itv/1000000001000024621.m3u8?cdn=ystenlive, IPv_Type: ipv6, Location: 中国, ISP: 中国联通, Date: None, Delay: -1 ms, Speed: 0.00 M/s, Resolution: None
Name: 湖北卫视, URL: http://[2409:8087:4c0a:22:1::11]:6410/170000001115/UmaiCHAN911989BESTVSMGSMG/index.m3u8?AuthInfo=9kOOdBn7MFF%2F2bWjKgahUTjwoxLREP8RbFWdRUM4faswoDIwMxbrlyyVy9x6ZDKnEdPk51m%2FYpbAXpN4hljdv%2Fuo7x98HZteEPqTZvSaqAE, IPv_Type: ipv6, Location: 中国, ISP: 中国移动, Date: None, Delay: -1 ms, Speed: 0.00 M/s, Resolution: None
Name: 湖北卫视, URL: http://rrs01.hw.gmcc.net:8088/PLTV/81/224/3221226713/1.m3u8, IPv_Type: ipv6, Location: 中国, ISP: 中国移动, Date: None, Delay: -1 ms, Speed: 0.00 M/s, Resolution: None
Name: 湖北卫视, URL: http://[2409:8087:74f0:22::5]:6410/270000001128/9900000522/index.m3u8, IPv_Type: ipv6, Location: 中国, ISP: 中国移动, Date: None, Delay: -1 ms, Speed: 0.00 M/s, Resolution: None
Name: 湖北卫视, URL: http://[2409:8087:5e00:24::1e]:6060/200000001898/460000089800010057/1.m3u8, IPv_Type: ipv6, Location: 中国, ISP: 中国移动, Date: None, Delay: -1 ms, Speed: 0.00 M/s, Resolution: None
Name: 湖北卫视, URL: http://dsj.motem.top:8880/bptv/10000100000000050000000003873465.m3u8, IPv_Type: ipv6, Location: 美国, ISP: CloudFlare Inc., Date: None, Delay: -1 ms, Speed: 0.00 M/s, Resolution: None
Name: 湖北卫视, URL: http://lu.wqwqwq.sbs/itv/1000000005000265023.m3u8?cdn=ystenlive, IPv_Type: ipv6, Location: 美国, ISP: CloudFlare Inc., Date: None, Delay: -1 ms, Speed: 0.00 M/s, Resolution: None
Name: 湖北卫视, URL: http://[2409:8087:3869:8021:1001::e5]:6610/PLTV/88888910/224/3221225699/index.m3u8, IPv_Type: ipv6, Location: 中国, ISP: 中国移动, Date: None, Delay: -1 ms, Speed: 0.00 M/s, Resolution: None
Name: 湖北卫视, URL: http://[2409:8087:3869:8021:1001::e5]:6610/PLTV/88888888/224/3221225596/2/index.m3u8, IPv_Type: ipv6, Location: 中国, ISP: 中国移动, Date: None, Delay: -1 ms, Speed: 0.00 M/s, Resolution: None
Name: 湖北卫视, URL: http://wouu.net:9977/udp/239.93.0.250:5140, IPv_Type: ipv6, Location: 保留地址, ISP: 主机之间的链路本地地址, Date: None, Delay: -1 ms, Speed: 0.00 M/s, Resolution: None
Name: 湖北卫视, URL: http://tvbox6.com/tv/bfgd.php?id=102, IPv_Type: ipv6, Location: 美国, ISP: CloudFlare Inc., Date: None, Delay: -1 ms, Speed: 0.00 M/s, Resolution: None
Name: 湖北卫视, URL: http://webmail.axxe.top:4022/rtp/239.3.1.138:8044, IPv_Type: ipv6, Location: 中国, ISP: 中国电信, Date: None, Delay: -1 ms, Speed: 0.00 M/s, Resolution: None
Name: 湖北卫视, URL: https://migu.188766.xyz/?migutoken=9157c8aa7a594b5e3a23675f8f75f55b&id=%E6%B9%96%E5%8C%97%E5%8D%AB%E8%A7%86&pp=1, IPv_Type: ipv6, Location: 美国, ISP: CloudFlare Inc., Date: None, Delay: -1 ms, Speed: 0.00 M/s, Resolution: None
Name: 湖北卫视, URL: http://alvin.ergotron.net:8000/udp/239.77.1.93:5146, IPv_Type: ipv6, Location: 中国, ISP: 中国电信, Date: None, Delay: -1 ms, Speed: 0.00 M/s, Resolution: None
Name: 湖北卫视, URL: http://gf.you123.fun:35455/itv/1000000005000265023.m3u8?cdn=ystenlive, IPv_Type: ipv6, Location: 中国, ISP: 中国电信, Date: None, Delay: -1 ms, Speed: 0.00 M/s, Resolution: None
Name: 湖北卫视, URL: https://hls-gateway.vpstv.net/streams/476198.m3u8, IPv_Type: ipv6, Location: 美国, ISP: CloudFlare Inc., Date: None, Delay: -1 ms, Speed: 0.00 M/s, Resolution: None
Name: 湖北卫视, URL: https://migu.188766.xyz/?migutoken=448df6a3948930d089f98ffc2188c5c0&id=%E6%B9%96%E5%8C%97%E5%8D%AB%E8%A7%86&type=yy, IPv_Type: ipv6, Location: 美国, ISP: CloudFlare Inc., Date: None, Delay: -1 ms, Speed: 0.00 M/s, Resolution: None
Name: 湖北卫视, URL: https://smart.pendy.dpdns.org/Smart.php, IPv_Type: ipv6, Location: 美国, ISP: CloudFlare Inc., Date: None, Delay: -1 ms, Speed: 0.00 M/s, Resolution: None
Name: 湖北卫视, URL: http://gslbmgsplive.miguvideo.com/wd_r2/2018/ocn/hubeiwshd/2000/index.m3u8?msisdn=2025091904003906f75ca9e88c4b5297491a74a3ce5145&mdspid=&spid=600633&netType=0&sid=5910022163&pid=2028597139&timestamp=20250919040039&Channel_ID=0116_2600000900-99000-201600010010027&ProgramID=947472496&ParentNodeID=-99&assertID=5910022163&client_ip=106.13.250.89&SecurityKey=20250919040039&promotionId=&mvid=5900004355&mcid=500020&playurlVersion=WX-A1-8.9.1-RELEASE&userid=&jmhm=&videocodec=h264&bean=mgspad&tid=android&conFee=0&puData=cb24209342b56f83db519ae52d50a827&ddCalcu=7c2be821a4702050d92354e2ab95165fb8d3, IPv_Type: ipv6, Location: 中国, ISP: 中国移动, Date: None, Delay: -1 ms, Speed: 0.00 M/s, Resolution: None
Name: 湖北卫视, URL: http://gslbmgsplive.miguvideo.com/wd_r2/2018/ocn/hubeiwshd/2000/index.m3u8?msisdn=20250919160038ea34f07c8fb8498eb63d577793617bf0&mdspid=&spid=600633&netType=0&sid=5910022163&pid=2028597139&timestamp=20250919160038&Channel_ID=0116_2600000900-99000-201600010010027&ProgramID=947472496&ParentNodeID=-99&assertID=5910022163&client_ip=106.13.250.89&SecurityKey=20250919160038&promotionId=&mvid=5900004355&mcid=500020&playurlVersion=WX-A1-8.9.1-RELEASE&userid=&jmhm=&videocodec=h264&bean=mgspad&tid=android&conFee=0&puData=4a8591022b6008443796192a2ceef20d&ddCalcu=d40ae281f57e90e1c022a22b961060987434, IPv_Type: ipv6, Location: 中国, ISP: 中国移动, Date: None, Delay: -1 ms, Speed: 0.00 M/s, Resolution: None
Name: 湖北卫视, URL: http://gslbmgsplive.miguvideo.com/wd_r2/2018/ocn/hubeiwshd/2000/index.m3u8?msisdn=202509201600368b65a3c9032546d9879c02d4e8ca1248&mdspid=&spid=600633&netType=0&sid=5910022163&pid=2028597139&timestamp=20250920160036&Channel_ID=0116_2600000900-99000-201600010010027&ProgramID=947472496&ParentNodeID=-99&assertID=5910022163&client_ip=106.13.250.90&SecurityKey=20250920160036&promotionId=&mvid=5900004355&mcid=500020&playurlVersion=WX-A1-8.9.1-RELEASE&userid=&jmhm=&videocodec=h264&bean=mgspad&tid=android&conFee=0&puData=611e35c5ab24e8038497cb723d3baedd&ddCalcu=d6d1ee12ae7b3035dc352a7bb2c47e984083, IPv_Type: ipv6, Location: 中国, ISP: 中国移动, Date: None, Delay: -1 ms, Speed: 0.00 M/s, Resolution: None
Name: 湖北卫视, URL: http://gslbmgsplive.miguvideo.com/wd_r2/2018/ocn/hubeiwshd/2000/index.m3u8?msisdn=20250921180036d8f6caf1773049abb0975a5f0aab44ca&mdspid=&spid=600633&netType=0&sid=5910022163&pid=2028597139&timestamp=20250921180036&Channel_ID=0116_2600000900-99000-201600010010027&ProgramID=947472496&ParentNodeID=-99&assertID=5910022163&client_ip=106.13.250.89&SecurityKey=20250921180036&promotionId=&mvid=5900004355&mcid=500020&playurlVersion=WX-A1-8.9.1-RELEASE&userid=&jmhm=&videocodec=h264&bean=mgspad&tid=android&conFee=0&puData=5fc9ef701ba53da797f3380e14deea03&ddCalcu=350feac2e97ee0df4710e10b8a3533fd7a97, IPv_Type: ipv6, Location: 中国, ISP: 中国移动, Date: None, Delay: -1 ms, Speed: 0.00 M/s, Resolution: None
Name: 湖北卫视, URL: http://gslbmgsplive.miguvideo.com/wd_r2/2018/ocn/hubeiwshd/2000/index.m3u8?msisdn=20250922180041fc9c1f932c134a60897b05cb414dc3e0&mdspid=&spid=600633&netType=0&sid=5910022163&pid=2028597139&timestamp=20250922180041&Channel_ID=0116_2600000900-99000-201600010010027&ProgramID=947472496&ParentNodeID=-99&assertID=5910022163&client_ip=106.13.250.90&SecurityKey=20250922180041&promotionId=&mvid=5900004355&mcid=500020&playurlVersion=WX-A1-8.9.1-RELEASE&userid=&jmhm=&videocodec=h264&bean=mgspad&tid=android&conFee=0&puData=70e7afa5dc9e58134b90499e9044d463&ddCalcu=3760e4e2d774a04f0a95ed9c994e0598b143, IPv_Type: ipv6, Location: 中国, ISP: 中国移动, Date: None, Delay: -1 ms, Speed: 0.00 M/s, Resolution: None
Name: 湖北卫视, URL: http://gslbmgsplive.miguvideo.com/wd_r2/2018/ocn/hubeiwshd/2000/index.m3u8?msisdn=202509231800371b799ed5437040daa5629b0a03b11fc2&mdspid=&spid=600633&netType=0&sid=5910022163&pid=2028597139&timestamp=20250923180037&Channel_ID=0116_2600000900-99000-201600010010027&ProgramID=947472496&ParentNodeID=-99&assertID=5910022163&client_ip=106.13.250.88&SecurityKey=20250923180037&promotionId=&mvid=5900004355&mcid=500020&playurlVersion=WX-A1-8.9.1-RELEASE&userid=&jmhm=&videocodec=h264&bean=mgspad&tid=android&conFee=0&puData=fe0b8f1cb644fd93fae523465921f32b&ddCalcu=bf2ee302fb71802f915c6b4634245feda9f3, IPv_Type: ipv6, Location: 中国, ISP: 中国移动, Date: None, Delay: -1 ms, Speed: 0.00 M/s, Resolution: None
Name: 黑龙江卫视, URL: http://php.jdshipin.com/TVOD/hnyd.php?id=200000001898/460000089800010056, IPv_Type: ipv6, Location: 美国, ISP: CloudFlare Inc., Date: None, Delay: -1 ms, Speed: 0.00 M/s, Resolution: None
Name: 黑龙江卫视, URL: http://j.x.bkpcp.top/jx/HEILJHD, IPv_Type: ipv6, Location: 美国, ISP: CloudFlare Inc., Date: None, Delay: -1 ms, Speed: 0.00 M/s, Resolution: None
Name: 黑龙江卫视, URL: http://l.cztvcloud.com/channels/lantian/SXyuyao3/720p.m3u8, IPv_Type: ipv6, Location: 中国-上海-上海, ISP: 电信, Date: None, Delay: -1 ms, Speed: 0.00 M/s, Resolution: None
Name: 黑龙江卫视, URL: http://[2409:8087:4c0a:22:1::11]:6410/170000001115/UmaiCHAN181356BESTVSMGSMG/index.m3u8, IPv_Type: ipv6, Location: 中国, ISP: 中国移动, Date: None, Delay: -1 ms, Speed: 0.00 M/s, Resolution: None
Name: 黑龙江卫视, URL: http://[2409:8087:74f0:22::6]:6410/270000001128/9900000521/index.m3u8, IPv_Type: ipv6, Location: 中国, ISP: 中国移动, Date: None, Delay: -1 ms, Speed: 0.00 M/s, Resolution: None
Name: 黑龙江卫视, URL: http://[2409:8087:5e00:24::1e]:6060/200000001898/460000089800010056/1.m3u8, IPv_Type: ipv6, Location: 中国, ISP: 中国移动, Date: None, Delay: -1 ms, Speed: 0.00 M/s, Resolution: None
Name: 黑龙江卫视, URL: http://iptv.huuc.edu.cn/hls/hljhd.m3u8, IPv_Type: ipv6, Location: 中国, ISP: 教育网, Date: None, Delay: -1 ms, Speed: 0.00 M/s, Resolution: None
Name: 黑龙江卫视, URL: http://yc.myds.me:35455/itv/1000000001000001925.m3u8?cdn=ystenlive, IPv_Type: ipv6, Location: 中国, ISP: 中国电信, Date: None, Delay: -1 ms, Speed: 0.00 M/s, Resolution: None
Name: 黑龙江卫视, URL: http://nas.suntao.online:35455/itv/1000000001000001925.m3u8?cdn=ystenlive, IPv_Type: ipv6, Location: 中国, ISP: 中国联通, Date: None, Delay: -1 ms, Speed: 0.00 M/s, Resolution: None
Name: 黑龙江卫视, URL: http://z.b.bkpcp.top/m.php?id=hljws, IPv_Type: ipv6, Location: 美国, ISP: CloudFlare Inc., Date: None, Delay: -1 ms, Speed: 0.00 M/s, Resolution: None
Name: 黑龙江卫视, URL: http://rrs01.hw.gmcc.net:8088/PLTV/81/224/3221226716/1.m3u8, IPv_Type: ipv6, Location: 中国, ISP: 中国移动, Date: None, Delay: -1 ms, Speed: 0.00 M/s, Resolution: None
Name: 黑龙江卫视, URL: http://dsj.motem.top:8880/bptv/10000100000000050000000003873470.m3u8, IPv_Type: ipv6, Location: 美国, ISP: CloudFlare Inc., Date: None, Delay: -1 ms, Speed: 0.00 M/s, Resolution: None
Name: 黑龙江卫视, URL: http://[2409:8087:3869:8021:1001::e5]:6610/PLTV/88888888/224/3221225690/2/index.m3u8, IPv_Type: ipv6, Location: 中国, ISP: 中国移动, Date: None, Delay: -1 ms, Speed: 0.00 M/s, Resolution: None
Name: 黑龙江卫视, URL: http://[2409:8087:3869:8021:1001::e5]:6610/PLTV/88888888/224/3221225736/2/index.m3u8, IPv_Type: ipv6, Location: 中国, ISP: 中国移动, Date: None, Delay: -1 ms, Speed: 0.00 M/s, Resolution: None
Name: 黑龙江卫视, URL: http://[2409:8087:3869:8021:1001::e5]:6610/PLTV/88888888/224/3221225586/2/index.m3u8, IPv_Type: ipv6, Location: 中国, ISP: 中国移动, Date: None, Delay: -1 ms, Speed: 0.00 M/s, Resolution: None
Name: 黑龙江卫视, URL: http://lu.wqwqwq.sbs/itv/1000000001000001925.m3u8?cdn=ystenlive, IPv_Type: ipv6, Location: 美国, ISP: CloudFlare Inc., Date: None, Delay: -1 ms, Speed: 0.00 M/s, Resolution: None
Name: 黑龙江卫视, URL: http://tvbox6.com/tv/bfgd.php?id=095, IPv_Type: ipv6, Location: 美国, ISP: CloudFlare Inc., Date: None, Delay: -1 ms, Speed: 0.00 M/s, Resolution: None
Name: 黑龙江卫视, URL: http://alvin.ergotron.net:8000/udp/239.77.1.6:5146, IPv_Type: ipv6, Location: 中国, ISP: 中国电信, Date: None, Delay: -1 ms, Speed: 0.00 M/s, Resolution: None
Name: 黑龙江卫视, URL: https://migu.188766.xyz/?migutoken=f5c14cd4b645735e7cc2eeb6deaaae33&id=hljws&type=dy, IPv_Type: ipv6, Location: 美国, ISP: CloudFlare Inc., Date: None, Delay: -1 ms, Speed: 0.00 M/s, Resolution: None
Name: 黑龙江卫视, URL: https://idclive.hljtv.com:4430/live/hljws_own.m3u8, IPv_Type: ipv6, Location: 中国, ISP: 中国移动, Date: None, Delay: -1 ms, Speed: 0.00 M/s, Resolution: None
Name: 黑龙江卫视, URL: https://www.hljtv.com/live/folder418/, IPv_Type: ipv6, Location: 中国, ISP: 中国联通, Date: None, Delay: -1 ms, Speed: 0.00 M/s, Resolution: None
Name: 黑龙江卫视, URL: https://migu.188766.xyz/?migutoken=6e0e670de2b1ca1db48a15dd70481678&id=hljws&type=sz, IPv_Type: ipv6, Location: 美国, ISP: CloudFlare Inc., Date: None, Delay: -1 ms, Speed: 0.00 M/s, Resolution: None
Name: 黑龙江卫视, URL: https://migu.188766.xyz/?migutoken=2ae2bfcfa77bfbd130792a36ddcf281a&id=hljws&type=sz, IPv_Type: ipv6, Location: 美国, ISP: CloudFlare Inc., Date: None, Delay: -1 ms, Speed: 0.00 M/s, Resolution: None
Name: 黑龙江卫视, URL: https://migu.188766.xyz/?migutoken=6bac21c18380b03670bf1e08ea4a602a&id=hljws&type=sz, IPv_Type: ipv6, Location: 美国, ISP: CloudFlare Inc., Date: None, Delay: -1 ms, Speed: 0.00 M/s, Resolution: None
Name: 黑龙江卫视, URL: https://migu.188766.xyz/?migutoken=9de9c061e2d4414256f1e0eda757d7f5&id=hljws&type=sz, IPv_Type: ipv6, Location: 美国, ISP: CloudFlare Inc., Date: None, Delay: -1 ms, Speed: 0.00 M/s, Resolution: None
Name: 安徽卫视, URL: http://php.jdshipin.com/TVOD/hljyd.php?id=3221226391, IPv_Type: ipv6, Location: 美国, ISP: CloudFlare Inc., Date: None, Delay: -1 ms, Speed: 0.00 M/s, Resolution: None
Name: 安徽卫视, URL: http://j.x.bkpcp.top/jx/ANHUIHD, IPv_Type: ipv6, Location: 美国, ISP: CloudFlare Inc., Date: None, Delay: -1 ms, Speed: 0.00 M/s, Resolution: None
Name: 安徽卫视, URL: http://[2409:8087:74f0:22::7]:6410/270000001128/9900000514/index.m3u8, IPv_Type: ipv6, Location: 中国, ISP: 中国移动, Date: None, Delay: -1 ms, Speed: 0.00 M/s, Resolution: None
Name: 安徽卫视, URL: http://[2409:8087:5e00:24::1e]:6060/200000001898/460000089800010041/1.m3u8, IPv_Type: ipv6, Location: 中国, ISP: 中国移动, Date: None, Delay: -1 ms, Speed: 0.00 M/s, Resolution: None
Name: 安徽卫视, URL: http://iptv.huuc.edu.cn/hls/ahhd.m3u8, IPv_Type: ipv6, Location: 中国, ISP: 教育网, Date: None, Delay: -1 ms, Speed: 0.00 M/s, Resolution: None
Name: 安徽卫视, URL: http://php.jdshipin.com/itv6.php?cid=ystenlive&id=1000000001000030159, IPv_Type: ipv6, Location: 美国, ISP: CloudFlare Inc., Date: None, Delay: -1 ms, Speed: 0.00 M/s, Resolution: None
Name: 安徽卫视, URL: http://yc.myds.me:35455/itv/1000000001000030159.m3u8?cdn=ystenlive, IPv_Type: ipv6, Location: 中国, ISP: 中国电信, Date: None, Delay: -1 ms, Speed: 0.00 M/s, Resolution: None
Name: 安徽卫视, URL: http://nas.suntao.online:35455/itv/1000000001000030159.m3u8?cdn=ystenlive, IPv_Type: ipv6, Location: 中国, ISP: 中国联通, Date: None, Delay: -1 ms, Speed: 0.00 M/s, Resolution: None
Name: 安徽卫视, URL: http://z.b.bkpcp.top/m.php?id=ahws, IPv_Type: ipv6, Location: 美国, ISP: CloudFlare Inc., Date: None, Delay: -1 ms, Speed: 0.00 M/s, Resolution: None
Name: 安徽卫视, URL: http://[2409:8087:74f0:22::7]:6410/270000001128/9900000514/index.m3u8?channel-id=newtv&livemode=4&Contentid=9900000514, IPv_Type: ipv6, Location: 中国, ISP: 中国移动, Date: None, Delay: -1 ms, Speed: 0.00 M/s, Resolution: None
Name: 安徽卫视, URL: http://dsj.motem.top:8880/bptv/10000100000000050000000003873469.m3u8, IPv_Type: ipv6, Location: 美国, ISP: CloudFlare Inc., Date: None, Delay: -1 ms, Speed: 0.00 M/s, Resolution: None
Name: 安徽卫视, URL: http://[2409:8087:3869:8021:1001::e5]:6610/PLTV/88888910/224/3221225691/index.m3u8, IPv_Type: ipv6, Location: 中国, ISP: 中国移动, Date: None, Delay: -1 ms, Speed: 0.00 M/s, Resolution: None
Name: 安徽卫视, URL: http://lu.wqwqwq.sbs/itv/1000000005000265025.m3u8?cdn=ystenlive, IPv_Type: ipv6, Location: 美国, ISP: CloudFlare Inc., Date: None, Delay: -1 ms, Speed: 0.00 M/s, Resolution: None
Name: 安徽卫视, URL: http://wouu.net:9977/udp/239.93.1.106:5140, IPv_Type: ipv6, Location: 保留地址, ISP: 主机之间的链路本地地址, Date: None, Delay: -1 ms, Speed: 0.00 M/s, Resolution: None
Name: 安徽卫视, URL: http://tvbox6.com/tv/bfgd.php?id=096, IPv_Type: ipv6, Location: 美国, ISP: CloudFlare Inc., Date: None, Delay: -1 ms, Speed: 0.00 M/s, Resolution: None
Name: 安徽卫视, URL: http://webmail.axxe.top:4022/rtp/239.3.1.211:8064, IPv_Type: ipv6, Location: 中国, ISP: 中国电信, Date: None, Delay: -1 ms, Speed: 0.00 M/s, Resolution: None
Name: 安徽卫视, URL: http://alvin.ergotron.net:8000/udp/239.77.1.92:5146, IPv_Type: ipv6, Location: 中国, ISP: 中国电信, Date: None, Delay: -1 ms, Speed: 0.00 M/s, Resolution: None
Name: 安徽卫视, URL: http://gf.you123.fun:35455/itv/1000000005000265025.m3u8?cdn=ystenlive, IPv_Type: ipv6, Location: 中国, ISP: 中国电信, Date: None, Delay: -1 ms, Speed: 0.00 M/s, Resolution: None
Name: 安徽卫视, URL: https://hls-gateway.vpstv.net/streams/708868.m3u8, IPv_Type: ipv6, Location: 美国, ISP: CloudFlare Inc., Date: None, Delay: -1 ms, Speed: 0.00 M/s, Resolution: None
Name: 安徽卫视, URL: https://migu.188766.xyz/?migutoken=2c75c835b7debc43a3563d15e623dca4&id=ahws&type=dy, IPv_Type: ipv6, Location: 美国, ISP: CloudFlare Inc., Date: None, Delay: -1 ms, Speed: 0.00 M/s, Resolution: None
Name: 安徽卫视, URL: https://migu.188766.xyz/?migutoken=2d130985b739536f4950900eddecb4ae&id=ahws&type=sz, IPv_Type: ipv6, Location: 美国, ISP: CloudFlare Inc., Date: None, Delay: -1 ms, Speed: 0.00 M/s, Resolution: None
Name: 安徽卫视, URL: https://migu.188766.xyz/?migutoken=a7913c7323c9782d538859f82596273e&id=ahws&type=sz, IPv_Type: ipv6, Location: 美国, ISP: CloudFlare Inc., Date: None, Delay: -1 ms, Speed: 0.00 M/s, Resolution: None
Name: 安徽卫视, URL: https://migu.188766.xyz/?migutoken=0d94d08a202a399034967297a58747ca&id=ahws&type=sz, IPv_Type: ipv6, Location: 美国, ISP: CloudFlare Inc., Date: None, Delay: -1 ms, Speed: 0.00 M/s, Resolution: None
Name: 安徽卫视, URL: https://migu.188766.xyz/?migutoken=636c1e223c178420ec2e32ea3f0aaf5c&id=ahws&type=sz, IPv_Type: ipv6, Location: 美国, ISP: CloudFlare Inc., Date: None, Delay: -1 ms, Speed: 0.00 M/s, Resolution: None
Name: 安徽卫视, URL: http://203.205.191.53/live.ahsx.ahtv.cn/live/ahwssx.m3u8, IPv_Type: ipv4, Location: 美国-加利福尼亚州-圣克拉拉, ISP: 腾讯云, Date: None, Delay: 375 ms, Speed: 1.76 M/s, Resolution: 1920x1080
Name: 重庆卫视, URL: http://php.jdshipin.com/TVOD/hnyd.php?id=200000001898/460000089800010053, IPv_Type: ipv6, Location: 美国, ISP: CloudFlare Inc., Date: None, Delay: -1 ms, Speed: 0.00 M/s, Resolution: None
Name: 重庆卫视, URL: http://z.b.bkpcp.top/m.php?id=cqws, IPv_Type: ipv6, Location: 美国, ISP: CloudFlare Inc., Date: None, Delay: -1 ms, Speed: 0.00 M/s, Resolution: None
Name: 重庆卫视, URL: http://j.x.bkpcp.top/jx/CHONGQHD, IPv_Type: ipv6, Location: 美国, ISP: CloudFlare Inc., Date: None, Delay: -1 ms, Speed: 0.00 M/s, Resolution: None
Name: 重庆卫视, URL: http://[2409:8087:74f0:22::7]:6410/270000001128/9900000517/index.m3u8, IPv_Type: ipv6, Location: 中国, ISP: 中国移动, Date: None, Delay: -1 ms, Speed: 0.00 M/s, Resolution: None
Name: 重庆卫视, URL: http://[2409:8087:5e00:24::1e]:6060/200000001898/460000089800010053/1.m3u8, IPv_Type: ipv6, Location: 中国, ISP: 中国移动, Date: None, Delay: -1 ms, Speed: 0.00 M/s, Resolution: None
Name: 重庆卫视, URL: http://[2409:8087:3869:8021:1001::e5]:6610/PLTV/88888888/224/3221225734/2/index.m3u8, IPv_Type: ipv6, Location: 中国, ISP: 中国移动, Date: None, Delay: -1 ms, Speed: 0.00 M/s, Resolution: None
Name: 重庆卫视, URL: http://iptv.huuc.edu.cn/hls/cqhd.m3u8, IPv_Type: ipv6, Location: 中国, ISP: 教育网, Date: None, Delay: -1 ms, Speed: 0.00 M/s, Resolution: None
Name: 重庆卫视, URL: http://yc.myds.me:35455/itv/1000000001000001096.m3u8?cdn=ystenlive, IPv_Type: ipv6, Location: 中国, ISP: 中国电信, Date: None, Delay: -1 ms, Speed: 0.00 M/s, Resolution: None
Name: 重庆卫视, URL: http://nas.suntao.online:35455/itv/1000000001000001096.m3u8?cdn=ystenlive, IPv_Type: ipv6, Location: 中国, ISP: 中国联通, Date: None, Delay: -1 ms, Speed: 0.00 M/s, Resolution: None
Name: 重庆卫视, URL: http://[2409:8087:74f0:22::7]:6410/270000001128/9900000517/index.m3u8?channel-id=newtv&livemode=4&Contentid=9900000517, IPv_Type: ipv6, Location: 中国, ISP: 中国移动, Date: None, Delay: -1 ms, Speed: 0.00 M/s, Resolution: None
Name: 重庆卫视, URL: http://rrs01.hw.gmcc.net:8088/PLTV/81/224/3221226680/1.m3u8, IPv_Type: ipv6, Location: 中国, ISP: 中国移动, Date: None, Delay: -1 ms, Speed: 0.00 M/s, Resolution: None
Name: 重庆卫视, URL: http://dsj.motem.top:8880/bptv/10000100000000050000000004796458.m3u8, IPv_Type: ipv6, Location: 美国, ISP: CloudFlare Inc., Date: None, Delay: -1 ms, Speed: 0.00 M/s, Resolution: None
Name: 重庆卫视, URL: http://[2409:8087:3869:8021:1001::e5]:6610/PLTV/88888888/224/3221225612/2/index.m3u8, IPv_Type: ipv6, Location: 中国, ISP: 中国移动, Date: None, Delay: -1 ms, Speed: 0.00 M/s, Resolution: None
Name: 重庆卫视, URL: http://lu.wqwqwq.sbs/itv/1000000005000265017.m3u8?cdn=ystenlive, IPv_Type: ipv6, Location: 美国, ISP: CloudFlare Inc., Date: None, Delay: -1 ms, Speed: 0.00 M/s, Resolution: None
Name: 重庆卫视, URL: http://wouu.net:9977/udp/239.93.1.107:5140, IPv_Type: ipv6, Location: 保留地址, ISP: 主机之间的链路本地地址, Date: None, Delay: -1 ms, Speed: 0.00 M/s, Resolution: None
Name: 重庆卫视, URL: http://tvbox6.com/tv/bfgd.php?id=107, IPv_Type: ipv6, Location: 美国, ISP: CloudFlare Inc., Date: None, Delay: -1 ms, Speed: 0.00 M/s, Resolution: None
Name: 重庆卫视, URL: http://webmail.axxe.top:4022/rtp/239.3.1.122:8160, IPv_Type: ipv6, Location: 中国, ISP: 中国电信, Date: None, Delay: -1 ms, Speed: 0.00 M/s, Resolution: None
Name: 重庆卫视, URL: http://alvin.ergotron.net:8000/udp/239.77.1.162:5146, IPv_Type: ipv6, Location: 中国, ISP: 中国电信, Date: None, Delay: -1 ms, Speed: 0.00 M/s, Resolution: None
Name: 重庆卫视, URL: http://gf.you123.fun:35455/itv/1000000005000265017.m3u8?cdn=ystenlive, IPv_Type: ipv6, Location: 中国, ISP: 中国电信, Date: None, Delay: -1 ms, Speed: 0.00 M/s, Resolution: None
Name: 重庆卫视, URL: https://hls-gateway.vpstv.net/streams/476918.m3u8, IPv_Type: ipv6, Location: 美国, ISP: CloudFlare Inc., Date: None, Delay: -1 ms, Speed: 0.00 M/s, Resolution: None
Name: 重庆卫视, URL: https://migu.188766.xyz/?migutoken=87fd0af0d1d8dc5032dddb50f31e882d&id=cqws&type=sz, IPv_Type: ipv6, Location: 美国, ISP: CloudFlare Inc., Date: None, Delay: -1 ms, Speed: 0.00 M/s, Resolution: None
Name: 重庆卫视, URL: http://player.cntv.cn/standard/live_HLSDRM20180919.swf?v=180.171.5.8.9.6.3.9&ChannelID=chongqing&videoTVChannel=chongqing&P2PChannelID=pd://cctv_p2p_hdchongqing&tai=chongqing&VideoName=chongqing&channelID=chongqing, IPv_Type: ipv4, Location: 美国-加利福尼亚州-圣克拉拉, ISP: 网宿CDN节点, Date: None, Delay: 5 ms, Speed: 40.07 M/s, Resolution: 19x24
Name: 东方卫视, URL: http://php.jdshipin.com/TVOD/hnyd.php?id=200000001898/460000089800010054, IPv_Type: ipv6, Location: 美国, ISP: CloudFlare Inc., Date: None, Delay: -1 ms, Speed: 0.00 M/s, Resolution: None
Name: 东方卫视, URL: http://z.b.bkpcp.top/m.php?id=dfws#rtsp://115.85.232.19/PLTV/88888910/224/3221225531/10000100000000060000000000107311_0.smil, IPv_Type: ipv6, Location: 美国, ISP: CloudFlare Inc., Date: None, Delay: -1 ms, Speed: 0.00 M/s, Resolution: None
Name: 东方卫视, URL: http://goo.bkpcp.top/mg/dfws, IPv_Type: ipv6, Location: 美国, ISP: CloudFlare Inc., Date: None, Delay: -1 ms, Speed: 0.00 M/s, Resolution: None
Name: 东方卫视, URL: http://[2409:8087:74f0:22::5]:6410/270000001128/9900000518/index.m3u8, IPv_Type: ipv6, Location: 中国, ISP: 中国移动, Date: None, Delay: -1 ms, Speed: 0.00 M/s, Resolution: None
Name: 东方卫视, URL: http://[2409:8087:5e00:24::1e]:6060/200000001898/460000089800010054/1.m3u8, IPv_Type: ipv6, Location: 中国, ISP: 中国移动, Date: None, Delay: -1 ms, Speed: 0.00 M/s, Resolution: None
Name: 东方卫视, URL: http://[2409:8087:3869:8021:1001::e5]:6610/PLTV/88888910/224/3221225659/index.m3u8, IPv_Type: ipv6, Location: 中国, ISP: 中国移动, Date: None, Delay: -1 ms, Speed: 0.00 M/s, Resolution: None
Name: 东方卫视, URL: http://[2409:8087:3869:8021:1001::e5]:6610/PLTV/88888888/224/3221225489/2/index.m3u8, IPv_Type: ipv6, Location: 中国, ISP: 中国移动, Date: None, Delay: -1 ms, Speed: 0.00 M/s, Resolution: None
Name: 东方卫视, URL: http://iptv.huuc.edu.cn/hls/dfhd.m3u8, IPv_Type: ipv6, Location: 中国, ISP: 教育网, Date: None, Delay: -1 ms, Speed: 0.00 M/s, Resolution: None
Name: 东方卫视, URL: http://yc.myds.me:35455/itv/1000000005000265018.m3u8?cdn=ystenlive, IPv_Type: ipv6, Location: 中国, ISP: 中国电信, Date: None, Delay: -1 ms, Speed: 0.00 M/s, Resolution: None
Name: 东方卫视, URL: https://bp-cdn-ali.bestv.cn/enhance/bestvdfws_enhance.m3u8?auth_key=1744434005-ee4bf6a04c124f2c8131ad13d154a608-0-f201ca0d4fbc4c73ab711bb9382bef54, IPv_Type: ipv6, Location: 中国, ISP: 中国电信, Date: None, Delay: -1 ms, Speed: 0.00 M/s, Resolution: None
Name: 东方卫视, URL: http://[2409:8087:3869:8021:1001::e5]:6610/PLTV/88888888/224/3221225658/2/index.m3u8, IPv_Type: ipv6, Location: 中国, ISP: 中国移动, Date: None, Delay: -1 ms, Speed: 0.00 M/s, Resolution: None
Name: 东方卫视, URL: http://dsj.motem.top:8880/bptv/10000100000000050000000003873462.m3u8, IPv_Type: ipv6, Location: 美国, ISP: CloudFlare Inc., Date: None, Delay: -1 ms, Speed: 0.00 M/s, Resolution: None
Name: 东方卫视, URL: http://lu.wqwqwq.sbs/itv/1000000005000265018.m3u8?cdn=ystenlive, IPv_Type: ipv6, Location: 美国, ISP: CloudFlare Inc., Date: None, Delay: -1 ms, Speed: 0.00 M/s, Resolution: None
Name: 东方卫视, URL: http://wouu.net:9977/udp/239.93.0.123:5140, IPv_Type: ipv6, Location: 保留地址, ISP: 主机之间的链路本地地址, Date: None, Delay: -1 ms, Speed: 0.00 M/s, Resolution: None
Name: 东方卫视, URL: http://tvbox6.com/tv/bfgd.php?id=093, IPv_Type: ipv6, Location: 美国, ISP: CloudFlare Inc., Date: None, Delay: -1 ms, Speed: 0.00 M/s, Resolution: None
Name: 东方卫视, URL: http://alvin.ergotron.net:8000/udp/239.77.1.218:5146, IPv_Type: ipv6, Location: 中国, ISP: 中国电信, Date: None, Delay: -1 ms, Speed: 0.00 M/s, Resolution: None
Name: 东方卫视, URL: http://gf.you123.fun:35455/itv/1000000005000265018.m3u8?cdn=ystenlive, IPv_Type: ipv6, Location: 中国, ISP: 中国电信, Date: None, Delay: -1 ms, Speed: 0.00 M/s, Resolution: None
Name: 东方卫视, URL: https://migu.188766.xyz/?migutoken=8837ea57791504f9324b9133d5e4da55&id=%E4%B8%9C%E6%96%B9%E5%8D%AB%E8%A7%86&pp=1, IPv_Type: ipv6, Location: 美国, ISP: CloudFlare Inc., Date: None, Delay: -1 ms, Speed: 0.00 M/s, Resolution: None
Name: 东方卫视, URL: https://hls-gateway.vpstv.net/streams/709068.m3u8, IPv_Type: ipv6, Location: 美国, ISP: CloudFlare Inc., Date: None, Delay: -1 ms, Speed: 0.00 M/s, Resolution: None
Name: 东方卫视, URL: https://migu.188766.xyz/?migutoken=2ff030655ef9225f3c4f8515872cf77a&id=%E4%B8%9C%E6%96%B9%E5%8D%AB%E8%A7%86&pp=1, IPv_Type: ipv6, Location: 美国, ISP: CloudFlare Inc., Date: None, Delay: -1 ms, Speed: 0.00 M/s, Resolution: None
Name: 东方卫视, URL: https://migu.188766.xyz/?migutoken=fbe012d26536e0d8ba0f6e3effdb0bc6&id=%E4%B8%9C%E6%96%B9%E5%8D%AB%E8%A7%86&pp=1, IPv_Type: ipv6, Location: 美国, ISP: CloudFlare Inc., Date: None, Delay: -1 ms, Speed: 0.00 M/s, Resolution: None
Name: 东方卫视, URL: https://migu.188766.xyz/?migutoken=629f1f309c2d441d0942879691747119&id=%E4%B8%9C%E6%96%B9%E5%8D%AB%E8%A7%86&pp=1, IPv_Type: ipv6, Location: 美国, ISP: CloudFlare Inc., Date: None, Delay: -1 ms, Speed: 0.00 M/s, Resolution: None
Name: 东方卫视, URL: https://migu.188766.xyz/?migutoken=af916e1c9d340e683357f4a15e009fbd&id=%E4%B8%9C%E6%96%B9%E5%8D%AB%E8%A7%86&type=yy, IPv_Type: ipv6, Location: 美国, ISP: CloudFlare Inc., Date: None, Delay: -1 ms, Speed: 0.00 M/s, Resolution: None
Name: 东方卫视, URL: https://migu.188766.xyz/?migutoken=e9996bc88db9a79ed81958132684a37f&id=%E4%B8%9C%E6%96%B9%E5%8D%AB%E8%A7%86&type=yy, IPv_Type: ipv6, Location: 美国, ISP: CloudFlare Inc., Date: None, Delay: -1 ms, Speed: 0.00 M/s, Resolution: None
Name: 东方卫视, URL: https://migu.188766.xyz/?migutoken=6e3a1da55038ea778502b657ffa87247&id=%E4%B8%9C%E6%96%B9%E5%8D%AB%E8%A7%86&type=yy, IPv_Type: ipv6, Location: 美国, ISP: CloudFlare Inc., Date: None, Delay: -1 ms, Speed: 0.00 M/s, Resolution: None
Name: 东方卫视, URL: http://gslbmgsplive.miguvideo.com/wd_r4/dfl/dongfangwshd/1200/index.m3u8?msisdn=202509190400388dd4f65e238243469d5d49c01fa3a175&mdspid=&spid=600697&netType=0&sid=5910022185&pid=2028597139&timestamp=20250919040038&Channel_ID=0116_2600000900-99000-201600010010027&ProgramID=651632648&ParentNodeID=-99&assertID=5910022185&client_ip=106.13.250.89&SecurityKey=20250919040038&promotionId=&mvid=5100043384&mcid=500020&playurlVersion=WX-A1-8.9.1-RELEASE&userid=&jmhm=&videocodec=h264&bean=mgspad&tid=android&conFee=0&puData=142ea4af8cf5171ec8a58e7d629163a3&ddCalcu=31a4e3216e11a0942a6fd87cef8551a781ce, IPv_Type: ipv6, Location: 中国, ISP: 中国移动, Date: None, Delay: -1 ms, Speed: 0.00 M/s, Resolution: None
Name: 东方卫视, URL: http://gslbmgsplive.miguvideo.com/wd_r4/dfl/dongfangwshd/1200/index.m3u8?msisdn=2025091916003717f6513509164a5da19bbe14174e2c0e&mdspid=&spid=600697&netType=0&sid=5910022185&pid=2028597139&timestamp=20250919160037&Channel_ID=0116_2600000900-99000-201600010010027&ProgramID=651632648&ParentNodeID=-99&assertID=5910022185&client_ip=106.13.250.89&SecurityKey=20250919160037&promotionId=&mvid=5100043384&mcid=500020&playurlVersion=WX-A1-8.9.1-RELEASE&userid=&jmhm=&videocodec=h264&bean=mgspad&tid=android&conFee=0&puData=dabd0e1d95829dc1347a7c5d294256f0&ddCalcu=0dfae6b15d12004e912dd955c872a97d4c31, IPv_Type: ipv6, Location: 中国, ISP: 中国移动, Date: None, Delay: -1 ms, Speed: 0.00 M/s, Resolution: None
Name: 东方卫视, URL: http://gslbmgsplive.miguvideo.com/wd_r4/dfl/dongfangwshd/1200/index.m3u8?msisdn=20250920040041fc47190afee04ba1a0e50b46ec2d5a4d&mdspid=&spid=600697&netType=0&sid=5910022185&pid=2028597139&timestamp=20250920040041&Channel_ID=0116_2600000900-99000-201600010010027&ProgramID=651632648&ParentNodeID=-99&assertID=5910022185&client_ip=106.13.250.83&SecurityKey=20250920040041&promotionId=&mvid=5100043384&mcid=500020&playurlVersion=WX-A1-8.9.1-RELEASE&userid=&jmhm=&videocodec=h264&bean=mgspad&tid=android&conFee=0&puData=13a4c95911addb7403f1bc58372f1289&ddCalcu=9183e2a1141fc02975398151cabd1dfb3704, IPv_Type: ipv6, Location: 中国, ISP: 中国移动, Date: None, Delay: -1 ms, Speed: 0.00 M/s, Resolution: None
Name: 东方卫视, URL: http://gslbmgsplive.miguvideo.com/wd_r4/dfl/dongfangwshd/1200/index.m3u8?msisdn=20250920160036d6f2d4bf5ff34143979436f7130f5ab1&mdspid=&spid=600697&netType=0&sid=5910022185&pid=2028597139&timestamp=20250920160036&Channel_ID=0116_2600000900-99000-201600010010027&ProgramID=651632648&ParentNodeID=-99&assertID=5910022185&client_ip=106.13.250.90&SecurityKey=20250920160036&promotionId=&mvid=5100043384&mcid=500020&playurlVersion=WX-A1-8.9.1-RELEASE&userid=&jmhm=&videocodec=h264&bean=mgspad&tid=android&conFee=0&puData=2f4ba040c5eaf9cecffb92c6c85433dd&ddCalcu=d2dfe3423b14a05084c06cc52e9abff9fcce, IPv_Type: ipv6, Location: 中国, ISP: 中国移动, Date: None, Delay: -1 ms, Speed: 0.00 M/s, Resolution: None
Name: 东方卫视, URL: http://gslbmgsplive.miguvideo.com/wd_r4/dfl/dongfangwshd/1200/index.m3u8?msisdn=202509211800364f37896db29e467f8892d99aa5c7bfd9&mdspid=&spid=600697&netType=0&sid=5910022185&pid=2028597139&timestamp=20250921180036&Channel_ID=0116_2600000900-99000-201600010010027&ProgramID=651632648&ParentNodeID=-99&assertID=5910022185&client_ip=106.13.250.89&SecurityKey=20250921180036&promotionId=&mvid=5100043384&mcid=500020&playurlVersion=WX-A1-8.9.1-RELEASE&userid=&jmhm=&videocodec=h264&bean=mgspad&tid=android&conFee=0&puData=254acda63a45b45a303b3570cc80c841&ddCalcu=1245e842ca10c08dcac6037a5435bb34053a, IPv_Type: ipv6, Location: 中国, ISP: 中国移动, Date: None, Delay: -1 ms, Speed: 0.00 M/s, Resolution: None
Name: 东方卫视, URL: http://gslbmgsplive.miguvideo.com/wd_r4/dfl/dongfangwshd/1200/index.m3u8?msisdn=20250922180040fdd5a8fef62347eebcdfe39e89394a58&mdspid=&spid=600697&netType=0&sid=5910022185&pid=2028597139&timestamp=20250922180040&Channel_ID=0116_2600000900-99000-201600010010027&ProgramID=651632648&ParentNodeID=-99&assertID=5910022185&client_ip=106.13.250.90&SecurityKey=20250922180040&promotionId=&mvid=5100043384&mcid=500020&playurlVersion=WX-A1-8.9.1-RELEASE&userid=&jmhm=&videocodec=h264&bean=mgspad&tid=android&conFee=0&puData=56881605c779bc703e1458d52f708603&ddCalcu=3506e68288101076f0255cd787594b1ce730, IPv_Type: ipv6, Location: 中国, ISP: 中国移动, Date: None, Delay: -1 ms, Speed: 0.00 M/s, Resolution: None
Name: 东方卫视, URL: http://cdn.jdshipin.com/kkxw.php?id=1, IPv_Type: ipv6, Location: 美国, ISP: CloudFlare Inc., Date: None, Delay: -1 ms, Speed: 0.00 M/s, Resolution: None
Name: 东方卫视, URL: http://gslbmgsplive.miguvideo.com/wd_r4/dfl/dongfangwshd/1200/index.m3u8?msisdn=20250923180036ae172ba8c47a4337a38be5def3f532aa&mdspid=&spid=600697&netType=0&sid=5910022185&pid=2028597139&timestamp=20250923180036&Channel_ID=0116_2600000900-99000-201600010010027&ProgramID=651632648&ParentNodeID=-99&assertID=5910022185&client_ip=106.13.250.88&SecurityKey=20250923180036&promotionId=&mvid=5100043384&mcid=500020&playurlVersion=WX-A1-8.9.1-RELEASE&userid=&jmhm=&videocodec=h264&bean=mgspad&tid=android&conFee=0&puData=a88e36e946778f2b4095ff298eec9850&ddCalcu=0a58e8829e1c30e6ee899426f7f7589f024b, IPv_Type: ipv6, Location: 中国, ISP: 中国移动, Date: None, Delay: -1 ms, Speed: 0.00 M/s, Resolution: None
Name: 东方卫视, URL: https://txmov2.a.kwimgs.com/bs3/video-hls/5219953535631090825_hlsb.m3u8, IPv_Type: ipv4, Location: 美国-加利福尼亚州-圣克拉拉, ISP: 腾讯云, Date: None, Delay: 462 ms, Speed: 9.24 M/s, Resolution: 1280x720
Name: 东方卫视, URL: http://iptv.zkbhj.com/tv/url/go?id=5807dd9aa7a50a68f5e3768116930afcc30c88250b45e02c3ee3918e37e0dd8ac82774ab2cba0c3ab0060596ffb0adc68b159ebdfc0a79d0e46bdfab58d3819e, IPv_Type: ipv4, Location: 中国-北京-北京, ISP: 阿里云BGP数据中心, Date: None, Delay: 10780 ms, Speed: 0.56 M/s, Resolution: 1920x1080
Name: 东南卫视, URL: http://php.jdshipin.com/TVOD/hnyd.php?id=200000001898/460000089800010096, IPv_Type: ipv6, Location: 美国, ISP: CloudFlare Inc., Date: None, Delay: -1 ms, Speed: 0.00 M/s, Resolution: None
Name: 东南卫视, URL: http://z.b.bkpcp.top/m.php?id=dnws, IPv_Type: ipv6, Location: 美国, ISP: CloudFlare Inc., Date: None, Delay: -1 ms, Speed: 0.00 M/s, Resolution: None
Name: 东南卫视, URL: http://j.x.bkpcp.top/jx/DONGNHD, IPv_Type: ipv6, Location: 美国, ISP: CloudFlare Inc., Date: None, Delay: -1 ms, Speed: 0.00 M/s, Resolution: None
Name: 东南卫视, URL: http://[2409:8087:74f0:22::4]:6610/270000001128/9900000519/index.m3u8, IPv_Type: ipv6, Location: 中国, ISP: 中国移动, Date: None, Delay: -1 ms, Speed: 0.00 M/s, Resolution: None
Name: 东南卫视, URL: http://[2409:8087:5e00:24::1e]:6060/200000001898/460000089800010096/1.m3u8, IPv_Type: ipv6, Location: 中国, ISP: 中国移动, Date: None, Delay: -1 ms, Speed: 0.00 M/s, Resolution: None
Name: 东南卫视, URL: http://[2409:8087:3869:8021:1001::e5]:6610/PLTV/88888888/224/3221225657/2/index.m3u8, IPv_Type: ipv6, Location: 中国, ISP: 中国移动, Date: None, Delay: -1 ms, Speed: 0.00 M/s, Resolution: None
Name: 东南卫视, URL: http://[2409:8087:3869:8021:1001::e5]:6610/PLTV/88888888/224/3221225585/2/index.m3u8, IPv_Type: ipv6, Location: 中国, ISP: 中国移动, Date: None, Delay: -1 ms, Speed: 0.00 M/s, Resolution: None
Name: 东南卫视, URL: http://iptv.huuc.edu.cn/hls/dnhd.m3u8, IPv_Type: ipv6, Location: 中国, ISP: 教育网, Date: None, Delay: -1 ms, Speed: 0.00 M/s, Resolution: None
Name: 东南卫视, URL: http://yc.myds.me:35455/itv/1000000005000265033.m3u8?cdn=ystenlive, IPv_Type: ipv6, Location: 中国, ISP: 中国电信, Date: None, Delay: -1 ms, Speed: 0.00 M/s, Resolution: None
Name: 东南卫视, URL: http://nas.suntao.online:35455/itv/5000000004000010584.m3u8?cdn=bestzb, IPv_Type: ipv6, Location: 中国, ISP: 中国联通, Date: None, Delay: -1 ms, Speed: 0.00 M/s, Resolution: None
Name: 东南卫视, URL: http://live.zohi.tv/video/s10001-fztv-3/index.m3u8, IPv_Type: ipv6, Location: 中国, ISP: 中国电信, Date: None, Delay: -1 ms, Speed: 0.00 M/s, Resolution: None
Name: 东南卫视, URL: http://[2409:8087:1a01:df::4035]:80/TVOD/88888888/224/3221225950/main.m3u8, IPv_Type: ipv6, Location: 中国, ISP: 中国移动, Date: None, Delay: -1 ms, Speed: 0.00 M/s, Resolution: None
Name: 东南卫视, URL: http://rrs01.hw.gmcc.net:8088/PLTV/81/224/3221226670/1.m3u8, IPv_Type: ipv6, Location: 中国, ISP: 中国移动, Date: None, Delay: -1 ms, Speed: 0.00 M/s, Resolution: None
Name: 东南卫视, URL: http://dsj.motem.top:8880/bptv/10000100000000050000000003873473.m3u8, IPv_Type: ipv6, Location: 美国, ISP: CloudFlare Inc., Date: None, Delay: -1 ms, Speed: 0.00 M/s, Resolution: None
Name: 东南卫视, URL: http://wouu.net:9977/udp/239.93.0.42:5140, IPv_Type: ipv6, Location: 保留地址, ISP: 主机之间的链路本地地址, Date: None, Delay: -1 ms, Speed: 0.00 M/s, Resolution: None
Name: 东南卫视, URL: http://lu.wqwqwq.sbs/itv/1000000005000265033.m3u8?cdn=ystenlive, IPv_Type: ipv6, Location: 美国, ISP: CloudFlare Inc., Date: None, Delay: -1 ms, Speed: 0.00 M/s, Resolution: None
Name: 东南卫视, URL: http://tvbox6.com/tv/bfgd.php?id=483, IPv_Type: ipv6, Location: 美国, ISP: CloudFlare Inc., Date: None, Delay: -1 ms, Speed: 0.00 M/s, Resolution: None
Name: 东南卫视, URL: http://alvin.ergotron.net:8000/udp/239.77.1.104:5146, IPv_Type: ipv6, Location: 中国, ISP: 中国电信, Date: None, Delay: -1 ms, Speed: 0.00 M/s, Resolution: None
Name: 东南卫视, URL: http://webmail.axxe.top:4022/rtp/239.3.1.156:8148, IPv_Type: ipv6, Location: 中国, ISP: 中国电信, Date: None, Delay: -1 ms, Speed: 0.00 M/s, Resolution: None
Name: 东南卫视, URL: https://mursor.ottiptv.cc/migu/849116810.m3u8?migutoken=014b95a53095818f8ad2a30cc3d3f67aa4b109c10b94458b5cad53ac8361f27208aa7a7a66bebce7220d50e66d3f80b5e74206d6ac47309504139232b4b79c22918f04eba66a5404c48ca4767d, IPv_Type: ipv6, Location: 美国, ISP: Oracle Corporation, Date: None, Delay: -1 ms, Speed: 0.00 M/s, Resolution: None
Name: 东南卫视, URL: https://mursor.ottiptv.cc/migu/849116810.m3u8?migutoken=929828e6dada3fb91580ca859478bb2235838e1a9ca053a1bcca7a7cebd1bc47dddcf3d8a8eba06b3ea0d92dd2c13c6b2a2a98f7e92cac8631f1881b74c6022dbce0be85da4a53456296af27d3, IPv_Type: ipv6, Location: 美国, ISP: Oracle Corporation, Date: None, Delay: -1 ms, Speed: 0.00 M/s, Resolution: None
Name: 东南卫视, URL: http://gf.you123.fun:35455/itv/1000000005000265033.m3u8?cdn=ystenlive, IPv_Type: ipv6, Location: 中国, ISP: 中国电信, Date: None, Delay: -1 ms, Speed: 0.00 M/s, Resolution: None
Name: 东南卫视, URL: https://hls-gateway.vpstv.net/streams/708823.m3u8, IPv_Type: ipv6, Location: 美国, ISP: CloudFlare Inc., Date: None, Delay: -1 ms, Speed: 0.00 M/s, Resolution: None
Name: 东南卫视, URL: https://smart.pendy.dpdns.org/Smart.php, IPv_Type: ipv6, Location: 美国, ISP: CloudFlare Inc., Date: None, Delay: -1 ms, Speed: 0.00 M/s, Resolution: None
Name: 东南卫视, URL: http://live.zohi.tv/video/s10001-fztv-3/index.m3u8#http://112.27.235.94:8000/hls/38/index.m3u8#http://iptv.huuc.edu.cn/hls/dnhd.m3u8, IPv_Type: ipv6, Location: 中国, ISP: 中国电信, Date: None, Delay: -1 ms, Speed: 0.00 M/s, Resolution: None
Name: 东南卫视, URL: http://player.cntv.cn/standard/live_HLSDRM20180606.swf?ChannelID=dongnan&P2PChannelID=pd://cctv_p2p_dongnan, IPv_Type: ipv4, Location: 美国-加利福尼亚州-圣克拉拉, ISP: 网宿CDN节点, Date: None, Delay: 22 ms, Speed: 5.85 M/s, Resolution: 19x24
Name: 甘肃卫视, URL: http://live.zohi.tv/video/s10001-fztv-3/index.m3u8, IPv_Type: ipv6, Location: 中国, ISP: 中国电信, Date: None, Delay: -1 ms, Speed: 0.00 M/s, Resolution: None
Name: 甘肃卫视, URL: http://php.jdshipin.com/TVOD/hnyd.php?id=200000001898/460000089800010098, IPv_Type: ipv6, Location: 美国, ISP: CloudFlare Inc., Date: None, Delay: -1 ms, Speed: 0.00 M/s, Resolution: None
Name: 甘肃卫视, URL: http://z.b.bkpcp.top/m.php?id=gsws, IPv_Type: ipv6, Location: 美国, ISP: CloudFlare Inc., Date: None, Delay: -1 ms, Speed: 0.00 M/s, Resolution: None
Name: 甘肃卫视, URL: http://j.x.bkpcp.top/jx/GSWS, IPv_Type: ipv6, Location: 美国, ISP: CloudFlare Inc., Date: None, Delay: -1 ms, Speed: 0.00 M/s, Resolution: None
Name: 甘肃卫视, URL: http://goo.bkpcp.top/mg/gsws, IPv_Type: ipv6, Location: 美国, ISP: CloudFlare Inc., Date: None, Delay: -1 ms, Speed: 0.00 M/s, Resolution: None
Name: 甘肃卫视, URL: http://[2409:8087:74f0:22::5]:6410/270000001128/9900000023/index.m3u8, IPv_Type: ipv6, Location: 中国, ISP: 中国移动, Date: None, Delay: -1 ms, Speed: 0.00 M/s, Resolution: None
Name: 甘肃卫视, URL: http://[2409:8087:74f0:22::7]:6410/270000001111/1110000322/index.m3u8, IPv_Type: ipv6, Location: 中国, ISP: 中国移动, Date: None, Delay: -1 ms, Speed: 0.00 M/s, Resolution: None
Name: 甘肃卫视, URL: http://[2409:8087:5e00:24::1e]:6060/200000001898/460000089800010098/1.m3u8, IPv_Type: ipv6, Location: 中国, ISP: 中国移动, Date: None, Delay: -1 ms, Speed: 0.00 M/s, Resolution: None
Name: 甘肃卫视, URL: http://[2409:8087:3869:8021:1001::e5]:6610/PLTV/88888888/224/3221225724/2/index.m3u8, IPv_Type: ipv6, Location: 中国, ISP: 中国移动, Date: None, Delay: -1 ms, Speed: 0.00 M/s, Resolution: None
Name: 甘肃卫视, URL: https://hls.gstv.com.cn/49048r/6e1sy2.m3u8, IPv_Type: ipv6, Location: 中国, ISP: 中国电信, Date: None, Delay: -1 ms, Speed: 0.00 M/s, Resolution: None
Name: 甘肃卫视, URL: http://yc.myds.me:35455/itv/5000000011000031121.m3u8?cdn=bestzb, IPv_Type: ipv6, Location: 中国, ISP: 中国电信, Date: None, Delay: -1 ms, Speed: 0.00 M/s, Resolution: None
Name: 甘肃卫视, URL: http://nas.suntao.online:35455/itv/5000000011000031121.m3u8?cdn=bestzb, IPv_Type: ipv6, Location: 中国, ISP: 中国联通, Date: None, Delay: -1 ms, Speed: 0.00 M/s, Resolution: None
Name: 甘肃卫视, URL: http://[2409:8087:74f0:22::7]:6410/270000001111/1110000322/index.m3u8?channel-id=newtv&livemode=4&Contentid=1110000322, IPv_Type: ipv6, Location: 中国, ISP: 中国移动, Date: None, Delay: -1 ms, Speed: 0.00 M/s, Resolution: None
Name: 甘肃卫视, URL: http://rrs01.hw.gmcc.net:8088/PLTV/81/224/3221226662/1.m3u8, IPv_Type: ipv6, Location: 中国, ISP: 中国移动, Date: None, Delay: -1 ms, Speed: 0.00 M/s, Resolution: None
Name: 甘肃卫视, URL: http://dsj.motem.top:8880/bptv/10000100000000050000000003887450.m3u8, IPv_Type: ipv6, Location: 美国, ISP: CloudFlare Inc., Date: None, Delay: -1 ms, Speed: 0.00 M/s, Resolution: None
Name: 甘肃卫视, URL: http://[2409:8087:1e03:21::2]:6060/cms001/ch00000090990000001298/index.m3u8, IPv_Type: ipv6, Location: 中国, ISP: 中国移动, Date: None, Delay: -1 ms, Speed: 0.00 M/s, Resolution: None
Name: 甘肃卫视, URL: http://[2409:8c02:21c:60::2b]/live.rxip.sc96655.com/live/gsws_4000.m3u8, IPv_Type: ipv6, Location: 中国, ISP: 中国移动, Date: None, Delay: -1 ms, Speed: 0.00 M/s, Resolution: None
Name: 甘肃卫视, URL: http://wouu.net:9977/udp/239.93.0.81:5140, IPv_Type: ipv6, Location: 保留地址, ISP: 主机之间的链路本地地址, Date: None, Delay: -1 ms, Speed: 0.00 M/s, Resolution: None
Name: 甘肃卫视, URL: http://tvbox6.com/tv/bfgd.php?id=119, IPv_Type: ipv6, Location: 美国, ISP: CloudFlare Inc., Date: None, Delay: -1 ms, Speed: 0.00 M/s, Resolution: None
Name: 甘肃卫视, URL: http://alvin.ergotron.net:8000/udp/239.77.0.189:5146, IPv_Type: ipv6, Location: 中国, ISP: 中国电信, Date: None, Delay: -1 ms, Speed: 0.00 M/s, Resolution: None
Name: 甘肃卫视, URL: http://live.catvod.com/catvod.php?id=gsws, IPv_Type: ipv6, Location: 新加坡, ISP: Aceville Pte.Ltd., Date: None, Delay: -1 ms, Speed: 0.00 M/s, Resolution: None
Name: 甘肃卫视, URL: https://migu.188766.xyz/?migutoken=08d0cd5ab731cb9babf897a746bc089c&id=gsws&type=dy, IPv_Type: ipv6, Location: 美国, ISP: CloudFlare Inc., Date: None, Delay: -1 ms, Speed: 0.00 M/s, Resolution: None
Name: 甘肃卫视, URL: https://migu.188766.xyz/?migutoken=4e7faaba8d324c78d7eba910c873fbe3&id=gsws&type=dy, IPv_Type: ipv6, Location: 美国, ISP: CloudFlare Inc., Date: None, Delay: -1 ms, Speed: 0.00 M/s, Resolution: None
Name: 甘肃卫视, URL: https://migu.188766.xyz/?migutoken=0b32c4c2e35b0784a4d17e7fb10013ad&id=gsws&type=dy, IPv_Type: ipv6, Location: 美国, ISP: CloudFlare Inc., Date: None, Delay: -1 ms, Speed: 0.00 M/s, Resolution: None
Name: 甘肃卫视, URL: http://z.b.bkpcp.top/m.php, IPv_Type: ipv6, Location: 美国, ISP: CloudFlare Inc., Date: None, Delay: -1 ms, Speed: 0.00 M/s, Resolution: None
Name: 甘肃卫视, URL: https://migu.188766.xyz/?migutoken=3e1d524ffd3277a583f5b4b1d041f3d4&id=gsws&type=dy, IPv_Type: ipv6, Location: 美国, ISP: CloudFlare Inc., Date: None, Delay: -1 ms, Speed: 0.00 M/s, Resolution: None
Name: 甘肃卫视, URL: https://migu.188766.xyz/?migutoken=5c9c51ae05061bb2bc6103b52ee115bc&id=gsws&type=dy, IPv_Type: ipv6, Location: 美国, ISP: CloudFlare Inc., Date: None, Delay: -1 ms, Speed: 0.00 M/s, Resolution: None
Name: 甘肃卫视, URL: https://migu.188766.xyz/?migutoken=cc9fec298829cd120672de77fa4d97d8&id=gsws&type=dy, IPv_Type: ipv6, Location: 美国, ISP: CloudFlare Inc., Date: None, Delay: -1 ms, Speed: 0.00 M/s, Resolution: None
Name: 甘肃卫视, URL: https://zby.130519.xyz/PLTV/11/224/3221226090/index.m3u8, IPv_Type: ipv6, Location: 美国, ISP: CloudFlare Inc., Date: None, Delay: -1 ms, Speed: 0.00 M/s, Resolution: None
Name: 甘肃卫视, URL: https://migu.188766.xyz/?migutoken=eb6e2845584d11e9da48164c3c90663d&id=gsws&type=sz, IPv_Type: ipv6, Location: 美国, ISP: CloudFlare Inc., Date: None, Delay: -1 ms, Speed: 0.00 M/s, Resolution: None
Name: 甘肃卫视, URL: https://migu.188766.xyz/?migutoken=8f7cae08dda18de121b154a4ad15641c&id=gsws&type=sz, IPv_Type: ipv6, Location: 美国, ISP: CloudFlare Inc., Date: None, Delay: -1 ms, Speed: 0.00 M/s, Resolution: None
Name: 甘肃卫视, URL: https://migu.188766.xyz/?migutoken=0afcaff33f92fd3a3a1ce86969944248&id=gsws&type=sz, IPv_Type: ipv6, Location: 美国, ISP: CloudFlare Inc., Date: None, Delay: -1 ms, Speed: 0.00 M/s, Resolution: None
Name: 甘肃卫视, URL: https://migu.188766.xyz/?migutoken=63bb76006a5d419422d83d57622e7095&id=gsws&type=sz, IPv_Type: ipv6, Location: 美国, ISP: CloudFlare Inc., Date: None, Delay: -1 ms, Speed: 0.00 M/s, Resolution: None
Name: 甘肃卫视, URL: https://migu.188766.xyz/?migutoken=af8b494c197da6470a2e06e75188ba27&id=gsws&type=sz, IPv_Type: ipv6, Location: 美国, ISP: CloudFlare Inc., Date: None, Delay: -1 ms, Speed: 0.00 M/s, Resolution: None
Name: 甘肃卫视, URL: rtmp://livein.gstv.com.cn/49048r/y3nga4.flv, IPv_Type: ipv4, Location: 中国-甘肃-兰州, ISP: 电信, Date: None, Delay: -1 ms, Speed: inf M/s, Resolution: 0x0
Name: 广西卫视, URL: http://php.jdshipin.com/TVOD/hljyd.php?id=3221226549, IPv_Type: ipv6, Location: 美国, ISP: CloudFlare Inc., Date: None, Delay: -1 ms, Speed: 0.00 M/s, Resolution: None
Name: 广西卫视, URL: http://z.b.bkpcp.top/m.php?id=gxws, IPv_Type: ipv6, Location: 美国, ISP: CloudFlare Inc., Date: None, Delay: -1 ms, Speed: 0.00 M/s, Resolution: None
Name: 广西卫视, URL: https://mobilelive.gxtv.cn/live/gx_live1004/playlist.m3u8, IPv_Type: ipv6, Location: 加拿大, ISP: , Date: None, Delay: -1 ms, Speed: 0.00 M/s, Resolution: None
Name: 广西卫视, URL: http://goo.bkpcp.top/mg/gxws, IPv_Type: ipv6, Location: 美国, ISP: CloudFlare Inc., Date: None, Delay: -1 ms, Speed: 0.00 M/s, Resolution: None
Name: 广西卫视, URL: http://live.cztv.cc:85/live/ggpd.m3u8, IPv_Type: ipv6, Location: 中国, ISP: 中国移动, Date: None, Delay: -1 ms, Speed: 0.00 M/s, Resolution: None
Name: 广西卫视, URL: http://[2409:8087:74f0:22::7]:6410/270000001128/9900000034/index.m3u8, IPv_Type: ipv6, Location: 中国, ISP: 中国移动, Date: None, Delay: -1 ms, Speed: 0.00 M/s, Resolution: None
Name: 广西卫视, URL: http://yc.myds.me:35455/itv/5000000011000031118.m3u8?cdn=bestzb, IPv_Type: ipv6, Location: 中国, ISP: 中国电信, Date: None, Delay: -1 ms, Speed: 0.00 M/s, Resolution: None
Name: 广西卫视, URL: http://nas.suntao.online:35455/itv/5000000011000031118.m3u8?cdn=bestzb, IPv_Type: ipv6, Location: 中国, ISP: 中国联通, Date: None, Delay: -1 ms, Speed: 0.00 M/s, Resolution: None
Name: 广西卫视, URL: https://hlscdn.liangtv.cn/live/0c4ef3a44b934cacb8b47121dfada66c/d7e04258157b480dae53883cc6f8123b.m3u8, IPv_Type: ipv6, Location: 加拿大, ISP: , Date: None, Delay: -1 ms, Speed: 0.00 M/s, Resolution: None
Name: 广西卫视, URL: http://[2409:8087:1a01:df::4047]:80/TVOD/88888888/224/3221226091/main.m3u8, IPv_Type: ipv6, Location: 中国, ISP: 中国移动, Date: None, Delay: -1 ms, Speed: 0.00 M/s, Resolution: None
Name: 广西卫视, URL: http://rrs01.hw.gmcc.net:8088/PLTV/81/224/3221226681/1.m3u8, IPv_Type: ipv6, Location: 中国, ISP: 中国移动, Date: None, Delay: -1 ms, Speed: 0.00 M/s, Resolution: None
Name: 广西卫视, URL: https://hlscdn.liangtv.cn/live/de0f97348eb84f62aa6b7d8cf0430770/dd505d87880c478f901f38560ca4d4e6.m3u8, IPv_Type: ipv6, Location: 加拿大, ISP: , Date: None, Delay: -1 ms, Speed: 0.00 M/s, Resolution: None
Name: 广西卫视, URL: http://[2409:8087:5e00:24::1e]:6060/200000001898/460000089800010099/1.m3u8, IPv_Type: ipv6, Location: 中国, ISP: 中国移动, Date: None, Delay: -1 ms, Speed: 0.00 M/s, Resolution: None
Name: 广西卫视, URL: http://dsj.motem.top:8880/bptv/10000100000000050000000003887394.m3u8, IPv_Type: ipv6, Location: 美国, ISP: CloudFlare Inc., Date: None, Delay: -1 ms, Speed: 0.00 M/s, Resolution: None
Name: 广西卫视, URL: http://[2409:8087:3869:8021:1001::e5]:6610/PLTV/88888888/224/3221225731/2/index.m3u8, IPv_Type: ipv6, Location: 中国, ISP: 中国移动, Date: None, Delay: -1 ms, Speed: 0.00 M/s, Resolution: None
Name: 广西卫视, URL: http://[2409:8087:3869:8021:1001::e5]:6610/PLTV/88888910/224/3221226211/index.m3u8?fmt=ts2hls, IPv_Type: ipv6, Location: 中国, ISP: 中国移动, Date: None, Delay: -1 ms, Speed: 0.00 M/s, Resolution: None
Name: 广西卫视, URL: http://wouu.net:9977/udp/239.93.42.46:5140, IPv_Type: ipv6, Location: 保留地址, ISP: 主机之间的链路本地地址, Date: None, Delay: -1 ms, Speed: 0.00 M/s, Resolution: None
Name: 广西卫视, URL: http://tvbox6.com/tv/bfgd.php?id=116, IPv_Type: ipv6, Location: 美国, ISP: CloudFlare Inc., Date: None, Delay: -1 ms, Speed: 0.00 M/s, Resolution: None
Name: 广西卫视, URL: https://migu.188766.xyz/?migutoken=e34055aa61e0584cd8c1baded0c61c6b&id=gxws&type=dy, IPv_Type: ipv6, Location: 美国, ISP: CloudFlare Inc., Date: None, Delay: -1 ms, Speed: 0.00 M/s, Resolution: None
Name: 广西卫视, URL: https://hls-gateway.vpstv.net/streams/708864.m3u8, IPv_Type: ipv6, Location: 美国, ISP: CloudFlare Inc., Date: None, Delay: -1 ms, Speed: 0.00 M/s, Resolution: None
Name: 广西卫视, URL: https://smart.pendy.dpdns.org/Smart.php, IPv_Type: ipv6, Location: 美国, ISP: CloudFlare Inc., Date: None, Delay: -1 ms, Speed: 0.00 M/s, Resolution: None
Name: 广西卫视, URL: https://migu.188766.xyz/?migutoken=752fb1665b9e8017227f7db4c2e286ef&id=gxws&type=dy, IPv_Type: ipv6, Location: 美国, ISP: CloudFlare Inc., Date: None, Delay: -1 ms, Speed: 0.00 M/s, Resolution: None
Name: 广西卫视, URL: https://zby.130519.xyz/PLTV/11/224/3221226084/index.m3u8, IPv_Type: ipv6, Location: 美国, ISP: CloudFlare Inc., Date: None, Delay: -1 ms, Speed: 0.00 M/s, Resolution: None
Name: 广西卫视, URL: https://migu.188766.xyz/?migutoken=5e65edb53f96d773711346d39eafc22e&id=gxws&type=sz, IPv_Type: ipv6, Location: 美国, ISP: CloudFlare Inc., Date: None, Delay: -1 ms, Speed: 0.00 M/s, Resolution: None
Name: 广西卫视, URL: https://migu.188766.xyz/?migutoken=c21182f55bd387d89ef6f64cf26a4366&id=gxws&type=sz, IPv_Type: ipv6, Location: 美国, ISP: CloudFlare Inc., Date: None, Delay: -1 ms, Speed: 0.00 M/s, Resolution: None
Name: 广西卫视, URL: https://migu.188766.xyz/?migutoken=483d27f9a841b8833caf21966f4209d7&id=gxws&type=sz, IPv_Type: ipv6, Location: 美国, ISP: CloudFlare Inc., Date: None, Delay: -1 ms, Speed: 0.00 M/s, Resolution: None
Name: 广西卫视, URL: https://migu.188766.xyz/?migutoken=a8a12b5966e765246bba7f349d315e4b&id=gxws&type=sz, IPv_Type: ipv6, Location: 美国, ISP: CloudFlare Inc., Date: None, Delay: -1 ms, Speed: 0.00 M/s, Resolution: None
Name: 广西卫视, URL: https://migu.188766.xyz/?migutoken=9d08a81d1e64399b5267fa9a27371828&id=gxws&type=sz, IPv_Type: ipv6, Location: 美国, ISP: CloudFlare Inc., Date: None, Delay: -1 ms, Speed: 0.00 M/s, Resolution: None
Name: 广西卫视, URL: rtmp://live.gxrb.com.cn/hls/a23, IPv_Type: ipv4, Location: 中国-广西-南宁, ISP: 电信, Date: None, Delay: -1 ms, Speed: inf M/s, Resolution: 1280x720
Name: 贵州卫视, URL: http://php.jdshipin.com/TVOD/hljyd.php?id=3221226474, IPv_Type: ipv6, Location: 美国, ISP: CloudFlare Inc., Date: None, Delay: -1 ms, Speed: 0.00 M/s, Resolution: None
Name: 贵州卫视, URL: http://z.b.bkpcp.top/m.php?id=gzws, IPv_Type: ipv6, Location: 美国, ISP: CloudFlare Inc., Date: None, Delay: -1 ms, Speed: 0.00 M/s, Resolution: None
Name: 贵州卫视, URL: http://j.x.bkpcp.top/jx/GUIZHD, IPv_Type: ipv6, Location: 美国, ISP: CloudFlare Inc., Date: None, Delay: -1 ms, Speed: 0.00 M/s, Resolution: None
Name: 贵州卫视, URL: http://goo.bkpcp.top/mg/gzws, IPv_Type: ipv6, Location: 美国, ISP: CloudFlare Inc., Date: None, Delay: -1 ms, Speed: 0.00 M/s, Resolution: None
Name: 贵州卫视, URL: http://[2409:8087:74f0:22::7]:6410/270000001128/9900000036/index.m3u8, IPv_Type: ipv6, Location: 中国, ISP: 中国移动, Date: None, Delay: -1 ms, Speed: 0.00 M/s, Resolution: None
Name: 贵州卫视, URL: http://[2409:8087:5e00:24::1e]:6060/200000001898/460000089800010100/1.m3u8, IPv_Type: ipv6, Location: 中国, ISP: 中国移动, Date: None, Delay: -1 ms, Speed: 0.00 M/s, Resolution: None
Name: 贵州卫视, URL: http://yc.myds.me:35455/itv/5000000004000025843.m3u8?cdn=bestzb, IPv_Type: ipv6, Location: 中国, ISP: 中国电信, Date: None, Delay: -1 ms, Speed: 0.00 M/s, Resolution: None
Name: 贵州卫视, URL: http://nas.suntao.online:35455/itv/5000000004000025843.m3u8?cdn=bestzb, IPv_Type: ipv6, Location: 中国, ISP: 中国联通, Date: None, Delay: -1 ms, Speed: 0.00 M/s, Resolution: None
Name: 贵州卫视, URL: http://[2409:8087:1a01:df::4030]:80/TVOD/88888888/224/3221225974/main.m3u8, IPv_Type: ipv6, Location: 中国, ISP: 中国移动, Date: None, Delay: -1 ms, Speed: 0.00 M/s, Resolution: None
Name: 贵州卫视, URL: http://[2409:8087:74f0:22::7]:6410/270000001128/9900000036/index.m3u8?channel-id=newtv&livemode=4&Contentid=9900000036, IPv_Type: ipv6, Location: 中国, ISP: 中国移动, Date: None, Delay: -1 ms, Speed: 0.00 M/s, Resolution: None
Name: 贵州卫视, URL: http://rrs01.hw.gmcc.net:8088/PLTV/81/224/3221226672/1.m3u8, IPv_Type: ipv6, Location: 中国, ISP: 中国移动, Date: None, Delay: -1 ms, Speed: 0.00 M/s, Resolution: None
Name: 贵州卫视, URL: http://dsj.motem.top:8880/bptv/10000100000000050000000003873471.m3u8, IPv_Type: ipv6, Location: 美国, ISP: CloudFlare Inc., Date: None, Delay: -1 ms, Speed: 0.00 M/s, Resolution: None
Name: 贵州卫视, URL: http://[2409:8087:3869:8021:1001::e5]:6610/PLTV/88888888/224/3221225728/2/index.m3u8, IPv_Type: ipv6, Location: 中国, ISP: 中国移动, Date: None, Delay: -1 ms, Speed: 0.00 M/s, Resolution: None
Name: 贵州卫视, URL: http://lu.wqwqwq.sbs/itv/5000000004000025843.m3u8?cdn=bestzb, IPv_Type: ipv6, Location: 美国, ISP: CloudFlare Inc., Date: None, Delay: -1 ms, Speed: 0.00 M/s, Resolution: None
Name: 贵州卫视, URL: http://wouu.net:9977/udp/239.93.0.131:5140, IPv_Type: ipv6, Location: 保留地址, ISP: 主机之间的链路本地地址, Date: None, Delay: -1 ms, Speed: 0.00 M/s, Resolution: None
Name: 贵州卫视, URL: http://webmail.axxe.top:4022/rtp/239.3.1.149:8076, IPv_Type: ipv6, Location: 中国, ISP: 中国电信, Date: None, Delay: -1 ms, Speed: 0.00 M/s, Resolution: None
Name: 贵州卫视, URL: http://alvin.ergotron.net:8000/udp/239.77.1.221:5146, IPv_Type: ipv6, Location: 中国, ISP: 中国电信, Date: None, Delay: -1 ms, Speed: 0.00 M/s, Resolution: None
Name: 贵州卫视, URL: https://hls-gateway.vpstv.net/streams/708850.m3u8, IPv_Type: ipv6, Location: 美国, ISP: CloudFlare Inc., Date: None, Delay: -1 ms, Speed: 0.00 M/s, Resolution: None
Name: 贵州卫视, URL: https://migu.188766.xyz/?migutoken=94027642f57b16403be385ca6cbdb033&id=gzws&type=dy, IPv_Type: ipv6, Location: 美国, ISP: CloudFlare Inc., Date: None, Delay: -1 ms, Speed: 0.00 M/s, Resolution: None
Name: 贵州卫视, URL: https://migu.188766.xyz/?migutoken=2d9f8d7ee1a9095636b57035f304cea6&id=gzws&type=dy, IPv_Type: ipv6, Location: 美国, ISP: CloudFlare Inc., Date: None, Delay: -1 ms, Speed: 0.00 M/s, Resolution: None
Name: 贵州卫视, URL: https://migu.188766.xyz/?migutoken=905e8fd66a07b1a522bb6e3bee351de7&id=gzws&type=sz, IPv_Type: ipv6, Location: 美国, ISP: CloudFlare Inc., Date: None, Delay: -1 ms, Speed: 0.00 M/s, Resolution: None
Name: 贵州卫视, URL: https://migu.188766.xyz/?migutoken=73188353f5172edc44798a776775751a&id=gzws&type=sz, IPv_Type: ipv6, Location: 美国, ISP: CloudFlare Inc., Date: None, Delay: -1 ms, Speed: 0.00 M/s, Resolution: None
Name: 贵州卫视, URL: https://migu.188766.xyz/?migutoken=fa601ec1f97d2cd965ea0cb98196057f&id=gzws&type=sz, IPv_Type: ipv6, Location: 美国, ISP: CloudFlare Inc., Date: None, Delay: -1 ms, Speed: 0.00 M/s, Resolution: None
Name: 贵州卫视, URL: https://migu.188766.xyz/?migutoken=b5f4aaca8467bbb21ee16fa360fd7e5a&id=gzws&type=sz, IPv_Type: ipv6, Location: 美国, ISP: CloudFlare Inc., Date: None, Delay: -1 ms, Speed: 0.00 M/s, Resolution: None
Name: 贵州卫视, URL: https://migu.188766.xyz/?migutoken=305b9928fe4e099edd502ecad1f520c3&id=gzws&type=sz, IPv_Type: ipv6, Location: 美国, ISP: CloudFlare Inc., Date: None, Delay: -1 ms, Speed: 0.00 M/s, Resolution: None
Name: 海南卫视, URL: http://php.jdshipin.com/TVOD/hnyd.php?id=200000001898/460000089800010083, IPv_Type: ipv6, Location: 美国, ISP: CloudFlare Inc., Date: None, Delay: -1 ms, Speed: 0.00 M/s, Resolution: None
Name: 海南卫视, URL: http://z.b.bkpcp.top/m.php?id=hinws, IPv_Type: ipv6, Location: 美国, ISP: CloudFlare Inc., Date: None, Delay: -1 ms, Speed: 0.00 M/s, Resolution: None
Name: 海南卫视, URL: http://j.x.bkpcp.top/jx/HAINHD, IPv_Type: ipv6, Location: 美国, ISP: CloudFlare Inc., Date: None, Delay: -1 ms, Speed: 0.00 M/s, Resolution: None
Name: 海南卫视, URL: http://goo.bkpcp.top/mg/hinws, IPv_Type: ipv6, Location: 美国, ISP: CloudFlare Inc., Date: None, Delay: -1 ms, Speed: 0.00 M/s, Resolution: None
Name: 海南卫视, URL: http://yc.myds.me:35455/itv/5000000004000006211.m3u8?cdn=bestzb, IPv_Type: ipv6, Location: 中国, ISP: 中国电信, Date: None, Delay: -1 ms, Speed: 0.00 M/s, Resolution: None
Name: 海南卫视, URL: http://nas.suntao.online:35455/itv/5000000004000006211.m3u8?cdn=bestzb, IPv_Type: ipv6, Location: 中国, ISP: 中国联通, Date: None, Delay: -1 ms, Speed: 0.00 M/s, Resolution: None
Name: 海南卫视, URL: http://live.wqwqwq.sbs/itv/5000000004000006211.m3u8?cdn=bestzb, IPv_Type: ipv6, Location: 美国, ISP: CloudFlare Inc., Date: None, Delay: -1 ms, Speed: 0.00 M/s, Resolution: None
Name: 海南卫视, URL: http://rrs01.hw.gmcc.net:8088/PLTV/81/224/3221226683/1.m3u8, IPv_Type: ipv6, Location: 中国, ISP: 中国移动, Date: None, Delay: -1 ms, Speed: 0.00 M/s, Resolution: None
Name: 海南卫视, URL: http://[2409:8087:74f0:22::7]:6410/270000001128/9900000037/index.m3u8, IPv_Type: ipv6, Location: 中国, ISP: 中国移动, Date: None, Delay: -1 ms, Speed: 0.00 M/s, Resolution: None
Name: 海南卫视, URL: http://[2409:8087:3869:8021:1001::e5]:6610/PLTV/88888888/224/3221225722/2/index.m3u8, IPv_Type: ipv6, Location: 中国, ISP: 中国移动, Date: None, Delay: -1 ms, Speed: 0.00 M/s, Resolution: None
Name: 海南卫视, URL: http://dsj.motem.top:8880/bptv/10000100000000050000000004796877.m3u8, IPv_Type: ipv6, Location: 美国, ISP: CloudFlare Inc., Date: None, Delay: -1 ms, Speed: 0.00 M/s, Resolution: None
Name: 海南卫视, URL: http://lu.wqwqwq.sbs/itv/5000000004000006211.m3u8?cdn=bestzb, IPv_Type: ipv6, Location: 美国, ISP: CloudFlare Inc., Date: None, Delay: -1 ms, Speed: 0.00 M/s, Resolution: None
Name: 海南卫视, URL: http://[2409:8087:2001:20:2800:0:df6e:eb08]/wh7f454c46tw2843123663_1489055229/ott.mobaibox.com/PLTV/3/224/3221228139/index.m3u8?icpid=3&RTS=1669701444&from=40&popid=40&hms_devid=2037&prioritypopid=40&vqe=3, IPv_Type: ipv6, Location: 中国, ISP: 中国移动, Date: None, Delay: -1 ms, Speed: 0.00 M/s, Resolution: None
Name: 海南卫视, URL: http://[2409:8087:2001:20:2800:0:df6e:eb09]:80/ott.mobaibox.com/PLTV/4/224/3221228139/index.m3u8, IPv_Type: ipv6, Location: 中国, ISP: 中国移动, Date: None, Delay: -1 ms, Speed: 0.00 M/s, Resolution: None
Name: 海南卫视, URL: http://[2409:8087:1e03:21::2]:6060/cms001/ch00000090990000001183/index.m3u8, IPv_Type: ipv6, Location: 中国, ISP: 中国移动, Date: None, Delay: -1 ms, Speed: 0.00 M/s, Resolution: None
Name: 海南卫视, URL: http://wouu.net:9977/udp/239.93.0.80:5140, IPv_Type: ipv6, Location: 保留地址, ISP: 主机之间的链路本地地址, Date: None, Delay: -1 ms, Speed: 0.00 M/s, Resolution: None
Name: 海南卫视, URL: http://tvbox6.com/tv/bfgd.php?id=473, IPv_Type: ipv6, Location: 美国, ISP: CloudFlare Inc., Date: None, Delay: -1 ms, Speed: 0.00 M/s, Resolution: None
Name: 海南卫视, URL: https://hls-gateway.vpstv.net/streams/708822.m3u8, IPv_Type: ipv6, Location: 美国, ISP: CloudFlare Inc., Date: None, Delay: -1 ms, Speed: 0.00 M/s, Resolution: None
Name: 海南卫视, URL: https://migu.188766.xyz/?migutoken=2a4b2fb05b05eee44b7593020e008833&id=custom1&type=dy, IPv_Type: ipv6, Location: 美国, ISP: CloudFlare Inc., Date: None, Delay: -1 ms, Speed: 0.00 M/s, Resolution: None
Name: 海南卫视, URL: http://gslbmgsplive.miguvideo.com/envivo_x/SD/lvyou/711/index.m3u8?msisdn=20250919040039da091cbbdc5f4c3aa1505deb18936cbf&mdspid=&spid=600633&netType=0&sid=5910022165&pid=2028597139&timestamp=20250919040039&Channel_ID=0116_2600000900-99000-201600010010027&ProgramID=947472502&ParentNodeID=-99&assertID=5910022165&client_ip=106.13.250.89&SecurityKey=20250919040039&promotionId=&mvid=5900004359&mcid=500020&playurlVersion=WX-A1-8.9.1-RELEASE&userid=&jmhm=&videocodec=h264&bean=mgspad&tid=android&conFee=0&puData=7187f5d2bab45054ec641555865cdfa1&ddCalcu=17a1ef81d77cf0556d825b5a5b144560c5e4, IPv_Type: ipv6, Location: 中国, ISP: 中国移动, Date: None, Delay: -1 ms, Speed: 0.00 M/s, Resolution: None
Name: 海南卫视, URL: http://gslbmgsplive.miguvideo.com/envivo_x/SD/lvyou/711/index.m3u8?msisdn=20250919160038e03fb647b87a46ad9bb0f726decfdef8&mdspid=&spid=600633&netType=0&sid=5910022165&pid=2028597139&timestamp=20250919160038&Channel_ID=0116_2600000900-99000-201600010010027&ProgramID=947472502&ParentNodeID=-99&assertID=5910022165&client_ip=106.13.250.89&SecurityKey=20250919160038&promotionId=&mvid=5900004359&mcid=500020&playurlVersion=WX-A1-8.9.1-RELEASE&userid=&jmhm=&videocodec=h264&bean=mgspad&tid=android&conFee=0&puData=9e6c5dab9ae35d0b54c3367def8fce07&ddCalcu=790eee61cc7f508dfaebd97a6e3335cd405b, IPv_Type: ipv6, Location: 中国, ISP: 中国移动, Date: None, Delay: -1 ms, Speed: 0.00 M/s, Resolution: None
Name: 海南卫视, URL: http://gslbmgsplive.miguvideo.com/envivo_x/SD/lvyou/711/index.m3u8?msisdn=20250920040042250485347bb24cdd87acb77516f5e29d&mdspid=&spid=600633&netType=0&sid=5910022165&pid=2028597139&timestamp=20250920040042&Channel_ID=0116_2600000900-99000-201600010010027&ProgramID=947472502&ParentNodeID=-99&assertID=5910022165&client_ip=106.13.250.83&SecurityKey=20250920040042&promotionId=&mvid=5900004359&mcid=500020&playurlVersion=WX-A1-8.9.1-RELEASE&userid=&jmhm=&videocodec=h264&bean=mgspad&tid=android&conFee=0&puData=6d3990e2cfb7de7a01541cd42d31442a&ddCalcu=a62de43149719030de224cdfcb174d5e170a, IPv_Type: ipv6, Location: 中国, ISP: 中国移动, Date: None, Delay: -1 ms, Speed: 0.00 M/s, Resolution: None
Name: 海南卫视, URL: http://gslbmgsplive.miguvideo.com/envivo_x/SD/lvyou/711/index.m3u8?msisdn=202509201600360b942b1573e84a1cbeb0a6d9e0d0f9e1&mdspid=&spid=600633&netType=0&sid=5910022165&pid=2028597139&timestamp=20250920160036&Channel_ID=0116_2600000900-99000-201600010010027&ProgramID=947472502&ParentNodeID=-99&assertID=5910022165&client_ip=106.13.250.90&SecurityKey=20250920160036&promotionId=&mvid=5900004359&mcid=500020&playurlVersion=WX-A1-8.9.1-RELEASE&userid=&jmhm=&videocodec=h264&bean=mgspad&tid=android&conFee=0&puData=15c3983311c718185269a63947c7c473&ddCalcu=3175e4c2c37790c8734391316ca791682158, IPv_Type: ipv6, Location: 中国, ISP: 中国移动, Date: None, Delay: -1 ms, Speed: 0.00 M/s, Resolution: None
Name: 海南卫视, URL: http://gslbmgsplive.miguvideo.com/envivo_x/SD/lvyou/711/index.m3u8?msisdn=20250921060037b90f87449ca544cf8493de37129119f6&mdspid=&spid=600633&netType=0&sid=5910022165&pid=2028597139&timestamp=20250921060037&Channel_ID=0116_2600000900-99000-201600010010027&ProgramID=947472502&ParentNodeID=-99&assertID=5910022165&client_ip=106.13.250.88&SecurityKey=20250921060037&promotionId=&mvid=5900004359&mcid=500020&playurlVersion=WX-A1-8.9.1-RELEASE&userid=&jmhm=&videocodec=h264&bean=mgspad&tid=android&conFee=0&puData=b0da8bb5d9d53bb695066dd222534786&ddCalcu=6b80e7d24a73805b2b252dd9dd65630b5b96, IPv_Type: ipv6, Location: 中国, ISP: 中国移动, Date: None, Delay: -1 ms, Speed: 0.00 M/s, Resolution: None
Name: 海南卫视, URL: http://gslbmgsplive.miguvideo.com/envivo_x/SD/lvyou/711/index.m3u8?msisdn=202509211800371052abe9f87d41c0821d6c984dd17acb&mdspid=&spid=600633&netType=0&sid=5910022165&pid=2028597139&timestamp=20250921180037&Channel_ID=0116_2600000900-99000-201600010010027&ProgramID=947472502&ParentNodeID=-99&assertID=5910022165&client_ip=106.13.250.89&SecurityKey=20250921180037&promotionId=&mvid=5900004359&mcid=500020&playurlVersion=WX-A1-8.9.1-RELEASE&userid=&jmhm=&videocodec=h264&bean=mgspad&tid=android&conFee=0&puData=9d567e47c00aa802860fd4453599fd67&ddCalcu=796ded52f679709e54375c4040dafa086082, IPv_Type: ipv6, Location: 中国, ISP: 中国移动, Date: None, Delay: -1 ms, Speed: 0.00 M/s, Resolution: None
Name: 海南卫视, URL: http://gslbmgsplive.miguvideo.com/envivo_x/SD/lvyou/711/index.m3u8?msisdn=20250922180041f8ab4ad2b20444e796609919b115c749&mdspid=&spid=600633&netType=0&sid=5910022165&pid=2028597139&timestamp=20250922180041&Channel_ID=0116_2600000900-99000-201600010010027&ProgramID=947472502&ParentNodeID=-99&assertID=5910022165&client_ip=106.13.250.90&SecurityKey=20250922180041&promotionId=&mvid=5900004359&mcid=500020&playurlVersion=WX-A1-8.9.1-RELEASE&userid=&jmhm=&videocodec=h264&bean=mgspad&tid=android&conFee=0&puData=0ac733a1f60c47f578a66ed8573c0ed9&ddCalcu=90daeec2077c30337a518fd6e06c64a78f75, IPv_Type: ipv6, Location: 中国, ISP: 中国移动, Date: None, Delay: -1 ms, Speed: 0.00 M/s, Resolution: None
Name: 海南卫视, URL: http://gslbmgsplive.miguvideo.com/envivo_x/SD/lvyou/711/index.m3u8?msisdn=20250923180037de1544d7869944dc943752aed1f24ca4&mdspid=&spid=600633&netType=0&sid=5910022165&pid=2028597139&timestamp=20250923180037&Channel_ID=0116_2600000900-99000-201600010010027&ProgramID=947472502&ParentNodeID=-99&assertID=5910022165&client_ip=106.13.250.88&SecurityKey=20250923180037&promotionId=&mvid=5900004359&mcid=500020&playurlVersion=WX-A1-8.9.1-RELEASE&userid=&jmhm=&videocodec=h264&bean=mgspad&tid=android&conFee=0&puData=5561aa93a8c9af5dc749efb9b21ad5e0&ddCalcu=05e5e562d17aa01a29b39ab8fce99a4f75cd, IPv_Type: ipv6, Location: 中国, ISP: 中国移动, Date: None, Delay: -1 ms, Speed: 0.00 M/s, Resolution: None
Name: 海南卫视, URL: http://gslbmgsplive.miguvideo.com/envivo_x/SD/lvyou/711/index.m3u8?msisdn=20250924040031de14bc3cfc8143f2aaa4a1aa78622e6d&mdspid=&spid=600633&netType=0&sid=5910022165&pid=2028597139&timestamp=20250924040031&Channel_ID=0116_2600000900-99000-201600010010027&ProgramID=947472502&ParentNodeID=-99&assertID=5910022165&client_ip=106.13.250.89&SecurityKey=20250924040031&promotionId=&mvid=5900004359&mcid=500020&playurlVersion=WX-A1-8.9.1-RELEASE&userid=&jmhm=&videocodec=h264&bean=mgspad&tid=android&conFee=0&puData=aa889f1a5452223ced1c7c0582ddda52&ddCalcu=2a5aea82d87d90df218a5504c572c212d3ec, IPv_Type: ipv6, Location: 中国, ISP: 中国移动, Date: None, Delay: -1 ms, Speed: 0.00 M/s, Resolution: None
Name: 河北卫视, URL: http://php.jdshipin.com/TVOD/hnyd.php?id=200000001898/460000089800010101, IPv_Type: ipv6, Location: 美国, ISP: CloudFlare Inc., Date: None, Delay: -1 ms, Speed: 0.00 M/s, Resolution: None
Name: 河北卫视, URL: http://z.b.bkpcp.top/m.php?id=hbws, IPv_Type: ipv6, Location: 美国, ISP: CloudFlare Inc., Date: None, Delay: -1 ms, Speed: 0.00 M/s, Resolution: None
Name: 河北卫视, URL: https://jwplay.hebyun.com.cn/live/hbwstv/1500k/tzwj_video.m3u8, IPv_Type: ipv6, Location: 中国, ISP: 中国联通, Date: None, Delay: -1 ms, Speed: 0.00 M/s, Resolution: None
Name: 河北卫视, URL: http://[2409:8087:74f0:22::7]:6410/270000001128/9900000057/index.m3u8, IPv_Type: ipv6, Location: 中国, ISP: 中国移动, Date: None, Delay: -1 ms, Speed: 0.00 M/s, Resolution: None
Name: 河北卫视, URL: http://[2409:8087:5e00:24::1e]:6060/200000001898/460000089800010101/1.m3u8, IPv_Type: ipv6, Location: 中国, ISP: 中国移动, Date: None, Delay: -1 ms, Speed: 0.00 M/s, Resolution: None
Name: 河北卫视, URL: http://[2409:8087:3869:8021:1001::e5]:6610/PLTV/88888888/224/3221225732/2/index.m3u8, IPv_Type: ipv6, Location: 中国, ISP: 中国移动, Date: None, Delay: -1 ms, Speed: 0.00 M/s, Resolution: None
Name: 河北卫视, URL: http://[2409:8087:3869:8021:1001::e5]:6610/PLTV/88888888/224/3221225610/2/index.m3u8, IPv_Type: ipv6, Location: 中国, ISP: 中国移动, Date: None, Delay: -1 ms, Speed: 0.00 M/s, Resolution: None
Name: 河北卫视, URL: http://iptv.huuc.edu.cn/hls/hebhd.m3u8, IPv_Type: ipv6, Location: 中国, ISP: 教育网, Date: None, Delay: -1 ms, Speed: 0.00 M/s, Resolution: None
Name: 河北卫视, URL: http://yc.myds.me:35455/itv/5000000006000040016.m3u8?cdn=bestzb, IPv_Type: ipv6, Location: 中国, ISP: 中国电信, Date: None, Delay: -1 ms, Speed: 0.00 M/s, Resolution: None
Name: 河北卫视, URL: http://nas.suntao.online:35455/itv/5000000006000040016.m3u8?cdn=bestzb, IPv_Type: ipv6, Location: 中国, ISP: 中国联通, Date: None, Delay: -1 ms, Speed: 0.00 M/s, Resolution: None
Name: 河北卫视, URL: http://tv.pull.hebtv.com/jishi/weishipindao.m3u8?t=2510710360&k=3d44740039027301acf8341d7361ab59, IPv_Type: ipv6, Location: 中国, ISP: 中国电信, Date: None, Delay: -1 ms, Speed: 0.00 M/s, Resolution: None
Name: 河北卫视, URL: http://[2409:8087:1a01:df::4035]:80/TVOD/88888888/224/3221225961/main.m3u8, IPv_Type: ipv6, Location: 中国, ISP: 中国移动, Date: None, Delay: -1 ms, Speed: 0.00 M/s, Resolution: None
Name: 河北卫视, URL: http://[2409:8087:3869:8021:1001::e5]:6610/PLTV/88888910/224/3221225610/index.m3u8?fmt=ts2hls, IPv_Type: ipv6, Location: 中国, ISP: 中国移动, Date: None, Delay: -1 ms, Speed: 0.00 M/s, Resolution: None
Name: 河北卫视, URL: http://rrs01.hw.gmcc.net:8088/PLTV/81/224/3221226684/1.m3u8, IPv_Type: ipv6, Location: 中国, ISP: 中国移动, Date: None, Delay: -1 ms, Speed: 0.00 M/s, Resolution: None
Name: 河北卫视, URL: http://dsj.motem.top:8880/bptv/10000100000000050000000003873460.m3u8, IPv_Type: ipv6, Location: 美国, ISP: CloudFlare Inc., Date: None, Delay: -1 ms, Speed: 0.00 M/s, Resolution: None
Name: 河北卫视, URL: http://live.wqwqwq.sbs/itv/5000000006000040016.m3u8?cdn=bestzb, IPv_Type: ipv6, Location: 美国, ISP: CloudFlare Inc., Date: None, Delay: -1 ms, Speed: 0.00 M/s, Resolution: None
Name: 河北卫视, URL: http://lu.wqwqwq.sbs/itv/5000000006000040016.m3u8?cdn=bestzb, IPv_Type: ipv6, Location: 美国, ISP: CloudFlare Inc., Date: None, Delay: -1 ms, Speed: 0.00 M/s, Resolution: None
Name: 河北卫视, URL: http://wouu.net:9977/udp/239.93.0.132:5140, IPv_Type: ipv6, Location: 保留地址, ISP: 主机之间的链路本地地址, Date: None, Delay: -1 ms, Speed: 0.00 M/s, Resolution: None
Name: 河北卫视, URL: http://webmail.axxe.top:4022/rtp/239.3.1.148:8072, IPv_Type: ipv6, Location: 中国, ISP: 中国电信, Date: None, Delay: -1 ms, Speed: 0.00 M/s, Resolution: None
Name: 河北卫视, URL: http://alvin.ergotron.net:8000/udp/239.77.1.214:5146, IPv_Type: ipv6, Location: 中国, ISP: 中国电信, Date: None, Delay: -1 ms, Speed: 0.00 M/s, Resolution: None
Name: 河北卫视, URL: https://hls-gateway.vpstv.net/streams/476920.m3u8, IPv_Type: ipv6, Location: 美国, ISP: CloudFlare Inc., Date: None, Delay: -1 ms, Speed: 0.00 M/s, Resolution: None
Name: 河北卫视, URL: https://www.hebtv.com/19/19js/st/xdszb/index.shtml?index=0, IPv_Type: ipv6, Location: 中国, ISP: 中国电信, Date: None, Delay: -1 ms, Speed: 0.00 M/s, Resolution: None
Name: 河北卫视, URL: https://tv.pull.hebtv.com/jishi/weishipindao.m3u8?t=1963555056&k=a2a2ee6412906c8b2d9a6fd19116c6d9, IPv_Type: ipv6, Location: 中国, ISP: 中国电信, Date: None, Delay: -1 ms, Speed: 0.00 M/s, Resolution: None
Name: 河北卫视, URL: http://player.cntv.cn/standard/live_HLSDRM20180919.swf?v=180.171.5.8.9.6.3.9&ChannelID=hebei&videoTVChannel=hebei&P2PChannelID=pd://cctv_p2p_hebei&tai=hebei&VideoName=hebei&channelID=hebei, IPv_Type: ipv4, Location: 美国-加利福尼亚州-圣克拉拉, ISP: 网宿CDN节点, Date: None, Delay: 5 ms, Speed: 43.63 M/s, Resolution: 19x24
Name: 河南卫视, URL: http://tvpull.dxhmt.cn:9081/tv/11425-1.m3u8, IPv_Type: ipv6, Location: 加拿大, ISP: , Date: None, Delay: -1 ms, Speed: 0.00 M/s, Resolution: None
Name: 河南卫视, URL: http://php.jdshipin.com/TVOD/hljyd.php?id=3221226480, IPv_Type: ipv6, Location: 美国, ISP: CloudFlare Inc., Date: None, Delay: -1 ms, Speed: 0.00 M/s, Resolution: None
Name: 河南卫视, URL: http://z.b.bkpcp.top/m.php?id=hnws, IPv_Type: ipv6, Location: 美国, ISP: CloudFlare Inc., Date: None, Delay: -1 ms, Speed: 0.00 M/s, Resolution: None
Name: 河南卫视, URL: http://j.x.bkpcp.top/jx/HENHD, IPv_Type: ipv6, Location: 美国, ISP: CloudFlare Inc., Date: None, Delay: -1 ms, Speed: 0.00 M/s, Resolution: None
Name: 河南卫视, URL: http://goo.bkpcp.top/mg/hnws, IPv_Type: ipv6, Location: 美国, ISP: CloudFlare Inc., Date: None, Delay: -1 ms, Speed: 0.00 M/s, Resolution: None
Name: 河南卫视, URL: http://yc.myds.me:35455/itv/5000000011000031119.m3u8?cdn=bestzb, IPv_Type: ipv6, Location: 中国, ISP: 中国电信, Date: None, Delay: -1 ms, Speed: 0.00 M/s, Resolution: None
Name: 河南卫视, URL: http://nas.suntao.online:35455/itv/5000000011000031119.m3u8?cdn=bestzb, IPv_Type: ipv6, Location: 中国, ISP: 中国联通, Date: None, Delay: -1 ms, Speed: 0.00 M/s, Resolution: None
Name: 河南卫视, URL: http://rrs01.hw.gmcc.net:8088/PLTV/81/224/3221226687/1.m3u8, IPv_Type: ipv6, Location: 中国, ISP: 中国移动, Date: None, Delay: -1 ms, Speed: 0.00 M/s, Resolution: None
Name: 河南卫视, URL: http://[2409:8087:74f0:22::7]:6410/270000001128/9900000027/index.m3u8, IPv_Type: ipv6, Location: 中国, ISP: 中国移动, Date: None, Delay: -1 ms, Speed: 0.00 M/s, Resolution: None
Name: 河南卫视, URL: http://[2409:8087:3869:8021:1001::e5]:6610/PLTV/88888888/224/3221225611/2/index.m3u8, IPv_Type: ipv6, Location: 中国, ISP: 中国移动, Date: None, Delay: -1 ms, Speed: 0.00 M/s, Resolution: None
Name: 河南卫视, URL: http://[2409:8087:3869:8021:1001::e5]:6610/PLTV/88888910/224/3221225611/index.m3u8?fmt=ts2hls, IPv_Type: ipv6, Location: 中国, ISP: 中国移动, Date: None, Delay: -1 ms, Speed: 0.00 M/s, Resolution: None
Name: 河南卫视, URL: http://dsj.motem.top:8880/bptv/10000100000000050000000003887270.m3u8, IPv_Type: ipv6, Location: 美国, ISP: CloudFlare Inc., Date: None, Delay: -1 ms, Speed: 0.00 M/s, Resolution: None
Name: 河南卫视, URL: http://tvcdn.stream3.hndt.com/tv/65c4a6d5017e1000b2b6ea2500000000_transios/playlist.m3u8?wsSecret=04e32a3bd883f58fb71ed009a6a8b7c6&wsTime=1740891619, IPv_Type: ipv6, Location: 加拿大, ISP: , Date: None, Delay: -1 ms, Speed: 0.00 M/s, Resolution: None
Name: 河南卫视, URL: http://wouu.net:9977/udp/239.93.42.45:5140, IPv_Type: ipv6, Location: 保留地址, ISP: 主机之间的链路本地地址, Date: None, Delay: -1 ms, Speed: 0.00 M/s, Resolution: None
Name: 河南卫视, URL: http://tvcdn.stream3.hndt.com/tv/65c4a6d5017e1000b2b6ea2500000000_transios/playlist.m3u8?wsSecret=e4d37ab1c90aa54f7004dc1adc5e2bf7&wsTime=1740805221, IPv_Type: ipv6, Location: 加拿大, ISP: , Date: None, Delay: -1 ms, Speed: 0.00 M/s, Resolution: None
Name: 河南卫视, URL: http://tvbox6.com/tv/bfgd.php?id=339, IPv_Type: ipv6, Location: 美国, ISP: CloudFlare Inc., Date: None, Delay: -1 ms, Speed: 0.00 M/s, Resolution: None
Name: 河南卫视, URL: http://tvbox6.com/tv/bfgd.php?id=104, IPv_Type: ipv6, Location: 美国, ISP: CloudFlare Inc., Date: None, Delay: -1 ms, Speed: 0.00 M/s, Resolution: None
Name: 河南卫视, URL: http://alvin.ergotron.net:8000/udp/239.77.1.229:5146, IPv_Type: ipv6, Location: 中国, ISP: 中国电信, Date: None, Delay: -1 ms, Speed: 0.00 M/s, Resolution: None
Name: 河南卫视, URL: http://tvcdn.stream3.hndt.com/tv/65c4a6d5017e1000b2b6ea2500000000_transios/playlist.m3u8?wsSecret=66add74b6b7276e7ffc10e03da871287&wsTime=1758074413, IPv_Type: ipv6, Location: 加拿大, ISP: , Date: None, Delay: -1 ms, Speed: 0.00 M/s, Resolution: None
Name: 河南卫视, URL: http://150.158.10.195:80/dxxw.php, IPv_Type: ipv4, Location: 中国-上海-上海, ISP: 腾讯云, Date: None, Delay: 24 ms, Speed: 31.94 M/s, Resolution: 1920x1080
Name: 河南卫视, URL: http://1.94.31.214/php/hntv.php?id=hnws, IPv_Type: ipv4, Location: 中国-上海-上海, ISP: 华为云, Date: None, Delay: 30 ms, Speed: 24.89 M/s, Resolution: 1920x1080
Name: 吉林卫视, URL: http://php.jdshipin.com/TVOD/hnyd.php?id=200000001898/460000089800010075, IPv_Type: ipv6, Location: 美国, ISP: CloudFlare Inc., Date: None, Delay: -1 ms, Speed: 0.00 M/s, Resolution: None
Name: 吉林卫视, URL: http://z.b.bkpcp.top/m.php?id=jlws, IPv_Type: ipv6, Location: 美国, ISP: CloudFlare Inc., Date: None, Delay: -1 ms, Speed: 0.00 M/s, Resolution: None
Name: 吉林卫视, URL: http://j.x.bkpcp.top/jx/JILHD, IPv_Type: ipv6, Location: 美国, ISP: CloudFlare Inc., Date: None, Delay: -1 ms, Speed: 0.00 M/s, Resolution: None
Name: 吉林卫视, URL: http://goo.bkpcp.top/mg/jlws, IPv_Type: ipv6, Location: 美国, ISP: CloudFlare Inc., Date: None, Delay: -1 ms, Speed: 0.00 M/s, Resolution: None
Name: 吉林卫视, URL: http://[2409:8087:74f0:22::5]:6410/270000001128/9900000030/index.m3u8, IPv_Type: ipv6, Location: 中国, ISP: 中国移动, Date: None, Delay: -1 ms, Speed: 0.00 M/s, Resolution: None
Name: 吉林卫视, URL: http://[2409:8087:3869:8021:1001::e5]:6610/PLTV/88888888/224/3221225680/2/index.m3u8, IPv_Type: ipv6, Location: 中国, ISP: 中国移动, Date: None, Delay: -1 ms, Speed: 0.00 M/s, Resolution: None
Name: 吉林卫视, URL: http://yc.myds.me:35455/itv/5000000011000031117.m3u8?cdn=bestzb, IPv_Type: ipv6, Location: 中国, ISP: 中国电信, Date: None, Delay: -1 ms, Speed: 0.00 M/s, Resolution: None
Name: 吉林卫视, URL: http://nas.suntao.online:35455/itv/5000000011000031117.m3u8?cdn=bestzb, IPv_Type: ipv6, Location: 中国, ISP: 中国联通, Date: None, Delay: -1 ms, Speed: 0.00 M/s, Resolution: None
Name: 吉林卫视, URL: http://rrs01.hw.gmcc.net:8088/PLTV/81/224/3221226671/1.m3u8, IPv_Type: ipv6, Location: 中国, ISP: 中国移动, Date: None, Delay: -1 ms, Speed: 0.00 M/s, Resolution: None
Name: 吉林卫视, URL: http://dsj.motem.top:8880/bptv/10000100000000050000000004972569.m3u8, IPv_Type: ipv6, Location: 美国, ISP: CloudFlare Inc., Date: None, Delay: -1 ms, Speed: 0.00 M/s, Resolution: None
Name: 吉林卫视, URL: http://[2409:8087:2001:20:2800:0:df6e:eb03]:80/ott.mobaibox.com/PLTV/4/224/3221228130/index.m3u8, IPv_Type: ipv6, Location: 中国, ISP: 中国移动, Date: None, Delay: -1 ms, Speed: 0.00 M/s, Resolution: None
Name: 吉林卫视, URL: http://[2409:8087:1e03:21::2]:6060/cms001/ch00000090990000001225/index.m3u8, IPv_Type: ipv6, Location: 中国, ISP: 中国移动, Date: None, Delay: -1 ms, Speed: 0.00 M/s, Resolution: None
Name: 吉林卫视, URL: http://wouu.net:9977/udp/239.93.0.248:5140, IPv_Type: ipv6, Location: 保留地址, ISP: 主机之间的链路本地地址, Date: None, Delay: -1 ms, Speed: 0.00 M/s, Resolution: None
Name: 吉林卫视, URL: http://tvbox6.com/tv/bfgd.php?id=097, IPv_Type: ipv6, Location: 美国, ISP: CloudFlare Inc., Date: None, Delay: -1 ms, Speed: 0.00 M/s, Resolution: None
Name: 吉林卫视, URL: http://webmail.axxe.top:4022/rtp/239.3.1.240:8172, IPv_Type: ipv6, Location: 中国, ISP: 中国电信, Date: None, Delay: -1 ms, Speed: 0.00 M/s, Resolution: None
Name: 吉林卫视, URL: http://alvin.ergotron.net:8000/udp/239.77.1.111:5146, IPv_Type: ipv6, Location: 中国, ISP: 中国电信, Date: None, Delay: -1 ms, Speed: 0.00 M/s, Resolution: None
Name: 吉林卫视, URL: https://migu.188766.xyz/?migutoken=057eac40a939bdb815d74d405dc8d179&id=jlws&type=dy, IPv_Type: ipv6, Location: 美国, ISP: CloudFlare Inc., Date: None, Delay: -1 ms, Speed: 0.00 M/s, Resolution: None
Name: 吉林卫视, URL: https://hls-gateway.vpstv.net/streams/708844.m3u8, IPv_Type: ipv6, Location: 美国, ISP: CloudFlare Inc., Date: None, Delay: -1 ms, Speed: 0.00 M/s, Resolution: None
Name: 吉林卫视, URL: https://migu.188766.xyz/?migutoken=4d391669ebfa9df41b664aebf723cbc3&id=jlws&type=dy, IPv_Type: ipv6, Location: 美国, ISP: CloudFlare Inc., Date: None, Delay: -1 ms, Speed: 0.00 M/s, Resolution: None
Name: 吉林卫视, URL: https://zby.130519.xyz/PLTV/11/224/3221226082/index.m3u8, IPv_Type: ipv6, Location: 美国, ISP: CloudFlare Inc., Date: None, Delay: -1 ms, Speed: 0.00 M/s, Resolution: None
Name: 吉林卫视, URL: https://migu.188766.xyz/?migutoken=1b3165382c05acd3d38992409a6706b4&id=jlws&type=sz, IPv_Type: ipv6, Location: 美国, ISP: CloudFlare Inc., Date: None, Delay: -1 ms, Speed: 0.00 M/s, Resolution: None
Name: 吉林卫视, URL: https://migu.188766.xyz/?migutoken=16de5ec5f5f2da7e8cef5d7d19e5de77&id=jlws&type=sz, IPv_Type: ipv6, Location: 美国, ISP: CloudFlare Inc., Date: None, Delay: -1 ms, Speed: 0.00 M/s, Resolution: None
Name: 吉林卫视, URL: https://migu.188766.xyz/?migutoken=8e6958c0c8ae0b8ec9762473fb9ecfe7&id=jlws&type=sz, IPv_Type: ipv6, Location: 美国, ISP: CloudFlare Inc., Date: None, Delay: -1 ms, Speed: 0.00 M/s, Resolution: None
Name: 吉林卫视, URL: https://migu.188766.xyz/?migutoken=0b1284018358a070f68d47045d0f1104&id=jlws&type=sz, IPv_Type: ipv6, Location: 美国, ISP: CloudFlare Inc., Date: None, Delay: -1 ms, Speed: 0.00 M/s, Resolution: None
Name: 吉林卫视, URL: https://migu.188766.xyz/?migutoken=5eb183f01baad3a5c391d1c252662c3e&id=jlws&type=sz, IPv_Type: ipv6, Location: 美国, ISP: CloudFlare Inc., Date: None, Delay: -1 ms, Speed: 0.00 M/s, Resolution: None
Name: 吉林卫视, URL: http://cc02.tv12.xyz/5.m3u8, IPv_Type: ipv6, Location: 美国, ISP: CloudFlare Inc., Date: None, Delay: -1 ms, Speed: 0.00 M/s, Resolution: None
Name: 吉林卫视, URL: http://gslbmgsplive.miguvideo.com/envivo_v/2018/SD/jilin/1000/index.m3u8?msisdn=20250919040039cba94e2d38bb4779a94ede4904318739&mdspid=&spid=600633&netType=0&sid=5910022164&pid=2028597139&timestamp=20250919040039&Channel_ID=0116_2600000900-99000-201600010010027&ProgramID=947472500&ParentNodeID=-99&assertID=5910022164&client_ip=106.13.250.89&SecurityKey=20250919040039&promotionId=&mvid=5900004357&mcid=500020&playurlVersion=WX-A1-8.9.1-RELEASE&userid=&jmhm=&videocodec=h264&bean=mgspad&tid=android&conFee=0&puData=6c0cb2c1b12aa2efa017cd62a0e31773&ddCalcu=367ce7011c73b0e20ca12b61d2ca7a120eaf, IPv_Type: ipv6, Location: 中国, ISP: 中国移动, Date: None, Delay: -1 ms, Speed: 0.00 M/s, Resolution: None
Name: 吉林卫视, URL: http://gslbmgsplive.miguvideo.com/envivo_v/2018/SD/jilin/1000/index.m3u8?msisdn=20250919160038100e691814234ae486d0a0530e9d53e0&mdspid=&spid=600633&netType=0&sid=5910022164&pid=2028597139&timestamp=20250919160038&Channel_ID=0116_2600000900-99000-201600010010027&ProgramID=947472500&ParentNodeID=-99&assertID=5910022164&client_ip=106.13.250.89&SecurityKey=20250919160038&promotionId=&mvid=5900004357&mcid=500020&playurlVersion=WX-A1-8.9.1-RELEASE&userid=&jmhm=&videocodec=h264&bean=mgspad&tid=android&conFee=0&puData=40c556de5fad78d7ff18b0d7a9fcb35a&ddCalcu=a450e3c1b57c50f69dae75df0abd8718fdf7, IPv_Type: ipv6, Location: 中国, ISP: 中国移动, Date: None, Delay: -1 ms, Speed: 0.00 M/s, Resolution: None
Name: 吉林卫视, URL: http://gslbmgsplive.miguvideo.com/envivo_v/2018/SD/jilin/1000/index.m3u8?msisdn=20250920040042cf3b75e999c54d1890509734bea9d848&mdspid=&spid=600633&netType=0&sid=5910022164&pid=2028597139&timestamp=20250920040042&Channel_ID=0116_2600000900-99000-201600010010027&ProgramID=947472500&ParentNodeID=-99&assertID=5910022164&client_ip=106.13.250.83&SecurityKey=20250920040042&promotionId=&mvid=5900004357&mcid=500020&playurlVersion=WX-A1-8.9.1-RELEASE&userid=&jmhm=&videocodec=h264&bean=mgspad&tid=android&conFee=0&puData=84a60084b6e1c043144d4c2615f82f45&ddCalcu=5844efa1267800f058146b26ce41dc404413, IPv_Type: ipv6, Location: 中国, ISP: 中国移动, Date: None, Delay: -1 ms, Speed: 0.00 M/s, Resolution: None
Name: 吉林卫视, URL: http://gslbmgsplive.miguvideo.com/envivo_v/2018/SD/jilin/1000/index.m3u8?msisdn=2025092016003665cad856577a4d5faf4c5563d79d4466&mdspid=&spid=600633&netType=0&sid=5910022164&pid=2028597139&timestamp=20250920160036&Channel_ID=0116_2600000900-99000-201600010010027&ProgramID=947472500&ParentNodeID=-99&assertID=5910022164&client_ip=106.13.250.90&SecurityKey=20250920160036&promotionId=&mvid=5900004357&mcid=500020&playurlVersion=WX-A1-8.9.1-RELEASE&userid=&jmhm=&videocodec=h264&bean=mgspad&tid=android&conFee=0&puData=c84ac48bc7d6d8d8ead8171277f97ff7&ddCalcu=7cf8ef427a79c0f4787b2c177d168dd8ade8, IPv_Type: ipv6, Location: 中国, ISP: 中国移动, Date: None, Delay: -1 ms, Speed: 0.00 M/s, Resolution: None
Name: 吉林卫视, URL: http://gslbmgsplive.miguvideo.com/envivo_v/2018/SD/jilin/1000/index.m3u8?msisdn=20250921060037b0975d230dbf4677afd013af6d61e9ba&mdspid=&spid=600633&netType=0&sid=5910022164&pid=2028597139&timestamp=20250921060037&Channel_ID=0116_2600000900-99000-201600010010027&ProgramID=947472500&ParentNodeID=-99&assertID=5910022164&client_ip=106.13.250.88&SecurityKey=20250921060037&promotionId=&mvid=5900004357&mcid=500020&playurlVersion=WX-A1-8.9.1-RELEASE&userid=&jmhm=&videocodec=h264&bean=mgspad&tid=android&conFee=0&puData=5cbdc559e6da08e0222d59baea99c036&ddCalcu=653ce0b2cd79c095a5e9aeb69d5ad0282e20, IPv_Type: ipv6, Location: 中国, ISP: 中国移动, Date: None, Delay: -1 ms, Speed: 0.00 M/s, Resolution: None
Name: 吉林卫视, URL: http://gslbmgsplive.miguvideo.com/envivo_v/2018/SD/jilin/1000/index.m3u8?msisdn=2025092118003604ceacebda9d4c98be0351f8fdd238a8&mdspid=&spid=600633&netType=0&sid=5910022164&pid=2028597139&timestamp=20250921180036&Channel_ID=0116_2600000900-99000-201600010010027&ProgramID=947472500&ParentNodeID=-99&assertID=5910022164&client_ip=106.13.250.89&SecurityKey=20250921180036&promotionId=&mvid=5900004357&mcid=500020&playurlVersion=WX-A1-8.9.1-RELEASE&userid=&jmhm=&videocodec=h264&bean=mgspad&tid=android&conFee=0&puData=03734ffbcb9ff40e523236ac2f997165&ddCalcu=5063e1727379409fff2bccab693f2f34205e, IPv_Type: ipv6, Location: 中国, ISP: 中国移动, Date: None, Delay: -1 ms, Speed: 0.00 M/s, Resolution: None
Name: 吉林卫视, URL: http://gslbmgsplive.miguvideo.com/envivo_v/2018/SD/jilin/1000/index.m3u8?msisdn=20250922060032deab67cf7e634222a276f8c0b0e81d6a&mdspid=&spid=600633&netType=0&sid=5910022164&pid=2028597139&timestamp=20250922060032&Channel_ID=0116_2600000900-99000-201600010010027&ProgramID=947472500&ParentNodeID=-99&assertID=5910022164&client_ip=106.13.250.89&SecurityKey=20250922060032&promotionId=&mvid=5900004357&mcid=500020&playurlVersion=WX-A1-8.9.1-RELEASE&userid=&jmhm=&videocodec=h264&bean=mgspad&tid=android&conFee=0&puData=8692f7468fd46040a75a34c1bd1e217d&ddCalcu=d876e192227ef017d4b618cf4d34a65074a0, IPv_Type: ipv6, Location: 中国, ISP: 中国移动, Date: None, Delay: -1 ms, Speed: 0.00 M/s, Resolution: None
Name: 吉林卫视, URL: http://gslbmgsplive.miguvideo.com/envivo_v/2018/SD/jilin/1000/index.m3u8?msisdn=20250922180041e6e3a8d5a5774121aa8c16e4ff78a4f6&mdspid=&spid=600633&netType=0&sid=5910022164&pid=2028597139&timestamp=20250922180041&Channel_ID=0116_2600000900-99000-201600010010027&ProgramID=947472500&ParentNodeID=-99&assertID=5910022164&client_ip=106.13.250.90&SecurityKey=20250922180041&promotionId=&mvid=5900004357&mcid=500020&playurlVersion=WX-A1-8.9.1-RELEASE&userid=&jmhm=&videocodec=h264&bean=mgspad&tid=android&conFee=0&puData=0b8111852590606c1b075dbd5ed820f0&ddCalcu=00fbe082217810d1e855d2b5d9507600b61c, IPv_Type: ipv6, Location: 中国, ISP: 中国移动, Date: None, Delay: -1 ms, Speed: 0.00 M/s, Resolution: None
Name: 吉林卫视, URL: http://gslbmgsplive.miguvideo.com/envivo_v/2018/SD/jilin/1000/index.m3u8?msisdn=202509231800378afc43e2f31e43efa8eeac9c98bb3c77&mdspid=&spid=600633&netType=0&sid=5910022164&pid=2028597139&timestamp=20250923180037&Channel_ID=0116_2600000900-99000-201600010010027&ProgramID=947472500&ParentNodeID=-99&assertID=5910022164&client_ip=106.13.250.88&SecurityKey=20250923180037&promotionId=&mvid=5900004357&mcid=500020&playurlVersion=WX-A1-8.9.1-RELEASE&userid=&jmhm=&videocodec=h264&bean=mgspad&tid=android&conFee=0&puData=5f13e31a2f86abe2e7d599472261210c&ddCalcu=c50fe1122371e063212a724f98965adb7ee2, IPv_Type: ipv6, Location: 中国, ISP: 中国移动, Date: None, Delay: -1 ms, Speed: 0.00 M/s, Resolution: None
Name: 吉林卫视, URL: http://gslbmgsplive.miguvideo.com/envivo_v/2018/SD/jilin/1000/index.m3u8?msisdn=20250924040031de631f616fa7449692acaf7803413568&mdspid=&spid=600633&netType=0&sid=5910022164&pid=2028597139&timestamp=20250924040031&Channel_ID=0116_2600000900-99000-201600010010027&ProgramID=947472500&ParentNodeID=-99&assertID=5910022164&client_ip=106.13.250.89&SecurityKey=20250924040031&promotionId=&mvid=5900004357&mcid=500020&playurlVersion=WX-A1-8.9.1-RELEASE&userid=&jmhm=&videocodec=h264&bean=mgspad&tid=android&conFee=0&puData=fea269f6b16f4ea02f1fab4ee14b1796&ddCalcu=6f9ee7a2127b60491fe6eb41b6aff41efa20, IPv_Type: ipv6, Location: 中国, ISP: 中国移动, Date: None, Delay: -1 ms, Speed: 0.00 M/s, Resolution: None
Name: 吉林卫视, URL: http://player.cntv.cn/standard/live_HLSDRM20180919.swf?v=180.171.5.8.9.6.3.9&ChannelID=jilin&videoTVChannel=jilin&P2PChannelID=pd://cctv_p2p_hdjilin&tai=jilin&VideoName=jilin&channelID=jilin, IPv_Type: ipv4, Location: 美国-加利福尼亚州-圣克拉拉, ISP: 网宿CDN节点, Date: None, Delay: 5 ms, Speed: 39.62 M/s, Resolution: 19x24
Name: 江苏卫视, URL: http://php.jdshipin.com/TVOD/hnyd.php?id=200000001898/460000089800010059, IPv_Type: ipv6, Location: 美国, ISP: CloudFlare Inc., Date: None, Delay: -1 ms, Speed: 0.00 M/s, Resolution: None
Name: 江苏卫视, URL: http://z.b.bkpcp.top/m.php?id=jsws, IPv_Type: ipv6, Location: 美国, ISP: CloudFlare Inc., Date: None, Delay: -1 ms, Speed: 0.00 M/s, Resolution: None
Name: 江苏卫视, URL: http://goo.bkpcp.top/mg/jsws, IPv_Type: ipv6, Location: 美国, ISP: CloudFlare Inc., Date: None, Delay: -1 ms, Speed: 0.00 M/s, Resolution: None
Name: 江苏卫视, URL: http://[2409:8087:74f0:22::6]:6410/270000001128/9900000524/index.m3u8, IPv_Type: ipv6, Location: 中国, ISP: 中国移动, Date: None, Delay: -1 ms, Speed: 0.00 M/s, Resolution: None
Name: 江苏卫视, URL: http://[2409:8087:5e00:24::1e]:6060/200000001898/460000089800010059/1.m3u8, IPv_Type: ipv6, Location: 中国, ISP: 中国移动, Date: None, Delay: -1 ms, Speed: 0.00 M/s, Resolution: None
Name: 江苏卫视, URL: http://iptv.huuc.edu.cn/hls/jshd.m3u8, IPv_Type: ipv6, Location: 中国, ISP: 教育网, Date: None, Delay: -1 ms, Speed: 0.00 M/s, Resolution: None
Name: 江苏卫视, URL: http://yc.myds.me:35455/itv/1000000001000001828.m3u8?cdn=ystenlive, IPv_Type: ipv6, Location: 中国, ISP: 中国电信, Date: None, Delay: -1 ms, Speed: 0.00 M/s, Resolution: None
Name: 江苏卫视, URL: http://nas.suntao.online:35455/itv/1000000001000001828.m3u8?cdn=ystenlive, IPv_Type: ipv6, Location: 中国, ISP: 中国联通, Date: None, Delay: -1 ms, Speed: 0.00 M/s, Resolution: None
Name: 江苏卫视, URL: http://rrs01.hw.gmcc.net:8088/PLTV/81/224/3221226692/1.m3u8, IPv_Type: ipv6, Location: 中国, ISP: 中国移动, Date: None, Delay: -1 ms, Speed: 0.00 M/s, Resolution: None
Name: 江苏卫视, URL: http://[2409:8087:3869:8021:1001::e5]:6610/PLTV/88888910/224/3221225702/index.m3u8, IPv_Type: ipv6, Location: 中国, ISP: 中国移动, Date: None, Delay: -1 ms, Speed: 0.00 M/s, Resolution: None
Name: 江苏卫视, URL: http://[2409:8087:3869:8021:1001::e5]:6610/PLTV/88888888/224/3221225743/2/index.m3u8, IPv_Type: ipv6, Location: 中国, ISP: 中国移动, Date: None, Delay: -1 ms, Speed: 0.00 M/s, Resolution: None
Name: 江苏卫视, URL: http://dsj.motem.top:8880/bptv/10000100000000050000000003873461.m3u8, IPv_Type: ipv6, Location: 美国, ISP: CloudFlare Inc., Date: None, Delay: -1 ms, Speed: 0.00 M/s, Resolution: None
Name: 江苏卫视, URL: http://wouu.net:9977/udp/239.93.0.89:5140, IPv_Type: ipv6, Location: 保留地址, ISP: 主机之间的链路本地地址, Date: None, Delay: -1 ms, Speed: 0.00 M/s, Resolution: None
Name: 江苏卫视, URL: http://lu.wqwqwq.sbs/itv/1000000005000265030.m3u8?cdn=ystenlive, IPv_Type: ipv6, Location: 美国, ISP: CloudFlare Inc., Date: None, Delay: -1 ms, Speed: 0.00 M/s, Resolution: None
Name: 江苏卫视, URL: http://tvbox6.com/tv/bfgd.php?id=085, IPv_Type: ipv6, Location: 美国, ISP: CloudFlare Inc., Date: None, Delay: -1 ms, Speed: 0.00 M/s, Resolution: None
Name: 江苏卫视, URL: http://alvin.ergotron.net:8000/udp/239.77.1.18:5146, IPv_Type: ipv6, Location: 中国, ISP: 中国电信, Date: None, Delay: -1 ms, Speed: 0.00 M/s, Resolution: None
Name: 江苏卫视, URL: http://ygbh.live/js.php?id=jsws, IPv_Type: ipv6, Location: 美国, ISP: CloudFlare Inc., Date: None, Delay: -1 ms, Speed: 0.00 M/s, Resolution: None
Name: 江苏卫视, URL: http://gf.you123.fun:35455/itv/1000000005000265030.m3u8?cdn=ystenlive, IPv_Type: ipv6, Location: 中国, ISP: 中国电信, Date: None, Delay: -1 ms, Speed: 0.00 M/s, Resolution: None
Name: 江苏卫视, URL: https://migu.188766.xyz/?migutoken=8dac362e88f9f6eadb590008b4695de7&id=%E6%B1%9F%E8%8B%8F%E5%8D%AB%E8%A7%86&type=yy, IPv_Type: ipv6, Location: 美国, ISP: CloudFlare Inc., Date: None, Delay: -1 ms, Speed: 0.00 M/s, Resolution: None
Name: 江苏卫视, URL: https://hls-gateway.vpstv.net/streams/476906.m3u8, IPv_Type: ipv6, Location: 美国, ISP: CloudFlare Inc., Date: None, Delay: -1 ms, Speed: 0.00 M/s, Resolution: None
Name: 江苏卫视, URL: https://migu.188766.xyz/?migutoken=dce5a2d2796d0c2d738cb209a16167f9&id=%E6%B1%9F%E8%8B%8F%E5%8D%AB%E8%A7%86&type=yy, IPv_Type: ipv6, Location: 美国, ISP: CloudFlare Inc., Date: None, Delay: -1 ms, Speed: 0.00 M/s, Resolution: None
Name: 江苏卫视, URL: https://migu.188766.xyz/?migutoken=4d38ea7f558d56a2649928a8ce151b38&id=%E6%B1%9F%E8%8B%8F%E5%8D%AB%E8%A7%86&type=yy, IPv_Type: ipv6, Location: 美国, ISP: CloudFlare Inc., Date: None, Delay: -1 ms, Speed: 0.00 M/s, Resolution: None
Name: 江苏卫视, URL: https://migu.188766.xyz/?migutoken=ad276bf263e258e6e6555df4578500c3&id=%E6%B1%9F%E8%8B%8F%E5%8D%AB%E8%A7%86&type=yy, IPv_Type: ipv6, Location: 美国, ISP: CloudFlare Inc., Date: None, Delay: -1 ms, Speed: 0.00 M/s, Resolution: None
Name: 江苏卫视, URL: https://migu.188766.xyz/?migutoken=a543585ec033e23e97ebdfa2e3ac548a&id=%E6%B1%9F%E8%8B%8F%E5%8D%AB%E8%A7%86&type=yy, IPv_Type: ipv6, Location: 美国, ISP: CloudFlare Inc., Date: None, Delay: -1 ms, Speed: 0.00 M/s, Resolution: None
Name: 江苏卫视, URL: http://gslbmgsplive.miguvideo.com/wd_r2/cctv/jiangsuhd/1200/index.m3u8?msisdn=20250919040038d85515ef3ad14878b758faae4b429d89&mdspid=&spid=699067&netType=0&sid=5500199408&pid=2028597139&timestamp=20250919040038&Channel_ID=0116_2600000900-99000-201600010010027&ProgramID=623899368&ParentNodeID=-99&assertID=5500199408&client_ip=106.13.250.89&SecurityKey=20250919040038&promotionId=&mvid=5100156802&mcid=500020&playurlVersion=WX-A1-8.9.1-RELEASE&userid=&jmhm=&videocodec=h264&bean=mgspad&tid=android&conFee=0&puData=4b135e576ba345fdc2d04e7b3236746d&ddCalcu=d46be4117336503e2537b67bea4304d52fcd, IPv_Type: ipv6, Location: 中国, ISP: 中国移动, Date: None, Delay: -1 ms, Speed: 0.00 M/s, Resolution: None
Name: 江苏卫视, URL: http://gslbmgsplive.miguvideo.com/wd_r2/cctv/jiangsuhd/1200/index.m3u8?msisdn=20250919160037979a5e183d9a41abbf00af9ca52f6482&mdspid=&spid=699067&netType=0&sid=5500199408&pid=2028597139&timestamp=20250919160037&Channel_ID=0116_2600000900-99000-201600010010027&ProgramID=623899368&ParentNodeID=-99&assertID=5500199408&client_ip=106.13.250.89&SecurityKey=20250919160037&promotionId=&mvid=5100156802&mcid=500020&playurlVersion=WX-A1-8.9.1-RELEASE&userid=&jmhm=&videocodec=h264&bean=mgspad&tid=android&conFee=0&puData=f867b89c625ef87fcd12643c94509e5d&ddCalcu=df58ee619730b058499cc632456e2f18d7cf, IPv_Type: ipv6, Location: 中国, ISP: 中国移动, Date: None, Delay: -1 ms, Speed: 0.00 M/s, Resolution: None
Name: 江苏卫视, URL: http://gslbmgsplive.miguvideo.com/wd_r2/cctv/jiangsuhd/1200/index.m3u8?msisdn=202509200400411069e33307434f59a5e48768c305c497&mdspid=&spid=699067&netType=0&sid=5500199408&pid=2028597139&timestamp=20250920040041&Channel_ID=0116_2600000900-99000-201600010010027&ProgramID=623899368&ParentNodeID=-99&assertID=5500199408&client_ip=106.13.250.83&SecurityKey=20250920040041&promotionId=&mvid=5100156802&mcid=500020&playurlVersion=WX-A1-8.9.1-RELEASE&userid=&jmhm=&videocodec=h264&bean=mgspad&tid=android&conFee=0&puData=a633d682f183ff1dbfaf25f78c6102fe&ddCalcu=eaf6e2310331d066c8827ff15823ffaff1bd, IPv_Type: ipv6, Location: 中国, ISP: 中国移动, Date: None, Delay: -1 ms, Speed: 0.00 M/s, Resolution: None
Name: 江苏卫视, URL: http://gslbmgsplive.miguvideo.com/wd_r2/cctv/jiangsuhd/1200/index.m3u8?msisdn=20250920160036e0cc355fdcc64949951037b64d91294f&mdspid=&spid=699067&netType=0&sid=5500199408&pid=2028597139&timestamp=20250920160036&Channel_ID=0116_2600000900-99000-201600010010027&ProgramID=623899368&ParentNodeID=-99&assertID=5500199408&client_ip=106.13.250.90&SecurityKey=20250920160036&promotionId=&mvid=5100156802&mcid=500020&playurlVersion=WX-A1-8.9.1-RELEASE&userid=&jmhm=&videocodec=h264&bean=mgspad&tid=android&conFee=0&puData=fc74f38f250c6d0441688ab6ec4ef122&ddCalcu=2f2ce172f43ef043c8ef62b5a08c866d1044, IPv_Type: ipv6, Location: 中国, ISP: 中国移动, Date: None, Delay: -1 ms, Speed: 0.00 M/s, Resolution: None
Name: 江苏卫视, URL: http://gslbmgsplive.miguvideo.com/wd_r2/cctv/jiangsuhd/1200/index.m3u8?msisdn=20250921060036b32d983895844c978d5a49527a9424f3&mdspid=&spid=699067&netType=0&sid=5500199408&pid=2028597139&timestamp=20250921060036&Channel_ID=0116_2600000900-99000-201600010010027&ProgramID=623899368&ParentNodeID=-99&assertID=5500199408&client_ip=106.13.250.88&SecurityKey=20250921060036&promotionId=&mvid=5100156802&mcid=500020&playurlVersion=WX-A1-8.9.1-RELEASE&userid=&jmhm=&videocodec=h264&bean=mgspad&tid=android&conFee=0&puData=6ba9044e1954483aef71f2bbe7657d60&ddCalcu=066beda27935006474eeb1b925f41478f3ea, IPv_Type: ipv6, Location: 中国, ISP: 中国移动, Date: None, Delay: -1 ms, Speed: 0.00 M/s, Resolution: None
Name: 江苏卫视, URL: http://gslbmgsplive.miguvideo.com/wd_r2/cctv/jiangsuhd/1200/index.m3u8?msisdn=20250922180040631d3dcca03049ffa3c4a57da4130d4d&mdspid=&spid=699067&netType=0&sid=5500199408&pid=2028597139&timestamp=20250922180040&Channel_ID=0116_2600000900-99000-201600010010027&ProgramID=623899368&ParentNodeID=-99&assertID=5500199408&client_ip=106.13.250.90&SecurityKey=20250922180040&promotionId=&mvid=5100156802&mcid=500020&playurlVersion=WX-A1-8.9.1-RELEASE&userid=&jmhm=&videocodec=h264&bean=mgspad&tid=android&conFee=0&puData=7d8e6ccca76f6270448f86a31b567b17&ddCalcu=771deb827e36605cbc1c3aa7668ff6824740, IPv_Type: ipv6, Location: 中国, ISP: 中国移动, Date: None, Delay: -1 ms, Speed: 0.00 M/s, Resolution: None
Name: 江苏卫视, URL: http://gslbmgsplive.miguvideo.com/wd_r2/cctv/jiangsuhd/1200/index.m3u8?msisdn=20250923180036798713b862384744a17f49c4deea73b0&mdspid=&spid=699067&netType=0&sid=5500199408&pid=2028597139&timestamp=20250923180036&Channel_ID=0116_2600000900-99000-201600010010027&ProgramID=623899368&ParentNodeID=-99&assertID=5500199408&client_ip=106.13.250.88&SecurityKey=20250923180036&promotionId=&mvid=5100156802&mcid=500020&playurlVersion=WX-A1-8.9.1-RELEASE&userid=&jmhm=&videocodec=h264&bean=mgspad&tid=android&conFee=0&puData=220d4f013d0511206804a0d935edc527&ddCalcu=7222e502cd3d40ef503193dd00a541018260, IPv_Type: ipv6, Location: 中国, ISP: 中国移动, Date: None, Delay: -1 ms, Speed: 0.00 M/s, Resolution: None
Name: 江苏卫视, URL: http://gslbmgsplive.miguvideo.com/wd_r2/cctv/jiangsuhd/1200/index.m3u8?msisdn=2025092404003101ee850827ef48f2be5fcc953950e443&mdspid=&spid=699067&netType=0&sid=5500199408&pid=2028597139&timestamp=20250924040031&Channel_ID=0116_2600000900-99000-201600010010027&ProgramID=623899368&ParentNodeID=-99&assertID=5500199408&client_ip=106.13.250.89&SecurityKey=20250924040031&promotionId=&mvid=5100156802&mcid=500020&playurlVersion=WX-A1-8.9.1-RELEASE&userid=&jmhm=&videocodec=h264&bean=mgspad&tid=android&conFee=0&puData=5b96a4b988f73effeecbdd27b67ac231&ddCalcu=153be292c63aa0746bb97828dfd7b3ceefef, IPv_Type: ipv6, Location: 中国, ISP: 中国移动, Date: None, Delay: -1 ms, Speed: 0.00 M/s, Resolution: None
Name: 江苏卫视, URL: rtmp://weishi.hyuui.top/weishi/1234_jiangsu, IPv_Type: ipv4, Location: 中国-福建, ISP: 移动, Date: None, Delay: -1 ms, Speed: inf M/s, Resolution: 1920x1080
Name: 江西卫视, URL: http://php.jdshipin.com/TVOD/hnyd.php?id=200000001898/460000089800010060, IPv_Type: ipv6, Location: 美国, ISP: CloudFlare Inc., Date: None, Delay: -1 ms, Speed: 0.00 M/s, Resolution: None
Name: 江西卫视, URL: http://z.b.bkpcp.top/m.php?id=jxws, IPv_Type: ipv6, Location: 美国, ISP: CloudFlare Inc., Date: None, Delay: -1 ms, Speed: 0.00 M/s, Resolution: None
Name: 江西卫视, URL: http://goo.bkpcp.top/mg/jxws, IPv_Type: ipv6, Location: 美国, ISP: CloudFlare Inc., Date: None, Delay: -1 ms, Speed: 0.00 M/s, Resolution: None
Name: 江西卫视, URL: http://[2409:8087:74f0:22::4]:6610/270000001128/9900000525/index.m3u8, IPv_Type: ipv6, Location: 中国, ISP: 中国移动, Date: None, Delay: -1 ms, Speed: 0.00 M/s, Resolution: None
Name: 江西卫视, URL: http://[2409:8087:5e00:24::1e]:6060/200000001898/460000089800010060/1.m3u8, IPv_Type: ipv6, Location: 中国, ISP: 中国移动, Date: None, Delay: -1 ms, Speed: 0.00 M/s, Resolution: None
Name: 江西卫视, URL: http://[2409:8087:3869:8021:1001::e5]:6610/PLTV/88888888/224/3221225746/2/index.m3u8, IPv_Type: ipv6, Location: 中国, ISP: 中国移动, Date: None, Delay: -1 ms, Speed: 0.00 M/s, Resolution: None
Name: 江西卫视, URL: http://[2409:8087:3869:8021:1001::e5]:6610/PLTV/88888888/224/3221225492/2/index.m3u8, IPv_Type: ipv6, Location: 中国, ISP: 中国移动, Date: None, Delay: -1 ms, Speed: 0.00 M/s, Resolution: None
Name: 江西卫视, URL: http://iptv.huuc.edu.cn/hls/jxhd.m3u8, IPv_Type: ipv6, Location: 中国, ISP: 教育网, Date: None, Delay: -1 ms, Speed: 0.00 M/s, Resolution: None
Name: 江西卫视, URL: http://yc.myds.me:35455/itv/1000000006000268001.m3u8?cdn=ystenlive, IPv_Type: ipv6, Location: 中国, ISP: 中国电信, Date: None, Delay: -1 ms, Speed: 0.00 M/s, Resolution: None
Name: 江西卫视, URL: http://nas.suntao.online:35455/itv/1000000006000268001.m3u8?cdn=ystenlive, IPv_Type: ipv6, Location: 中国, ISP: 中国联通, Date: None, Delay: -1 ms, Speed: 0.00 M/s, Resolution: None
Name: 江西卫视, URL: http://[2409:8087:1a01:df::4027]:80/TVOD/88888888/224/3221225935/main.m3u8, IPv_Type: ipv6, Location: 中国, ISP: 中国移动, Date: None, Delay: -1 ms, Speed: 0.00 M/s, Resolution: None
Name: 江西卫视, URL: http://[2409:8087:3869:8021:1001::e5]:6610/PLTV/88888910/224/3221225492/index.m3u8?fmt=ts2hls, IPv_Type: ipv6, Location: 中国, ISP: 中国移动, Date: None, Delay: -1 ms, Speed: 0.00 M/s, Resolution: None
Name: 江西卫视, URL: http://dsj.motem.top:8880/bptv/10000100000000050000000004796511.m3u8, IPv_Type: ipv6, Location: 美国, ISP: CloudFlare Inc., Date: None, Delay: -1 ms, Speed: 0.00 M/s, Resolution: None
Name: 江西卫视, URL: http://[2409:8087:3869:8021:1001::e5]:6610/PLTV/88888888/224/3221225705/2/index.m3u8, IPv_Type: ipv6, Location: 中国, ISP: 中国移动, Date: None, Delay: -1 ms, Speed: 0.00 M/s, Resolution: None
Name: 江西卫视, URL: http://wouu.net:9977/udp/239.93.0.134:5140, IPv_Type: ipv6, Location: 保留地址, ISP: 主机之间的链路本地地址, Date: None, Delay: -1 ms, Speed: 0.00 M/s, Resolution: None
Name: 江西卫视, URL: http://lu.wqwqwq.sbs/itv/1000000005000265032.m3u8?cdn=ystenlive, IPv_Type: ipv6, Location: 美国, ISP: CloudFlare Inc., Date: None, Delay: -1 ms, Speed: 0.00 M/s, Resolution: None
Name: 江西卫视, URL: http://tvbox6.com/tv/bfgd.php?id=098, IPv_Type: ipv6, Location: 美国, ISP: CloudFlare Inc., Date: None, Delay: -1 ms, Speed: 0.00 M/s, Resolution: None
Name: 江西卫视, URL: http://alvin.ergotron.net:8000/udp/239.77.1.219:5146, IPv_Type: ipv6, Location: 中国, ISP: 中国电信, Date: None, Delay: -1 ms, Speed: 0.00 M/s, Resolution: None
Name: 江西卫视, URL: http://webmail.axxe.top:4022/rtp/239.3.1.123:8164, IPv_Type: ipv6, Location: 中国, ISP: 中国电信, Date: None, Delay: -1 ms, Speed: 0.00 M/s, Resolution: None
Name: 江西卫视, URL: https://migu.188766.xyz/?migutoken=ec5db662362dfc44c29d19ebabd3b6f7&id=%E6%B1%9F%E8%A5%BF%E5%8D%AB%E8%A7%86&pp=1, IPv_Type: ipv6, Location: 美国, ISP: CloudFlare Inc., Date: None, Delay: -1 ms, Speed: 0.00 M/s, Resolution: None
Name: 江西卫视, URL: http://gf.you123.fun:35455/itv/1000000005000265032.m3u8?cdn=ystenlive, IPv_Type: ipv6, Location: 中国, ISP: 中国电信, Date: None, Delay: -1 ms, Speed: 0.00 M/s, Resolution: None
Name: 江西卫视, URL: https://migu.188766.xyz/?migutoken=88ac2460f71edb62156b0ff81aa72113&id=%E6%B1%9F%E8%A5%BF%E5%8D%AB%E8%A7%86&pp=1, IPv_Type: ipv6, Location: 美国, ISP: CloudFlare Inc., Date: None, Delay: -1 ms, Speed: 0.00 M/s, Resolution: None
Name: 江西卫视, URL: https://hls-gateway.vpstv.net/streams/708831.m3u8, IPv_Type: ipv6, Location: 美国, ISP: CloudFlare Inc., Date: None, Delay: -1 ms, Speed: 0.00 M/s, Resolution: None
Name: 江西卫视, URL: https://migu.188766.xyz/?migutoken=3e930397392425e7ab793ded35061849&id=%E6%B1%9F%E8%A5%BF%E5%8D%AB%E8%A7%86&pp=1, IPv_Type: ipv6, Location: 美国, ISP: CloudFlare Inc., Date: None, Delay: -1 ms, Speed: 0.00 M/s, Resolution: None
Name: 江西卫视, URL: https://migu.188766.xyz/?migutoken=7c45889d517e4de66ef8a6d88fc5addd&id=%E6%B1%9F%E8%A5%BF%E5%8D%AB%E8%A7%86&pp=1, IPv_Type: ipv6, Location: 美国, ISP: CloudFlare Inc., Date: None, Delay: -1 ms, Speed: 0.00 M/s, Resolution: None
Name: 江西卫视, URL: https://migu.188766.xyz/?migutoken=9684a30271498b95a0d7d199cfe3beb7&id=%E6%B1%9F%E8%A5%BF%E5%8D%AB%E8%A7%86&type=yy, IPv_Type: ipv6, Location: 美国, ISP: CloudFlare Inc., Date: None, Delay: -1 ms, Speed: 0.00 M/s, Resolution: None
Name: 江西卫视, URL: https://migu.188766.xyz/?migutoken=a62e3080ebd740e864fbc9e49162ec71&id=%E6%B1%9F%E8%A5%BF%E5%8D%AB%E8%A7%86&type=yy, IPv_Type: ipv6, Location: 美国, ISP: CloudFlare Inc., Date: None, Delay: -1 ms, Speed: 0.00 M/s, Resolution: None
Name: 江西卫视, URL: https://migu.188766.xyz/?migutoken=4c7d67fd22002adcc4c43aa27123dbcd&id=%E6%B1%9F%E8%A5%BF%E5%8D%AB%E8%A7%86&type=yy, IPv_Type: ipv6, Location: 美国, ISP: CloudFlare Inc., Date: None, Delay: -1 ms, Speed: 0.00 M/s, Resolution: None
Name: 江西卫视, URL: https://migu.188766.xyz/?migutoken=af15c94428599a75b68df60e9b805b5d&id=%E6%B1%9F%E8%A5%BF%E5%8D%AB%E8%A7%86&type=yy, IPv_Type: ipv6, Location: 美国, ISP: CloudFlare Inc., Date: None, Delay: -1 ms, Speed: 0.00 M/s, Resolution: None
Name: 江西卫视, URL: http://gslbmgsplive.miguvideo.com/migu/kailu/jxwshd/51/20190820/index.m3u8?msisdn=202509190400399fc29bac09604d93bf1ebf13f277bcc1&mdspid=&spid=600633&netType=0&sid=5910021492&pid=2028597139&timestamp=20250919040039&Channel_ID=0116_2600000900-99000-201600010010027&ProgramID=783847495&ParentNodeID=-99&assertID=5910021492&client_ip=106.13.250.89&SecurityKey=20250919040039&promotionId=&mvid=5900004351&mcid=500020&playurlVersion=WX-A1-8.9.1-RELEASE&userid=&jmhm=&videocodec=h264&bean=mgspad&tid=android&conFee=0&puData=0672220b4edae8b8c9d04da489944e9a&ddCalcu=a096ee7142342092908b44aedd4a0ed89bc8, IPv_Type: ipv6, Location: 中国, ISP: 中国移动, Date: None, Delay: -1 ms, Speed: 0.00 M/s, Resolution: None
Name: 江西卫视, URL: http://gslbmgsplive.miguvideo.com/migu/kailu/jxwshd/51/20190820/index.m3u8?msisdn=202509191600385727689e5bd644629f6869c50f0fe757&mdspid=&spid=600633&netType=0&sid=5910021492&pid=2028597139&timestamp=20250919160038&Channel_ID=0116_2600000900-99000-201600010010027&ProgramID=783847495&ParentNodeID=-99&assertID=5910021492&client_ip=106.13.250.89&SecurityKey=20250919160038&promotionId=&mvid=5900004351&mcid=500020&playurlVersion=WX-A1-8.9.1-RELEASE&userid=&jmhm=&videocodec=h264&bean=mgspad&tid=android&conFee=0&puData=3a247a29a0097eac6db1a8280d557a1e&ddCalcu=e31aea217435705ad2098a2080a917beda6c, IPv_Type: ipv6, Location: 中国, ISP: 中国移动, Date: None, Delay: -1 ms, Speed: 0.00 M/s, Resolution: None
Name: 江西卫视, URL: http://gslbmgsplive.miguvideo.com/migu/kailu/jxwshd/51/20190820/index.m3u8?msisdn=2025092004004179a219f91625427db66f39b5ceda8438&mdspid=&spid=600633&netType=0&sid=5910021492&pid=2028597139&timestamp=20250920040041&Channel_ID=0116_2600000900-99000-201600010010027&ProgramID=783847495&ParentNodeID=-99&assertID=5910021492&client_ip=106.13.250.83&SecurityKey=20250920040041&promotionId=&mvid=5900004351&mcid=500020&playurlVersion=WX-A1-8.9.1-RELEASE&userid=&jmhm=&videocodec=h264&bean=mgspad&tid=android&conFee=0&puData=a6511d75a73ae19888f58a008a6f8bc7&ddCalcu=7ac6eb51813f106da7850a07a38a5ef18988, IPv_Type: ipv6, Location: 中国, ISP: 中国移动, Date: None, Delay: -1 ms, Speed: 0.00 M/s, Resolution: None
Name: 江西卫视, URL: http://gslbmgsplive.miguvideo.com/migu/kailu/jxwshd/51/20190820/index.m3u8?msisdn=2025092016003605a78cd395344bc3877bb7c59899fabf&mdspid=&spid=600633&netType=0&sid=5910021492&pid=2028597139&timestamp=20250920160036&Channel_ID=0116_2600000900-99000-201600010010027&ProgramID=783847495&ParentNodeID=-99&assertID=5910021492&client_ip=106.13.250.90&SecurityKey=20250920160036&promotionId=&mvid=5900004351&mcid=500020&playurlVersion=WX-A1-8.9.1-RELEASE&userid=&jmhm=&videocodec=h264&bean=mgspad&tid=android&conFee=0&puData=a53414b854ab1b38c10ca196bef4cf80&ddCalcu=0a85ef32c43410f4ebb865941aabc10b13c8, IPv_Type: ipv6, Location: 中国, ISP: 中国移动, Date: None, Delay: -1 ms, Speed: 0.00 M/s, Resolution: None
Name: 江西卫视, URL: http://gslbmgsplive.miguvideo.com/migu/kailu/jxwshd/51/20190820/index.m3u8?msisdn=20250921060036adbf3488a5c3418cb78eccc6edde75ea&mdspid=&spid=600633&netType=0&sid=5910021492&pid=2028597139&timestamp=20250921060036&Channel_ID=0116_2600000900-99000-201600010010027&ProgramID=783847495&ParentNodeID=-99&assertID=5910021492&client_ip=106.13.250.88&SecurityKey=20250921060036&promotionId=&mvid=5900004351&mcid=500020&playurlVersion=WX-A1-8.9.1-RELEASE&userid=&jmhm=&videocodec=h264&bean=mgspad&tid=android&conFee=0&puData=2b1b2e70d8087c5028797a6214b12c30&ddCalcu=023bec122b3120be47102d68a078977c8520, IPv_Type: ipv6, Location: 中国, ISP: 中国移动, Date: None, Delay: -1 ms, Speed: 0.00 M/s, Resolution: None
Name: 江西卫视, URL: http://gslbmgsplive.miguvideo.com/migu/kailu/jxwshd/51/20190820/index.m3u8?msisdn=20250921180036834edc4dff874c97bb879756036e4a29&mdspid=&spid=600633&netType=0&sid=5910021492&pid=2028597139&timestamp=20250921180036&Channel_ID=0116_2600000900-99000-201600010010027&ProgramID=783847495&ParentNodeID=-99&assertID=5910021492&client_ip=106.13.250.89&SecurityKey=20250921180036&promotionId=&mvid=5900004351&mcid=500020&playurlVersion=WX-A1-8.9.1-RELEASE&userid=&jmhm=&videocodec=h264&bean=mgspad&tid=android&conFee=0&puData=ffa8f02c07029473d4285b58abd648af&ddCalcu=ffafe8a24836f0d0b2ac8057b052892447d3, IPv_Type: ipv6, Location: 中国, ISP: 中国移动, Date: None, Delay: -1 ms, Speed: 0.00 M/s, Resolution: None
Name: 江西卫视, URL: http://gslbmgsplive.miguvideo.com/migu/kailu/jxwshd/51/20190820/index.m3u8?msisdn=2025092218004013fe507f2a1a4c8a92f9be369561dd0e&mdspid=&spid=600633&netType=0&sid=5910021492&pid=2028597139&timestamp=20250922180040&Channel_ID=0116_2600000900-99000-201600010010027&ProgramID=783847495&ParentNodeID=-99&assertID=5910021492&client_ip=106.13.250.90&SecurityKey=20250922180040&promotionId=&mvid=5900004351&mcid=500020&playurlVersion=WX-A1-8.9.1-RELEASE&userid=&jmhm=&videocodec=h264&bean=mgspad&tid=android&conFee=0&puData=e47420279b8c538d158ef75461777ed9&ddCalcu=9ed4ee72743720701267495b78fce583581d, IPv_Type: ipv6, Location: 中国, ISP: 中国移动, Date: None, Delay: -1 ms, Speed: 0.00 M/s, Resolution: None
Name: 江西卫视, URL: http://gslbmgsplive.miguvideo.com/migu/kailu/jxwshd/51/20190820/index.m3u8?msisdn=20250923180037d6f5154503334534bf2a6e6721ba6f6b&mdspid=&spid=600633&netType=0&sid=5910021492&pid=2028597139&timestamp=20250923180037&Channel_ID=0116_2600000900-99000-201600010010027&ProgramID=783847495&ParentNodeID=-99&assertID=5910021492&client_ip=106.13.250.88&SecurityKey=20250923180037&promotionId=&mvid=5900004351&mcid=500020&playurlVersion=WX-A1-8.9.1-RELEASE&userid=&jmhm=&videocodec=h264&bean=mgspad&tid=android&conFee=0&puData=29482ae39c1b45a914d013f2e8e0b671&ddCalcu=1279e642b83020ea8ee329fc311b04d54a19, IPv_Type: ipv6, Location: 中国, ISP: 中国移动, Date: None, Delay: -1 ms, Speed: 0.00 M/s, Resolution: None
Name: 江西卫视, URL: http://gslbmgsplive.miguvideo.com/migu/kailu/jxwshd/51/20190820/index.m3u8?msisdn=202509240400315d6619f1f14740f19d7323f1aeeb6ae5&mdspid=&spid=600633&netType=0&sid=5910021492&pid=2028597139&timestamp=20250924040031&Channel_ID=0116_2600000900-99000-201600010010027&ProgramID=783847495&ParentNodeID=-99&assertID=5910021492&client_ip=106.13.250.89&SecurityKey=20250924040031&promotionId=&mvid=5900004351&mcid=500020&playurlVersion=WX-A1-8.9.1-RELEASE&userid=&jmhm=&videocodec=h264&bean=mgspad&tid=android&conFee=0&puData=f99b101fba3886737f6f96e80741f683&ddCalcu=3f89e692fb311040710f8bea6398f866f773, IPv_Type: ipv6, Location: 中国, ISP: 中国移动, Date: None, Delay: -1 ms, Speed: 0.00 M/s, Resolution: None
Name: 江西卫视, URL: http://203.205.191.53/yun-live.jxtvcn.com.cn/live-jxtv/tv_jxtv1.m3u8, IPv_Type: ipv4, Location: 美国-加利福尼亚州-圣克拉拉, ISP: 腾讯云, Date: None, Delay: 417 ms, Speed: 1.62 M/s, Resolution: 1280x720
Name: 辽宁卫视, URL: http://php.jdshipin.com/TVOD/hljyd.php?id=3221226546, IPv_Type: ipv6, Location: 美国, ISP: CloudFlare Inc., Date: None, Delay: -1 ms, Speed: 0.00 M/s, Resolution: None
Name: 辽宁卫视, URL: http://z.b.bkpcp.top/m.php?id=lnws, IPv_Type: ipv6, Location: 美国, ISP: CloudFlare Inc., Date: None, Delay: -1 ms, Speed: 0.00 M/s, Resolution: None
Name: 辽宁卫视, URL: http://j.x.bkpcp.top/jx/LIAONHD, IPv_Type: ipv6, Location: 美国, ISP: CloudFlare Inc., Date: None, Delay: -1 ms, Speed: 0.00 M/s, Resolution: None
Name: 辽宁卫视, URL: http://[2409:8087:74f0:22::7]:6410/270000001128/9900000526/index.m3u8, IPv_Type: ipv6, Location: 中国, ISP: 中国移动, Date: None, Delay: -1 ms, Speed: 0.00 M/s, Resolution: None
Name: 辽宁卫视, URL: http://[2409:8087:5e00:24::1e]:6060/200000001898/460000089800010061/1.m3u8, IPv_Type: ipv6, Location: 中国, ISP: 中国移动, Date: None, Delay: -1 ms, Speed: 0.00 M/s, Resolution: None
Name: 辽宁卫视, URL: http://[2409:8087:3869:8021:1001::e5]:6610/PLTV/88888888/224/3221225735/2/index.m3u8, IPv_Type: ipv6, Location: 中国, ISP: 中国移动, Date: None, Delay: -1 ms, Speed: 0.00 M/s, Resolution: None
Name: 辽宁卫视, URL: http://[2409:8087:3869:8021:1001::e5]:6610/PLTV/88888888/224/3221225601/2/index.m3u8, IPv_Type: ipv6, Location: 中国, ISP: 中国移动, Date: None, Delay: -1 ms, Speed: 0.00 M/s, Resolution: None
Name: 辽宁卫视, URL: http://iptv.huuc.edu.cn/hls/lnhd.m3u8, IPv_Type: ipv6, Location: 中国, ISP: 教育网, Date: None, Delay: -1 ms, Speed: 0.00 M/s, Resolution: None
Name: 辽宁卫视, URL: http://yc.myds.me:35455/itv/1000000005000265022.m3u8?cdn=ystenlive, IPv_Type: ipv6, Location: 中国, ISP: 中国电信, Date: None, Delay: -1 ms, Speed: 0.00 M/s, Resolution: None
Name: 辽宁卫视, URL: http://nas.suntao.online:35455/itv/5000000004000011671.m3u8?cdn=bestzb, IPv_Type: ipv6, Location: 中国, ISP: 中国联通, Date: None, Delay: -1 ms, Speed: 0.00 M/s, Resolution: None
Name: 辽宁卫视, URL: http://[2409:8087:74f0:22::7]:6410/270000001128/9900000526/index.m3u8?channel-id=newtv&livemode=4&Contentid=9900000526, IPv_Type: ipv6, Location: 中国, ISP: 中国移动, Date: None, Delay: -1 ms, Speed: 0.00 M/s, Resolution: None
Name: 辽宁卫视, URL: http://rrs01.hw.gmcc.net:8088/PLTV/81/224/3221226689/1.m3u8, IPv_Type: ipv6, Location: 中国, ISP: 中国移动, Date: None, Delay: -1 ms, Speed: 0.00 M/s, Resolution: None
Name: 辽宁卫视, URL: http://[2409:8087:3869:8021:1001::e5]:6610/PLTV/88888888/224/3221225696/2/index.m3u8, IPv_Type: ipv6, Location: 中国, ISP: 中国移动, Date: None, Delay: -1 ms, Speed: 0.00 M/s, Resolution: None
Name: 辽宁卫视, URL: http://dsj.motem.top:8880/bptv/10000100000000050000000003873468.m3u8, IPv_Type: ipv6, Location: 美国, ISP: CloudFlare Inc., Date: None, Delay: -1 ms, Speed: 0.00 M/s, Resolution: None
Name: 辽宁卫视, URL: http://[2409:8087:3869:8021:1001::e5]:6610/PLTV/88888910/224/3221225601/index.m3u8?fmt=ts2hls, IPv_Type: ipv6, Location: 中国, ISP: 中国移动, Date: None, Delay: -1 ms, Speed: 0.00 M/s, Resolution: None
Name: 辽宁卫视, URL: http://tvbox6.com/tv/bfgd.php?id=058, IPv_Type: ipv6, Location: 美国, ISP: CloudFlare Inc., Date: None, Delay: -1 ms, Speed: 0.00 M/s, Resolution: None
Name: 辽宁卫视, URL: http://wouu.net:9977/udp/239.93.1.108:5140, IPv_Type: ipv6, Location: 保留地址, ISP: 主机之间的链路本地地址, Date: None, Delay: -1 ms, Speed: 0.00 M/s, Resolution: None
Name: 辽宁卫视, URL: http://lu.wqwqwq.sbs/itv/1000000005000265022.m3u8?cdn=ystenlive, IPv_Type: ipv6, Location: 美国, ISP: CloudFlare Inc., Date: None, Delay: -1 ms, Speed: 0.00 M/s, Resolution: None
Name: 辽宁卫视, URL: http://alvin.ergotron.net:8000/udp/239.77.1.103:5146, IPv_Type: ipv6, Location: 中国, ISP: 中国电信, Date: None, Delay: -1 ms, Speed: 0.00 M/s, Resolution: None
Name: 辽宁卫视, URL: http://webmail.axxe.top:4022/rtp/239.3.1.210:8056, IPv_Type: ipv6, Location: 中国, ISP: 中国电信, Date: None, Delay: -1 ms, Speed: 0.00 M/s, Resolution: None
Name: 辽宁卫视, URL: http://gf.you123.fun:35455/itv/1000000005000265022.m3u8?cdn=ystenlive, IPv_Type: ipv6, Location: 中国, ISP: 中国电信, Date: None, Delay: -1 ms, Speed: 0.00 M/s, Resolution: None
Name: 辽宁卫视, URL: https://hls-gateway.vpstv.net/streams/708828.m3u8, IPv_Type: ipv6, Location: 美国, ISP: CloudFlare Inc., Date: None, Delay: -1 ms, Speed: 0.00 M/s, Resolution: None
Name: 辽宁卫视, URL: https://migu.188766.xyz/?migutoken=10d48e5f9e26c466b6bc1c41fc84533b&id=lnws&type=sz, IPv_Type: ipv6, Location: 美国, ISP: CloudFlare Inc., Date: None, Delay: -1 ms, Speed: 0.00 M/s, Resolution: None
Name: 辽宁卫视, URL: http://gslbmgsplive.miguvideo.com/wd_r2/2018/ocn/liaoningwshd/2000/index.m3u8?msisdn=2025092218004161c96654a5aa435c9d2a38b31f336825&mdspid=&spid=600572&netType=0&sid=5910022198&pid=2028597139&timestamp=20250922180041&Channel_ID=0116_2600000900-99000-201600010010027&ProgramID=630291707&ParentNodeID=-99&assertID=5910022198&client_ip=106.13.250.90&SecurityKey=20250922180041&promotionId=&mvid=5101043014&mcid=500020&playurlVersion=WX-A1-8.9.1-RELEASE&userid=&jmhm=&videocodec=h264&bean=mgspad&tid=android&conFee=0&puData=9ca48fd7817f7c05c6d15d4849e855fc&ddCalcu=c9fce5a2540880ef9d478841d75f17dc60c5, IPv_Type: ipv6, Location: 中国, ISP: 中国移动, Date: None, Delay: -1 ms, Speed: 0.00 M/s, Resolution: None
Name: 辽宁卫视, URL: http://gslbmgsplive.miguvideo.com/wd_r2/2018/ocn/liaoningwshd/2000/index.m3u8?msisdn=20250923180038bebeaafdf3ca402cb3fa1573f0ac7270&mdspid=&spid=600572&netType=0&sid=5910022198&pid=2028597139&timestamp=20250923180038&Channel_ID=0116_2600000900-99000-201600010010027&ProgramID=630291707&ParentNodeID=-99&assertID=5910022198&client_ip=106.13.250.88&SecurityKey=20250923180038&promotionId=&mvid=5101043014&mcid=500020&playurlVersion=WX-A1-8.9.1-RELEASE&userid=&jmhm=&videocodec=h264&bean=mgspad&tid=android&conFee=0&puData=106e84868e10ac76b2ff5530d736607c&ddCalcu=c170e0626e06803478d6083e5150fafc27b6, IPv_Type: ipv6, Location: 中国, ISP: 中国移动, Date: None, Delay: -1 ms, Speed: 0.00 M/s, Resolution: None
Name: 辽宁卫视, URL: http://gslbmgsplive.miguvideo.com/wd_r2/2018/ocn/liaoningwshd/2000/index.m3u8?msisdn=20250924040032510117d9875d45eca324a7cc6126f2fc&mdspid=&spid=600572&netType=0&sid=5910022198&pid=2028597139&timestamp=20250924040032&Channel_ID=0116_2600000900-99000-201600010010027&ProgramID=630291707&ParentNodeID=-99&assertID=5910022198&client_ip=106.13.250.89&SecurityKey=20250924040032&promotionId=&mvid=5101043014&mcid=500020&playurlVersion=WX-A1-8.9.1-RELEASE&userid=&jmhm=&videocodec=h264&bean=mgspad&tid=android&conFee=0&puData=c8f500437ffbd5de3207a3a54fa6e8b0&ddCalcu=0cb8e8f2e50600a0f44357af3fab7d052d3e, IPv_Type: ipv6, Location: 中国, ISP: 中国移动, Date: None, Delay: -1 ms, Speed: 0.00 M/s, Resolution: None
Name: 内蒙古卫视, URL: http://php.jdshipin.com/TVOD/hljyd.php?id=3221225634, IPv_Type: ipv6, Location: 美国, ISP: CloudFlare Inc., Date: None, Delay: -1 ms, Speed: 0.00 M/s, Resolution: None
Name: 内蒙古卫视, URL: http://z.b.bkpcp.top/m.php?id=nmws, IPv_Type: ipv6, Location: 美国, ISP: CloudFlare Inc., Date: None, Delay: -1 ms, Speed: 0.00 M/s, Resolution: None
Name: 内蒙古卫视, URL: http://j.x.bkpcp.top/jx/NMGWS, IPv_Type: ipv6, Location: 美国, ISP: CloudFlare Inc., Date: None, Delay: -1 ms, Speed: 0.00 M/s, Resolution: None
Name: 内蒙古卫视, URL: https://ali-m-l.cztv.com/channels/lantian/channel007/1080p.m3u8, IPv_Type: ipv6, Location: 中国-陕西, ISP: 移动, Date: None, Delay: -1 ms, Speed: 0.00 M/s, Resolution: None
Name: 内蒙古卫视, URL: http://goo.bkpcp.top/mg/nmws, IPv_Type: ipv6, Location: 美国, ISP: CloudFlare Inc., Date: None, Delay: -1 ms, Speed: 0.00 M/s, Resolution: None
Name: 内蒙古卫视, URL: http://[2409:8087:5e01:34::20]:6610/ZTE_CMS/00000001000000060000000000000319/index.m3u8?IAS, IPv_Type: ipv6, Location: 中国, ISP: 中国移动, Date: None, Delay: -1 ms, Speed: 0.00 M/s, Resolution: None
Name: 内蒙古卫视, URL: http://[2409:8087:1e03:21::2]:6060/cms001/ch00000090990000001068/index.m3u8, IPv_Type: ipv6, Location: 中国, ISP: 中国移动, Date: None, Delay: -1 ms, Speed: 0.00 M/s, Resolution: None
Name: 内蒙古卫视, URL: http://[2409:8087:3428:20:500::100f]:6610/PLTV/88888888/224/3221227244/index.m3u8?servicetype=1&IASHttpSessionId=RR423820220409134714119178, IPv_Type: ipv6, Location: 中国, ISP: 中国移动, Date: None, Delay: -1 ms, Speed: 0.00 M/s, Resolution: None
Name: 内蒙古卫视, URL: http://rrs01.hw.gmcc.net:8088/PLTV/81/224/3221226685/1.m3u8, IPv_Type: ipv6, Location: 中国, ISP: 中国移动, Date: None, Delay: -1 ms, Speed: 0.00 M/s, Resolution: None
Name: 内蒙古卫视, URL: http://dsj.motem.top:8880/bptv/10000100000000050000000003887427.m3u8, IPv_Type: ipv6, Location: 美国, ISP: CloudFlare Inc., Date: None, Delay: -1 ms, Speed: 0.00 M/s, Resolution: None
Name: 内蒙古卫视, URL: http://[2409:8087:3428:20:500::100f]:6610/PLTV/88888888/224/3221225846/index.m3u8?servicetype=1&IASHttpSessionId=RR423820220409134714119178, IPv_Type: ipv6, Location: 中国, ISP: 中国移动, Date: None, Delay: -1 ms, Speed: 0.00 M/s, Resolution: None
Name: 内蒙古卫视, URL: http://[2409:8087:3428:20:500::1009]:6610/PLTV/88888888/224/3221225846/index.m3u8?servicetype=1&IASHttpSessionId=RR423820220409134714119178, IPv_Type: ipv6, Location: 中国, ISP: 中国移动, Date: None, Delay: -1 ms, Speed: 0.00 M/s, Resolution: None
Name: 内蒙古卫视, URL: http://[2409:8087:3428:20:500::1009]:6610/PLTV/88888888/224/3221227244/index.m3u8?servicetype=1&IASHttpSessionId=RR423820220409134714119178, IPv_Type: ipv6, Location: 中国, ISP: 中国移动, Date: None, Delay: -1 ms, Speed: 0.00 M/s, Resolution: None
Name: 内蒙古卫视, URL: http://tvbox6.com/tv/bfgd.php?id=110, IPv_Type: ipv6, Location: 美国, ISP: CloudFlare Inc., Date: None, Delay: -1 ms, Speed: 0.00 M/s, Resolution: None
Name: 内蒙古卫视, URL: http://live.catvod.com/catvod.php?id=nmws, IPv_Type: ipv6, Location: 新加坡, ISP: Aceville Pte.Ltd., Date: None, Delay: -1 ms, Speed: 0.00 M/s, Resolution: None
Name: 内蒙古卫视, URL: http://z.b.bkpcp.top/m.php, IPv_Type: ipv6, Location: 美国, ISP: CloudFlare Inc., Date: None, Delay: -1 ms, Speed: 0.00 M/s, Resolution: None
Name: 内蒙古卫视, URL: https://migu.188766.xyz/?migutoken=81c1f17ba8c0c4947ec0132f0a9f7a93&id=neimenggu&type=dy, IPv_Type: ipv6, Location: 美国, ISP: CloudFlare Inc., Date: None, Delay: -1 ms, Speed: 0.00 M/s, Resolution: None
Name: 内蒙古卫视, URL: https://zby.130519.xyz/PLTV/11/224/3221226011/index.m3u8, IPv_Type: ipv6, Location: 美国, ISP: CloudFlare Inc., Date: None, Delay: -1 ms, Speed: 0.00 M/s, Resolution: None
Name: 内蒙古卫视, URL: https://www.nmtv.cn/liveTv?tag=内蒙古卫视, IPv_Type: ipv6, Location: 中国, ISP: 中国联通, Date: None, Delay: -1 ms, Speed: 0.00 M/s, Resolution: None
Name: 宁夏卫视, URL: http://php.jdshipin.com/TVOD/hnyd.php?id=200000001898/460000089800010110, IPv_Type: ipv6, Location: 美国, ISP: CloudFlare Inc., Date: None, Delay: -1 ms, Speed: 0.00 M/s, Resolution: None
Name: 宁夏卫视, URL: http://z.b.bkpcp.top/m.php?id=nxws, IPv_Type: ipv6, Location: 美国, ISP: CloudFlare Inc., Date: None, Delay: -1 ms, Speed: 0.00 M/s, Resolution: None
Name: 宁夏卫视, URL: http://j.x.bkpcp.top/jx/NXWS, IPv_Type: ipv6, Location: 美国, ISP: CloudFlare Inc., Date: None, Delay: -1 ms, Speed: 0.00 M/s, Resolution: None
Name: 宁夏卫视, URL: http://goo.bkpcp.top/mg/nxws, IPv_Type: ipv6, Location: 美国, ISP: CloudFlare Inc., Date: None, Delay: -1 ms, Speed: 0.00 M/s, Resolution: None
Name: 宁夏卫视, URL: http://[2409:8087:3869:8021:1001::e5]:6610/PLTV/88888888/224/3221225726/2/index.m3u8, IPv_Type: ipv6, Location: 中国, ISP: 中国移动, Date: None, Delay: -1 ms, Speed: 0.00 M/s, Resolution: None
Name: 宁夏卫视, URL: http://[2409:8087:5e01:34::20]:6610/ZTE_CMS/00000001000000060000000000000309/index.m3u8?IAS, IPv_Type: ipv6, Location: 中国, ISP: 中国移动, Date: None, Delay: -1 ms, Speed: 0.00 M/s, Resolution: None
Name: 宁夏卫视, URL: http://[2409:8087:1e03:21::2]:6060/cms001/ch00000090990000001074/index.m3u8, IPv_Type: ipv6, Location: 中国, ISP: 中国移动, Date: None, Delay: -1 ms, Speed: 0.00 M/s, Resolution: None
Name: 宁夏卫视, URL: http://iptv.huuc.edu.cn/hls/nxtv.m3u8, IPv_Type: ipv6, Location: 中国, ISP: 教育网, Date: None, Delay: -1 ms, Speed: 0.00 M/s, Resolution: None
Name: 宁夏卫视, URL: http://[2409:8087:3869:8021:1001::e5]:6610/PLTV/88888910/224/3221225484/index.m3u8?fmt=ts2hls, IPv_Type: ipv6, Location: 中国, ISP: 中国移动, Date: None, Delay: -1 ms, Speed: 0.00 M/s, Resolution: None
Name: 宁夏卫视, URL: http://[2409:8087:3428:20:500::100f]:6610/PLTV/88888888/224/3221225849/index.m3u8?servicetype=1&IASHttpSessionId=RR423820220409134714119178, IPv_Type: ipv6, Location: 中国, ISP: 中国移动, Date: None, Delay: -1 ms, Speed: 0.00 M/s, Resolution: None
Name: 宁夏卫视, URL: http://dsj.motem.top:8880/bptv/10000100000000050000000003887433.m3u8, IPv_Type: ipv6, Location: 美国, ISP: CloudFlare Inc., Date: None, Delay: -1 ms, Speed: 0.00 M/s, Resolution: None
Name: 宁夏卫视, URL: http://[2409:8087:3428:20:500::1009]:6610/PLTV/88888888/224/3221227254/index.m3u8?servicetype=1&IASHttpSessionId=RR423820220409134714119178, IPv_Type: ipv6, Location: 中国, ISP: 中国移动, Date: None, Delay: -1 ms, Speed: 0.00 M/s, Resolution: None
Name: 宁夏卫视, URL: http://[2409:8087:3428:20:500::100f]:6610/PLTV/88888888/224/3221227254/index.m3u8?servicetype=1&IASHttpSessionId=RR423820220409134714119178, IPv_Type: ipv6, Location: 中国, ISP: 中国移动, Date: None, Delay: -1 ms, Speed: 0.00 M/s, Resolution: None
Name: 宁夏卫视, URL: http://wouu.net:9977/udp/239.93.0.247:5140, IPv_Type: ipv6, Location: 保留地址, ISP: 主机之间的链路本地地址, Date: None, Delay: -1 ms, Speed: 0.00 M/s, Resolution: None
Name: 宁夏卫视, URL: http://tvbox6.com/tv/bfgd.php?id=118, IPv_Type: ipv6, Location: 美国, ISP: CloudFlare Inc., Date: None, Delay: -1 ms, Speed: 0.00 M/s, Resolution: None
Name: 宁夏卫视, URL: http://live.catvod.com/catvod.php?id=nxws, IPv_Type: ipv6, Location: 新加坡, ISP: Aceville Pte.Ltd., Date: None, Delay: -1 ms, Speed: 0.00 M/s, Resolution: None
Name: 宁夏卫视, URL: https://migu.188766.xyz/?migutoken=a3b7a7683510f72e40c43179ce32110b&id=nxws&type=dy, IPv_Type: ipv6, Location: 美国, ISP: CloudFlare Inc., Date: None, Delay: -1 ms, Speed: 0.00 M/s, Resolution: None
Name: 宁夏卫视, URL: http://z.b.bkpcp.top/m.php, IPv_Type: ipv6, Location: 美国, ISP: CloudFlare Inc., Date: None, Delay: -1 ms, Speed: 0.00 M/s, Resolution: None
Name: 宁夏卫视, URL: https://migu.188766.xyz/?migutoken=a97817df7c16669cab2692a081a0bbba&id=linxws&type=dy, IPv_Type: ipv6, Location: 美国, ISP: CloudFlare Inc., Date: None, Delay: -1 ms, Speed: 0.00 M/s, Resolution: None
Name: 宁夏卫视, URL: https://zby.130519.xyz/PLTV/11/224/3221226092/index.m3u8, IPv_Type: ipv6, Location: 美国, ISP: CloudFlare Inc., Date: None, Delay: -1 ms, Speed: 0.00 M/s, Resolution: None
Name: 青海卫视, URL: http://php.jdshipin.com/TVOD/hnyd.php?id=200000001898/460000089800010111, IPv_Type: ipv6, Location: 美国, ISP: CloudFlare Inc., Date: None, Delay: -1 ms, Speed: 0.00 M/s, Resolution: None
Name: 青海卫视, URL: http://z.b.bkpcp.top/m.php?id=qhws, IPv_Type: ipv6, Location: 美国, ISP: CloudFlare Inc., Date: None, Delay: -1 ms, Speed: 0.00 M/s, Resolution: None
Name: 青海卫视, URL: http://j.x.bkpcp.top/jx/QHWS, IPv_Type: ipv6, Location: 美国, ISP: CloudFlare Inc., Date: None, Delay: -1 ms, Speed: 0.00 M/s, Resolution: None
Name: 青海卫视, URL: http://goo.bkpcp.top/mg/qhws, IPv_Type: ipv6, Location: 美国, ISP: CloudFlare Inc., Date: None, Delay: -1 ms, Speed: 0.00 M/s, Resolution: None
Name: 青海卫视, URL: http://[2409:8087:74f0:22::5]:6410/270000001128/9900000042/index.m3u8, IPv_Type: ipv6, Location: 中国, ISP: 中国移动, Date: None, Delay: -1 ms, Speed: 0.00 M/s, Resolution: None
Name: 青海卫视, URL: http://[2409:8087:5e00:24::1e]:6060/200000001898/460000089800010111/1.m3u8, IPv_Type: ipv6, Location: 中国, ISP: 中国移动, Date: None, Delay: -1 ms, Speed: 0.00 M/s, Resolution: None
Name: 青海卫视, URL: http://[2409:8087:3869:8021:1001::e5]:6610/PLTV/88888888/224/3221225727/2/index.m3u8, IPv_Type: ipv6, Location: 中国, ISP: 中国移动, Date: None, Delay: -1 ms, Speed: 0.00 M/s, Resolution: None
Name: 青海卫视, URL: http://[2409:8087:1e03:21::2]:6060/cms001/ch00000090990000001082/index.m3u8, IPv_Type: ipv6, Location: 中国, ISP: 中国移动, Date: None, Delay: -1 ms, Speed: 0.00 M/s, Resolution: None
Name: 青海卫视, URL: http://[2409:8087:3428:20:500::100f]:6610/PLTV/88888888/224/3221227119/index.m3u8?servicetype=1&IASHttpSessionId=RR423820220409134714119178, IPv_Type: ipv6, Location: 中国, ISP: 中国移动, Date: None, Delay: -1 ms, Speed: 0.00 M/s, Resolution: None
Name: 青海卫视, URL: http://iptv.huuc.edu.cn/hls/qhtv.m3u8, IPv_Type: ipv6, Location: 中国, ISP: 教育网, Date: None, Delay: -1 ms, Speed: 0.00 M/s, Resolution: None
Name: 青海卫视, URL: http://yc.myds.me:35455/itv/1000000002000013359.m3u8?cdn=ystenlive, IPv_Type: ipv6, Location: 中国, ISP: 中国电信, Date: None, Delay: -1 ms, Speed: 0.00 M/s, Resolution: None
Name: 青海卫视, URL: http://nas.suntao.online:35455/itv/1000000002000013359.m3u8?cdn=ystenlive, IPv_Type: ipv6, Location: 中国, ISP: 中国联通, Date: None, Delay: -1 ms, Speed: 0.00 M/s, Resolution: None
Name: 青海卫视, URL: http://rrs01.hw.gmcc.net:8088/PLTV/81/224/3221226696/1.m3u8, IPv_Type: ipv6, Location: 中国, ISP: 中国移动, Date: None, Delay: -1 ms, Speed: 0.00 M/s, Resolution: None
Name: 青海卫视, URL: http://dsj.motem.top:8880/bptv/10000100000000050000000003887430.m3u8, IPv_Type: ipv6, Location: 美国, ISP: CloudFlare Inc., Date: None, Delay: -1 ms, Speed: 0.00 M/s, Resolution: None
Name: 青海卫视, URL: http://[2409:8087:3428:20:500::100f]:6610/PLTV/88888888/224/3221225841/index.m3u8?servicetype=1&IASHttpSessionId=RR423820220409134714119178, IPv_Type: ipv6, Location: 中国, ISP: 中国移动, Date: None, Delay: -1 ms, Speed: 0.00 M/s, Resolution: None
Name: 青海卫视, URL: http://[2409:8087:3428:20:500::1009]:6610/PLTV/88888888/224/3221227119/index.m3u8?servicetype=1&IASHttpSessionId=RR423820220409134714119178, IPv_Type: ipv6, Location: 中国, ISP: 中国移动, Date: None, Delay: -1 ms, Speed: 0.00 M/s, Resolution: None
Name: 青海卫视, URL: http://wouu.net:9977/udp/239.93.0.192:5140, IPv_Type: ipv6, Location: 保留地址, ISP: 主机之间的链路本地地址, Date: None, Delay: -1 ms, Speed: 0.00 M/s, Resolution: None
Name: 青海卫视, URL: http://lu.wqwqwq.sbs/itv/1000000002000013359.m3u8?cdn=ystenlive, IPv_Type: ipv6, Location: 美国, ISP: CloudFlare Inc., Date: None, Delay: -1 ms, Speed: 0.00 M/s, Resolution: None
Name: 青海卫视, URL: http://tvbox6.com/tv/bfgd.php?id=111, IPv_Type: ipv6, Location: 美国, ISP: CloudFlare Inc., Date: None, Delay: -1 ms, Speed: 0.00 M/s, Resolution: None
Name: 青海卫视, URL: https://hls-gateway.vpstv.net/streams/708825.m3u8, IPv_Type: ipv6, Location: 美国, ISP: CloudFlare Inc., Date: None, Delay: -1 ms, Speed: 0.00 M/s, Resolution: None
Name: 青海卫视, URL: https://migu.188766.xyz/?migutoken=c17ed6c28544e15c4e7c1bcaf2bc659e&id=qhws&type=dy, IPv_Type: ipv6, Location: 美国, ISP: CloudFlare Inc., Date: None, Delay: -1 ms, Speed: 0.00 M/s, Resolution: None
Name: 青海卫视, URL: https://migu.188766.xyz/?migutoken=a3fc3ba3a770cb2b01f5d2ec94555001&id=qhws&type=dy, IPv_Type: ipv6, Location: 美国, ISP: CloudFlare Inc., Date: None, Delay: -1 ms, Speed: 0.00 M/s, Resolution: None
Name: 青海卫视, URL: http://z.b.bkpcp.top/m.php, IPv_Type: ipv6, Location: 美国, ISP: CloudFlare Inc., Date: None, Delay: -1 ms, Speed: 0.00 M/s, Resolution: None
Name: 青海卫视, URL: http://gf.you123.fun:35455/itv/1000000002000013359.m3u8?cdn=ystenlive, IPv_Type: ipv6, Location: 中国, ISP: 中国电信, Date: None, Delay: -1 ms, Speed: 0.00 M/s, Resolution: None
Name: 青海卫视, URL: https://migu.188766.xyz/?migutoken=525a82adc52217d696fc6cb6a486bd02&id=qhws&type=dy, IPv_Type: ipv6, Location: 美国, ISP: CloudFlare Inc., Date: None, Delay: -1 ms, Speed: 0.00 M/s, Resolution: None
Name: 青海卫视, URL: https://migu.188766.xyz/?migutoken=a1533cfa4ed9955e1d56ceb79d176a5c&id=qhws&type=sz, IPv_Type: ipv6, Location: 美国, ISP: CloudFlare Inc., Date: None, Delay: -1 ms, Speed: 0.00 M/s, Resolution: None
Name: 青海卫视, URL: https://migu.188766.xyz/?migutoken=94c00390176a93148fa689acb9bbbd6f&id=qhws&type=sz, IPv_Type: ipv6, Location: 美国, ISP: CloudFlare Inc., Date: None, Delay: -1 ms, Speed: 0.00 M/s, Resolution: None
Name: 青海卫视, URL: https://migu.188766.xyz/?migutoken=ba679fe9aa0aa2a3484e8bf1a334d8e5&id=qhws&type=sz, IPv_Type: ipv6, Location: 美国, ISP: CloudFlare Inc., Date: None, Delay: -1 ms, Speed: 0.00 M/s, Resolution: None
Name: 青海卫视, URL: https://migu.188766.xyz/?migutoken=b2fcb8b05c77ad4575e5d21c34a472f1&id=qhws&type=sz, IPv_Type: ipv6, Location: 美国, ISP: CloudFlare Inc., Date: None, Delay: -1 ms, Speed: 0.00 M/s, Resolution: None
Name: 青海卫视, URL: https://migu.188766.xyz/?migutoken=70ff67f022d2d6630a6519769588d109&id=qhws&type=sz, IPv_Type: ipv6, Location: 美国, ISP: CloudFlare Inc., Date: None, Delay: -1 ms, Speed: 0.00 M/s, Resolution: None
Name: 青海卫视, URL: http://gslbmgsplive.miguvideo.com/envivo_w/2018/SD/qinghai/1000/index.m3u8?msisdn=202509190400391ba8058e7458476fb5aaddd4dc9d672b&mdspid=&spid=600633&netType=0&sid=5910022166&pid=2028597139&timestamp=20250919040039&Channel_ID=0116_2600000900-99000-201600010010027&ProgramID=947472506&ParentNodeID=-99&assertID=5910022166&client_ip=106.13.250.89&SecurityKey=20250919040039&promotionId=&mvid=5900004353&mcid=500020&playurlVersion=WX-A1-8.9.1-RELEASE&userid=&jmhm=&videocodec=h264&bean=mgspad&tid=android&conFee=0&puData=ef518a6c6e2cd6d04699fc56e7bc7fec&ddCalcu=ceefef51717c80ba76ec665ec2fc9d966d40, IPv_Type: ipv6, Location: 中国, ISP: 中国移动, Date: None, Delay: -1 ms, Speed: 0.00 M/s, Resolution: None
Name: 青海卫视, URL: http://gslbmgsplive.miguvideo.com/envivo_w/2018/SD/qinghai/1000/index.m3u8?msisdn=20250919160038531657bed3a94bcf9d1196bf1dbeef1b&mdspid=&spid=600633&netType=0&sid=5910022166&pid=2028597139&timestamp=20250919160038&Channel_ID=0116_2600000900-99000-201600010010027&ProgramID=947472506&ParentNodeID=-99&assertID=5910022166&client_ip=106.13.250.89&SecurityKey=20250919160038&promotionId=&mvid=5900004353&mcid=500020&playurlVersion=WX-A1-8.9.1-RELEASE&userid=&jmhm=&videocodec=h264&bean=mgspad&tid=android&conFee=0&puData=bb7e6cbcbabbd5ee6ef3f8a519128960&ddCalcu=0b6be9718e72601c9b1c5baa8bfb3df5ee6e, IPv_Type: ipv6, Location: 中国, ISP: 中国移动, Date: None, Delay: -1 ms, Speed: 0.00 M/s, Resolution: None
Name: 青海卫视, URL: http://gslbmgsplive.miguvideo.com/envivo_w/2018/SD/qinghai/1000/index.m3u8?msisdn=202509200400425b1ec17c6bcc4cdbaf3b0350868b4880&mdspid=&spid=600633&netType=0&sid=5910022166&pid=2028597139&timestamp=20250920040042&Channel_ID=0116_2600000900-99000-201600010010027&ProgramID=947472506&ParentNodeID=-99&assertID=5910022166&client_ip=106.13.250.83&SecurityKey=20250920040042&promotionId=&mvid=5900004353&mcid=500020&playurlVersion=WX-A1-8.9.1-RELEASE&userid=&jmhm=&videocodec=h264&bean=mgspad&tid=android&conFee=0&puData=adad3be99ea0288a4d3f59efd8acd3db&ddCalcu=badde3a1dd7c30ab8ed9f9ee9a50f238d84a, IPv_Type: ipv6, Location: 中国, ISP: 中国移动, Date: None, Delay: -1 ms, Speed: 0.00 M/s, Resolution: None
Name: 青海卫视, URL: http://gslbmgsplive.miguvideo.com/envivo_w/2018/SD/qinghai/1000/index.m3u8?msisdn=20250920160036513333b0379244549d62c4bb9df4abb5&mdspid=&spid=600633&netType=0&sid=5910022166&pid=2028597139&timestamp=20250920160036&Channel_ID=0116_2600000900-99000-201600010010027&ProgramID=947472506&ParentNodeID=-99&assertID=5910022166&client_ip=106.13.250.90&SecurityKey=20250920160036&promotionId=&mvid=5900004353&mcid=500020&playurlVersion=WX-A1-8.9.1-RELEASE&userid=&jmhm=&videocodec=h264&bean=mgspad&tid=android&conFee=0&puData=8436bd74f3876e591d0daadfc6199333&ddCalcu=3834e3329679b01d67c4ffd3a8a7d60ed519, IPv_Type: ipv6, Location: 中国, ISP: 中国移动, Date: None, Delay: -1 ms, Speed: 0.00 M/s, Resolution: None
Name: 青海卫视, URL: http://gslbmgsplive.miguvideo.com/envivo_w/2018/SD/qinghai/1000/index.m3u8?msisdn=202509210600374b4fc1f5684e406188b94e9d58a9b603&mdspid=&spid=600633&netType=0&sid=5910022166&pid=2028597139&timestamp=20250921060037&Channel_ID=0116_2600000900-99000-201600010010027&ProgramID=947472506&ParentNodeID=-99&assertID=5910022166&client_ip=106.13.250.88&SecurityKey=20250921060037&promotionId=&mvid=5900004353&mcid=500020&playurlVersion=WX-A1-8.9.1-RELEASE&userid=&jmhm=&videocodec=h264&bean=mgspad&tid=android&conFee=0&puData=71c82ec3cbdac3cdff81d74d1ae54a6f&ddCalcu=f761eac2487520eeac13dc4b7dda1c83fcfd, IPv_Type: ipv6, Location: 中国, ISP: 中国移动, Date: None, Delay: -1 ms, Speed: 0.00 M/s, Resolution: None
Name: 青海卫视, URL: http://gslbmgsplive.miguvideo.com/envivo_w/2018/SD/qinghai/1000/index.m3u8?msisdn=202509211800367736e11a673440389e43e6ea66ff0d71&mdspid=&spid=600633&netType=0&sid=5910022166&pid=2028597139&timestamp=20250921180036&Channel_ID=0116_2600000900-99000-201600010010027&ProgramID=947472506&ParentNodeID=-99&assertID=5910022166&client_ip=106.13.250.89&SecurityKey=20250921180036&promotionId=&mvid=5900004353&mcid=500020&playurlVersion=WX-A1-8.9.1-RELEASE&userid=&jmhm=&videocodec=h264&bean=mgspad&tid=android&conFee=0&puData=075150a1843454110c4cd823459e642f&ddCalcu=f027e452617e50905a41382483d4c544c101, IPv_Type: ipv6, Location: 中国, ISP: 中国移动, Date: None, Delay: -1 ms, Speed: 0.00 M/s, Resolution: None
Name: 青海卫视, URL: http://gslbmgsplive.miguvideo.com/envivo_w/2018/SD/qinghai/1000/index.m3u8?msisdn=20250922060032eb314e478a4949f48cdae2c7e5e98842&mdspid=&spid=600633&netType=0&sid=5910022166&pid=2028597139&timestamp=20250922060032&Channel_ID=0116_2600000900-99000-201600010010027&ProgramID=947472506&ParentNodeID=-99&assertID=5910022166&client_ip=106.13.250.89&SecurityKey=20250922060032&promotionId=&mvid=5900004353&mcid=500020&playurlVersion=WX-A1-8.9.1-RELEASE&userid=&jmhm=&videocodec=h264&bean=mgspad&tid=android&conFee=0&puData=7af471efed0565b46083cc1cb4d2ef5c&ddCalcu=c75aeff2e47270d14ebfce1dc0c536850b64, IPv_Type: ipv6, Location: 中国, ISP: 中国移动, Date: None, Delay: -1 ms, Speed: 0.00 M/s, Resolution: None
Name: 青海卫视, URL: http://gslbmgsplive.miguvideo.com/envivo_w/2018/SD/qinghai/1000/index.m3u8?msisdn=2025092218004168946899f52f45bb9fd0a2252f6b6e6d&mdspid=&spid=600633&netType=0&sid=5910022166&pid=2028597139&timestamp=20250922180041&Channel_ID=0116_2600000900-99000-201600010010027&ProgramID=947472506&ParentNodeID=-99&assertID=5910022166&client_ip=106.13.250.90&SecurityKey=20250922180041&promotionId=&mvid=5900004353&mcid=500020&playurlVersion=WX-A1-8.9.1-RELEASE&userid=&jmhm=&videocodec=h264&bean=mgspad&tid=android&conFee=0&puData=6b85a8afa17e25ff33ea9766b36eea36&ddCalcu=663bea82e57ea0683abf6a61779ea2e53f3f, IPv_Type: ipv6, Location: 中国, ISP: 中国移动, Date: None, Delay: -1 ms, Speed: 0.00 M/s, Resolution: None
Name: 青海卫视, URL: http://gslbmgsplive.miguvideo.com/envivo_w/2018/SD/qinghai/1000/index.m3u8?msisdn=20250923180037bb94eb1d87444ca3a01b3594d189eac7&mdspid=&spid=600633&netType=0&sid=5910022166&pid=2028597139&timestamp=20250923180037&Channel_ID=0116_2600000900-99000-201600010010027&ProgramID=947472506&ParentNodeID=-99&assertID=5910022166&client_ip=106.13.250.88&SecurityKey=20250923180037&promotionId=&mvid=5900004353&mcid=500020&playurlVersion=WX-A1-8.9.1-RELEASE&userid=&jmhm=&videocodec=h264&bean=mgspad&tid=android&conFee=0&puData=5f78e5c86743bcf66f93bca8a2966d59&ddCalcu=955fed726876e0952ca886a7c4b33b9cff66, IPv_Type: ipv6, Location: 中国, ISP: 中国移动, Date: None, Delay: -1 ms, Speed: 0.00 M/s, Resolution: None
Name: 青海卫视, URL: http://gslbmgsplive.miguvideo.com/envivo_w/2018/SD/qinghai/1000/index.m3u8?msisdn=20250924040031948006c4f7784112a6a78f2800125e92&mdspid=&spid=600633&netType=0&sid=5910022166&pid=2028597139&timestamp=20250924040031&Channel_ID=0116_2600000900-99000-201600010010027&ProgramID=947472506&ParentNodeID=-99&assertID=5910022166&client_ip=106.13.250.89&SecurityKey=20250924040031&promotionId=&mvid=5900004353&mcid=500020&playurlVersion=WX-A1-8.9.1-RELEASE&userid=&jmhm=&videocodec=h264&bean=mgspad&tid=android&conFee=0&puData=7e0e881b8b6a656be598289dd93d9e87&ddCalcu=778eee029e7d803891dbd89b862a869556eb, IPv_Type: ipv6, Location: 中国, ISP: 中国移动, Date: None, Delay: -1 ms, Speed: 0.00 M/s, Resolution: None
Name: 山东卫视, URL: http://php.jdshipin.com/TVOD/hnyd.php?id=200000001898/460000089800010066, IPv_Type: ipv6, Location: 美国, ISP: CloudFlare Inc., Date: None, Delay: -1 ms, Speed: 0.00 M/s, Resolution: None
Name: 山东卫视, URL: http://z.b.bkpcp.top/m.php?id=sdws, IPv_Type: ipv6, Location: 美国, ISP: CloudFlare Inc., Date: None, Delay: -1 ms, Speed: 0.00 M/s, Resolution: None
Name: 山东卫视, URL: http://j.x.bkpcp.top/jx/SHANDHD, IPv_Type: ipv6, Location: 美国, ISP: CloudFlare Inc., Date: None, Delay: -1 ms, Speed: 0.00 M/s, Resolution: None
Name: 山东卫视, URL: http://l.cztvcloud.com/channels/lantian/SXshengzhou1/720p.m3u8, IPv_Type: ipv6, Location: 中国-上海-上海, ISP: 电信, Date: None, Delay: -1 ms, Speed: 0.00 M/s, Resolution: None
Name: 山东卫视, URL: http://[2409:8087:74f0:22::5]:6410/270000001128/9900000527/index.m3u8, IPv_Type: ipv6, Location: 中国, ISP: 中国移动, Date: None, Delay: -1 ms, Speed: 0.00 M/s, Resolution: None
Name: 山东卫视, URL: http://iptv.huuc.edu.cn/hls/sdhd.m3u8, IPv_Type: ipv6, Location: 中国, ISP: 教育网, Date: None, Delay: -1 ms, Speed: 0.00 M/s, Resolution: None
Name: 山东卫视, URL: http://yc.myds.me:35455/itv/1000000001000016568.m3u8?cdn=ystenlive, IPv_Type: ipv6, Location: 中国, ISP: 中国电信, Date: None, Delay: -1 ms, Speed: 0.00 M/s, Resolution: None
Name: 山东卫视, URL: http://nas.suntao.online:35455/itv/1000000001000016568.m3u8?cdn=ystenlive, IPv_Type: ipv6, Location: 中国, ISP: 中国联通, Date: None, Delay: -1 ms, Speed: 0.00 M/s, Resolution: None
Name: 山东卫视, URL: http://rrs01.hw.gmcc.net:8088/PLTV/81/224/3221226693/1.m3u8, IPv_Type: ipv6, Location: 中国, ISP: 中国移动, Date: None, Delay: -1 ms, Speed: 0.00 M/s, Resolution: None
Name: 山东卫视, URL: http://[2409:8087:5e00:24::1e]:6060/200000001898/460000089800010066/1.m3u8, IPv_Type: ipv6, Location: 中国, ISP: 中国移动, Date: None, Delay: -1 ms, Speed: 0.00 M/s, Resolution: None
Name: 山东卫视, URL: http://[2409:8087:3869:8021:1001::e5]:6610/PLTV/88888888/224/3221225738/2/index.m3u8, IPv_Type: ipv6, Location: 中国, ISP: 中国移动, Date: None, Delay: -1 ms, Speed: 0.00 M/s, Resolution: None
Name: 山东卫视, URL: http://dsj.motem.top:8880/bptv/10000100000000050000000003873467.m3u8, IPv_Type: ipv6, Location: 美国, ISP: CloudFlare Inc., Date: None, Delay: -1 ms, Speed: 0.00 M/s, Resolution: None
Name: 山东卫视, URL: http://[2409:8087:3869:8021:1001::e5]:6610/PLTV/88888888/224/3221225484/2/index.m3u8, IPv_Type: ipv6, Location: 中国, ISP: 中国移动, Date: None, Delay: -1 ms, Speed: 0.00 M/s, Resolution: None
Name: 山东卫视, URL: http://lu.wqwqwq.sbs/itv/1000000005000265019.m3u8?cdn=ystenlive, IPv_Type: ipv6, Location: 美国, ISP: CloudFlare Inc., Date: None, Delay: -1 ms, Speed: 0.00 M/s, Resolution: None
Name: 山东卫视, URL: http://wouu.net:9977/udp/239.93.0.168:5140, IPv_Type: ipv6, Location: 保留地址, ISP: 主机之间的链路本地地址, Date: None, Delay: -1 ms, Speed: 0.00 M/s, Resolution: None
Name: 山东卫视, URL: http://tvbox6.com/tv/bfgd.php?id=099, IPv_Type: ipv6, Location: 美国, ISP: CloudFlare Inc., Date: None, Delay: -1 ms, Speed: 0.00 M/s, Resolution: None
Name: 山东卫视, URL: http://alvin.ergotron.net:8000/udp/239.77.1.142:5146, IPv_Type: ipv6, Location: 中国, ISP: 中国电信, Date: None, Delay: -1 ms, Speed: 0.00 M/s, Resolution: None
Name: 山东卫视, URL: http://gf.you123.fun:35455/itv/1000000005000265019.m3u8?cdn=ystenlive, IPv_Type: ipv6, Location: 中国, ISP: 中国电信, Date: None, Delay: -1 ms, Speed: 0.00 M/s, Resolution: None
Name: 山东卫视, URL: https://hls-gateway.vpstv.net/streams/708860.m3u8, IPv_Type: ipv6, Location: 美国, ISP: CloudFlare Inc., Date: None, Delay: -1 ms, Speed: 0.00 M/s, Resolution: None
Name: 山西卫视, URL: http://php.jdshipin.com/TVOD/hnyd.php?id=200000001898/460000089800010114, IPv_Type: ipv6, Location: 美国, ISP: CloudFlare Inc., Date: None, Delay: -1 ms, Speed: 0.00 M/s, Resolution: None
Name: 山西卫视, URL: http://j.x.bkpcp.top/jx/SXWS, IPv_Type: ipv6, Location: 美国, ISP: CloudFlare Inc., Date: None, Delay: -1 ms, Speed: 0.00 M/s, Resolution: None
Name: 山西卫视, URL: http://rrs01.hw.gmcc.net:8088/PLTV/81/224/3221226704/1.m3u8, IPv_Type: ipv6, Location: 中国, ISP: 中国移动, Date: None, Delay: -1 ms, Speed: 0.00 M/s, Resolution: None
Name: 山西卫视, URL: http://m3u8.channel.wsrtv.com.cn/cms/videos/nmip-media/channellive/channel7/playlist.m3u8, IPv_Type: ipv6, Location: 中国, ISP: 中国电信, Date: None, Delay: -1 ms, Speed: 0.00 M/s, Resolution: None
Name: 山西卫视, URL: http://dsj.motem.top:8880/bptv/10000100000000050000000003887413.m3u8, IPv_Type: ipv6, Location: 美国, ISP: CloudFlare Inc., Date: None, Delay: -1 ms, Speed: 0.00 M/s, Resolution: None
Name: 山西卫视, URL: https://live.lalifeier.eu.org/sxrtv/sxws.m3u8?t=1746292937&key=8097fcc15ecf55c37b8908da7be2be63, IPv_Type: ipv6, Location: 美国, ISP: CloudFlare Inc., Date: None, Delay: -1 ms, Speed: 0.00 M/s, Resolution: None
Name: 山西卫视, URL: http://[2409:8087:3869:8021:1001::e5]:6610/PLTV/88888888/224/3221225730/2/index.m3u8, IPv_Type: ipv6, Location: 中国, ISP: 中国移动, Date: None, Delay: -1 ms, Speed: 0.00 M/s, Resolution: None
Name: 山西卫视, URL: http://tvh.990066.xyz/stream/channelid/1471091960?profile=pass, IPv_Type: ipv6, Location: 美国, ISP: CloudFlare Inc., Date: None, Delay: -1 ms, Speed: 0.00 M/s, Resolution: None
Name: 山西卫视, URL: http://tv.scjyhd.com:4022/udp/239.11.0.32:5140, IPv_Type: ipv6, Location: 中国, ISP: 中国移动, Date: None, Delay: -1 ms, Speed: 0.00 M/s, Resolution: None
Name: 山西卫视, URL: https://live.lalifeier.eu.org/sxrtv/sxws.m3u8?t=1746307365&key=3eeaa00e3276abf097ceb1bb753ca265, IPv_Type: ipv6, Location: 美国, ISP: CloudFlare Inc., Date: None, Delay: -1 ms, Speed: 0.00 M/s, Resolution: None
Name: 山西卫视, URL: http://tv.cqshushu.ggff.net:2086/jzb.php, IPv_Type: ipv6, Location: 美国, ISP: CloudFlare Inc., Date: None, Delay: -1 ms, Speed: 0.00 M/s, Resolution: None
Name: 山西卫视, URL: http://[2409:8087:74d9:21::6]/270000001128/9900000053/index.m3u8, IPv_Type: ipv6, Location: 中国, ISP: 中国移动, Date: None, Delay: -1 ms, Speed: 0.00 M/s, Resolution: None
Name: 山西卫视, URL: http://[2409:8087:5e08:24::2]:6610/000000001000/1000000002000021220/1.m3u8, IPv_Type: ipv6, Location: 中国, ISP: 中国移动, Date: None, Delay: -1 ms, Speed: 0.00 M/s, Resolution: None
Name: 山西卫视, URL: https://migu.188766.xyz/?migutoken=82053423a9ed3d839fbe6f76293c82fb&id=sxws&type=dy, IPv_Type: ipv6, Location: 美国, ISP: CloudFlare Inc., Date: None, Delay: -1 ms, Speed: 0.00 M/s, Resolution: None
Name: 山西卫视, URL: https://migu.188766.xyz/?migutoken=7d38147101b9d2af4367e57beee7ec5f&id=sxws&type=dy, IPv_Type: ipv6, Location: 美国, ISP: CloudFlare Inc., Date: None, Delay: -1 ms, Speed: 0.00 M/s, Resolution: None
Name: 山西卫视, URL: https://migu.188766.xyz/?migutoken=d820d6fffb9fb2bd3acd3361183742cd&id=sxws&type=dy, IPv_Type: ipv6, Location: 美国, ISP: CloudFlare Inc., Date: None, Delay: -1 ms, Speed: 0.00 M/s, Resolution: None
Name: 山西卫视, URL: https://migu.188766.xyz/?migutoken=e07338b353ed3fccf978e65460e7caad&id=sxws&type=dy, IPv_Type: ipv6, Location: 美国, ISP: CloudFlare Inc., Date: None, Delay: -1 ms, Speed: 0.00 M/s, Resolution: None
Name: 山西卫视, URL: https://migu.188766.xyz/?migutoken=055b73e7ddb367686225bea9429105be&id=sxws&type=sz, IPv_Type: ipv6, Location: 美国, ISP: CloudFlare Inc., Date: None, Delay: -1 ms, Speed: 0.00 M/s, Resolution: None
Name: 山西卫视, URL: https://migu.188766.xyz/?migutoken=be9c19908a88d27382520e995c3d572d&id=sxws&type=sz, IPv_Type: ipv6, Location: 美国, ISP: CloudFlare Inc., Date: None, Delay: -1 ms, Speed: 0.00 M/s, Resolution: None
Name: 山西卫视, URL: https://migu.188766.xyz/?migutoken=9faf907db74d8d309a63ba614306183a&id=sxws&type=sz, IPv_Type: ipv6, Location: 美国, ISP: CloudFlare Inc., Date: None, Delay: -1 ms, Speed: 0.00 M/s, Resolution: None
Name: 山西卫视, URL: https://migu.188766.xyz/?migutoken=d19a8a8696d302bfe8594ddd13df0033&id=sxws&type=sz, IPv_Type: ipv6, Location: 美国, ISP: CloudFlare Inc., Date: None, Delay: -1 ms, Speed: 0.00 M/s, Resolution: None
Name: 山西卫视, URL: https://migu.188766.xyz/?migutoken=90e3d7ea800dbcb31343f75f04470832&id=sxws&type=sz, IPv_Type: ipv6, Location: 美国, ISP: CloudFlare Inc., Date: None, Delay: -1 ms, Speed: 0.00 M/s, Resolution: None
Name: 山西卫视, URL: http://cc02.tv12.xyz/8.m3u8, IPv_Type: ipv6, Location: 美国, ISP: CloudFlare Inc., Date: None, Delay: -1 ms, Speed: 0.00 M/s, Resolution: None
Name: 陕西卫视, URL: http://php.jdshipin.com/TVOD/hnyd.php?id=200000001898/460000089800010113, IPv_Type: ipv6, Location: 美国, ISP: CloudFlare Inc., Date: None, Delay: -1 ms, Speed: 0.00 M/s, Resolution: None
Name: 陕西卫视, URL: http://z.b.bkpcp.top/m.php?id=sxws, IPv_Type: ipv6, Location: 美国, ISP: CloudFlare Inc., Date: None, Delay: -1 ms, Speed: 0.00 M/s, Resolution: None
Name: 陕西卫视, URL: http://gat.bkpcp.top/ymg.php?id=sxws, IPv_Type: ipv6, Location: 美国, ISP: CloudFlare Inc., Date: None, Delay: -1 ms, Speed: 0.00 M/s, Resolution: None
Name: 陕西卫视, URL: http://goo.bkpcp.top/mg/sxws, IPv_Type: ipv6, Location: 美国, ISP: CloudFlare Inc., Date: None, Delay: -1 ms, Speed: 0.00 M/s, Resolution: None
Name: 陕西卫视, URL: http://hlsbkmgsplive.miguvideo.com/migu/kailu/shan3xiws/57/20220809/index.m3u8, IPv_Type: ipv6, Location: 中国, ISP: 中国移动, Date: None, Delay: -1 ms, Speed: 0.00 M/s, Resolution: None
Name: 陕西卫视, URL: http://rrs01.hw.gmcc.net:8088/PLTV/81/224/3221226707/1.m3u8, IPv_Type: ipv6, Location: 中国, ISP: 中国移动, Date: None, Delay: -1 ms, Speed: 0.00 M/s, Resolution: None
Name: 陕西卫视, URL: http://dsj.motem.top:8880/bptv/10000100000000050000000003887404.m3u8, IPv_Type: ipv6, Location: 美国, ISP: CloudFlare Inc., Date: None, Delay: -1 ms, Speed: 0.00 M/s, Resolution: None
Name: 陕西卫视, URL: http://[2409:8087:3869:8021:1001::e5]:6610/PLTV/88888888/224/3221225729/2/index.m3u8, IPv_Type: ipv6, Location: 中国, ISP: 中国移动, Date: None, Delay: -1 ms, Speed: 0.00 M/s, Resolution: None
Name: 陕西卫视, URL: http://tvh.990066.xyz/stream/channelid/347264162?profile=pass, IPv_Type: ipv6, Location: 美国, ISP: CloudFlare Inc., Date: None, Delay: -1 ms, Speed: 0.00 M/s, Resolution: None
Name: 陕西卫视, URL: http://tv.cqshushu.ggff.net:2086/jzb.php, IPv_Type: ipv6, Location: 美国, ISP: CloudFlare Inc., Date: None, Delay: -1 ms, Speed: 0.00 M/s, Resolution: None
Name: 陕西卫视, URL: http://hlsbkmgsplive.miguvideo.com/migu/kailu/shan3xiws/57/20220809/index.m3u8?msisdn=&mtv_session=&HlsSubType=1&HlsProfileId=1&nphaid=0&encrypt=, IPv_Type: ipv6, Location: 中国, ISP: 中国移动, Date: None, Delay: -1 ms, Speed: 0.00 M/s, Resolution: None
Name: 陕西卫视, URL: http://[2409:8087:5e08:24::17]:6610/000000001000/1000000002000007495/1.m3u8, IPv_Type: ipv6, Location: 中国, ISP: 中国移动, Date: None, Delay: -1 ms, Speed: 0.00 M/s, Resolution: None
Name: 陕西卫视, URL: http://[2409:8087:5e00:24::1e]:6060/200000001898/460000089800010113/1.m3u8, IPv_Type: ipv6, Location: 中国, ISP: 中国移动, Date: None, Delay: -1 ms, Speed: 0.00 M/s, Resolution: None
Name: 陕西卫视, URL: http://702cae17a28d6e4f0c0002bba021d934.livehwc4.com/live.sxrtv.com/iptv/shxws.m3u8?sub_m3u8=true&edge_slice=true&user_session_id=ce795557a29b16a275b041cbee2e2478, IPv_Type: ipv6, Location: 中国, ISP: 中国电信, Date: None, Delay: -1 ms, Speed: 0.00 M/s, Resolution: None
Name: 陕西卫视, URL: https://migu.188766.xyz/?migutoken=6c1651f4bfb19ef3318df9940f5030f0&id=%E9%99%95%E8%A5%BF%E5%8D%AB%E8%A7%86&pp=1, IPv_Type: ipv6, Location: 美国, ISP: CloudFlare Inc., Date: None, Delay: -1 ms, Speed: 0.00 M/s, Resolution: None
Name: 陕西卫视, URL: https://migu.188766.xyz/?migutoken=8e7b4065bb1f50d586c80d1304ed96cf&id=%E9%99%95%E8%A5%BF%E5%8D%AB%E8%A7%86&pp=1, IPv_Type: ipv6, Location: 美国, ISP: CloudFlare Inc., Date: None, Delay: -1 ms, Speed: 0.00 M/s, Resolution: None
Name: 陕西卫视, URL: https://migu.188766.xyz/?migutoken=10c796b9a6319d64719c78ea4d04cffa&id=%E9%99%95%E8%A5%BF%E5%8D%AB%E8%A7%86&pp=1, IPv_Type: ipv6, Location: 美国, ISP: CloudFlare Inc., Date: None, Delay: -1 ms, Speed: 0.00 M/s, Resolution: None
Name: 陕西卫视, URL: https://migu.188766.xyz/?migutoken=4d3414039216a5efe5bec90171ebbd3d&id=%E9%99%95%E8%A5%BF%E5%8D%AB%E8%A7%86&pp=1, IPv_Type: ipv6, Location: 美国, ISP: CloudFlare Inc., Date: None, Delay: -1 ms, Speed: 0.00 M/s, Resolution: None
Name: 陕西卫视, URL: https://migu.188766.xyz/?migutoken=8eed79f6638a4c8742779d3a42394e3e&id=%E9%99%95%E8%A5%BF%E5%8D%AB%E8%A7%86&pp=1, IPv_Type: ipv6, Location: 美国, ISP: CloudFlare Inc., Date: None, Delay: -1 ms, Speed: 0.00 M/s, Resolution: None
Name: 陕西卫视, URL: http://z.b.bkpcp.top/m.php, IPv_Type: ipv6, Location: 美国, ISP: CloudFlare Inc., Date: None, Delay: -1 ms, Speed: 0.00 M/s, Resolution: None
Name: 陕西卫视, URL: http://gat.bkpcp.top/ymg.php, IPv_Type: ipv6, Location: 美国, ISP: CloudFlare Inc., Date: None, Delay: -1 ms, Speed: 0.00 M/s, Resolution: None
Name: 陕西卫视, URL: https://migu.188766.xyz/?migutoken=f28d883a65d21f6aa912f44addf74876&id=%E9%99%95%E8%A5%BF%E5%8D%AB%E8%A7%86&pp=1, IPv_Type: ipv6, Location: 美国, ISP: CloudFlare Inc., Date: None, Delay: -1 ms, Speed: 0.00 M/s, Resolution: None
Name: 陕西卫视, URL: https://migu.188766.xyz/?migutoken=d27c9a966fc163c726cd1dc486b9a9d7&id=%E9%99%95%E8%A5%BF%E5%8D%AB%E8%A7%86&pp=1, IPv_Type: ipv6, Location: 美国, ISP: CloudFlare Inc., Date: None, Delay: -1 ms, Speed: 0.00 M/s, Resolution: None
Name: 陕西卫视, URL: https://migu.188766.xyz/?migutoken=5c4833cfa8c417beec92823f013b8272&id=%E9%99%95%E8%A5%BF%E5%8D%AB%E8%A7%86&pp=1, IPv_Type: ipv6, Location: 美国, ISP: CloudFlare Inc., Date: None, Delay: -1 ms, Speed: 0.00 M/s, Resolution: None
Name: 陕西卫视, URL: https://migu.188766.xyz/?migutoken=2d2993e78392b4ef4afb3964e6c929df&id=%E9%99%95%E8%A5%BF%E5%8D%AB%E8%A7%86&pp=1, IPv_Type: ipv6, Location: 美国, ISP: CloudFlare Inc., Date: None, Delay: -1 ms, Speed: 0.00 M/s, Resolution: None
Name: 陕西卫视, URL: https://migu.188766.xyz/?migutoken=e901fbacfa24f1cc0d6c5b09321d234e&id=%E9%99%95%E8%A5%BF%E5%8D%AB%E8%A7%86&pp=1, IPv_Type: ipv6, Location: 美国, ISP: CloudFlare Inc., Date: None, Delay: -1 ms, Speed: 0.00 M/s, Resolution: None
Name: 陕西卫视, URL: https://migu.188766.xyz/?migutoken=8469abc0d5aa6ccb99469a494c116046&id=%E9%99%95%E8%A5%BF%E5%8D%AB%E8%A7%86&pp=1, IPv_Type: ipv6, Location: 美国, ISP: CloudFlare Inc., Date: None, Delay: -1 ms, Speed: 0.00 M/s, Resolution: None
Name: 陕西卫视, URL: https://migu.188766.xyz/?migutoken=95d97d10c684d8854aa466cd019080c5&id=%E9%99%95%E8%A5%BF%E5%8D%AB%E8%A7%86&pp=1, IPv_Type: ipv6, Location: 美国, ISP: CloudFlare Inc., Date: None, Delay: -1 ms, Speed: 0.00 M/s, Resolution: None
Name: 陕西卫视, URL: https://migu.188766.xyz/?migutoken=6376cc3ee45344a332352a5f7e2e1fbb&id=%E9%99%95%E8%A5%BF%E5%8D%AB%E8%A7%86&pp=1, IPv_Type: ipv6, Location: 美国, ISP: CloudFlare Inc., Date: None, Delay: -1 ms, Speed: 0.00 M/s, Resolution: None
Name: 陕西卫视, URL: https://zby.130519.xyz/PLTV/11/224/3221226086/index.m3u8, IPv_Type: ipv6, Location: 美国, ISP: CloudFlare Inc., Date: None, Delay: -1 ms, Speed: 0.00 M/s, Resolution: None
Name: 陕西卫视, URL: https://migu.188766.xyz/?migutoken=7ef7dc1f2852716efb3c7eff38bee9fe&id=%E9%99%95%E8%A5%BF%E5%8D%AB%E8%A7%86&pp=1, IPv_Type: ipv6, Location: 美国, ISP: CloudFlare Inc., Date: None, Delay: -1 ms, Speed: 0.00 M/s, Resolution: None
Name: 陕西卫视, URL: https://migu.188766.xyz/?migutoken=e0fcf3d078daf3b433a25af27fc18b62&id=%E9%99%95%E8%A5%BF%E5%8D%AB%E8%A7%86&pp=1, IPv_Type: ipv6, Location: 美国, ISP: CloudFlare Inc., Date: None, Delay: -1 ms, Speed: 0.00 M/s, Resolution: None
Name: 陕西卫视, URL: https://migu.188766.xyz/?migutoken=7343fd380fa8d19fdf7e4e3f00086893&id=%E9%99%95%E8%A5%BF%E5%8D%AB%E8%A7%86&type=yy, IPv_Type: ipv6, Location: 美国, ISP: CloudFlare Inc., Date: None, Delay: -1 ms, Speed: 0.00 M/s, Resolution: None
Name: 陕西卫视, URL: https://migu.188766.xyz/?migutoken=c98b4ae7cf5c6dada7abe5c901dd4a6c&id=%E9%99%95%E8%A5%BF%E5%8D%AB%E8%A7%86&type=yy, IPv_Type: ipv6, Location: 美国, ISP: CloudFlare Inc., Date: None, Delay: -1 ms, Speed: 0.00 M/s, Resolution: None
Name: 陕西卫视, URL: https://migu.188766.xyz/?migutoken=294bfc0c1569e361325f037a92981af1&id=%E9%99%95%E8%A5%BF%E5%8D%AB%E8%A7%86&type=yy, IPv_Type: ipv6, Location: 美国, ISP: CloudFlare Inc., Date: None, Delay: -1 ms, Speed: 0.00 M/s, Resolution: None
Name: 陕西卫视, URL: https://migu.188766.xyz/?migutoken=dd5edb3e38875a7e55c0dfbef2e74b9d&id=%E9%99%95%E8%A5%BF%E5%8D%AB%E8%A7%86&type=yy, IPv_Type: ipv6, Location: 美国, ISP: CloudFlare Inc., Date: None, Delay: -1 ms, Speed: 0.00 M/s, Resolution: None
Name: 陕西卫视, URL: https://migu.188766.xyz/?migutoken=f0fc0a48d562ed6ef35102784207a061&id=%E9%99%95%E8%A5%BF%E5%8D%AB%E8%A7%86&type=yy, IPv_Type: ipv6, Location: 美国, ISP: CloudFlare Inc., Date: None, Delay: -1 ms, Speed: 0.00 M/s, Resolution: None
Name: 陕西卫视, URL: https://migu.188766.xyz/?migutoken=3a9f449a8f7909f2cf3ccf5e2eaf8f5d&id=%E9%99%95%E8%A5%BF%E5%8D%AB%E8%A7%86&type=yy, IPv_Type: ipv6, Location: 美国, ISP: CloudFlare Inc., Date: None, Delay: -1 ms, Speed: 0.00 M/s, Resolution: None
Name: 陕西卫视, URL: http://gslbmgsplive.miguvideo.com/migu/kailu/shan3xiws/51/20220809/index.m3u8?msisdn=202509190400398e2c9d79a093476c9819a26b9f935430&mdspid=&spid=600633&netType=0&sid=5910020475&pid=2028597139&timestamp=20250919040039&Channel_ID=0116_2600000900-99000-201600010010027&ProgramID=738910838&ParentNodeID=-99&assertID=5910020475&client_ip=106.13.250.89&SecurityKey=20250919040039&promotionId=&mvid=5900004331&mcid=500020&playurlVersion=WX-A1-8.9.1-RELEASE&userid=&jmhm=&videocodec=h264&bean=mgspad&tid=android&conFee=0&puData=e38d18d45995fda14199face3575dc7e&ddCalcu=ee73ec81dd8510785d34e5c9a9f59f9d1a41, IPv_Type: ipv6, Location: 中国, ISP: 中国移动, Date: None, Delay: -1 ms, Speed: 0.00 M/s, Resolution: None
Name: 陕西卫视, URL: http://gslbmgsplive.miguvideo.com/migu/kailu/shan3xiws/51/20220809/index.m3u8?msisdn=2025091916003844d514e151be456e9f4d94ed755cc254&mdspid=&spid=600633&netType=0&sid=5910020475&pid=2028597139&timestamp=20250919160038&Channel_ID=0116_2600000900-99000-201600010010027&ProgramID=738910838&ParentNodeID=-99&assertID=5910020475&client_ip=106.13.250.89&SecurityKey=20250919160038&promotionId=&mvid=5900004331&mcid=500020&playurlVersion=WX-A1-8.9.1-RELEASE&userid=&jmhm=&videocodec=h264&bean=mgspad&tid=android&conFee=0&puData=979f4c6a3a65d7f6f0ce09e60845f1b7&ddCalcu=79b7e191ff85404c860a63ea9605edc70ff6, IPv_Type: ipv6, Location: 中国, ISP: 中国移动, Date: None, Delay: -1 ms, Speed: 0.00 M/s, Resolution: None
Name: 陕西卫视, URL: http://gslbmgsplive.miguvideo.com/migu/kailu/shan3xiws/51/20220809/index.m3u8?msisdn=20250920040042e70c8c39f7144bc0a73c862c931dbce1&mdspid=&spid=600633&netType=0&sid=5910020475&pid=2028597139&timestamp=20250920040042&Channel_ID=0116_2600000900-99000-201600010010027&ProgramID=738910838&ParentNodeID=-99&assertID=5910020475&client_ip=106.13.250.83&SecurityKey=20250920040042&promotionId=&mvid=5900004331&mcid=500020&playurlVersion=WX-A1-8.9.1-RELEASE&userid=&jmhm=&videocodec=h264&bean=mgspad&tid=android&conFee=0&puData=6f8aa054f5ce438cbc2dd65d4ff0afd7&ddCalcu=76dfef81aa80a0f0f544df556cded423c8bc, IPv_Type: ipv6, Location: 中国, ISP: 中国移动, Date: None, Delay: -1 ms, Speed: 0.00 M/s, Resolution: None
Name: 陕西卫视, URL: http://gslbmgsplive.miguvideo.com/migu/kailu/shan3xiws/51/20220809/index.m3u8?msisdn=20250920160036c98513066bb6486ea78e0443f3c3f482&mdspid=&spid=600633&netType=0&sid=5910020475&pid=2028597139&timestamp=20250920160036&Channel_ID=0116_2600000900-99000-201600010010027&ProgramID=738910838&ParentNodeID=-99&assertID=5910020475&client_ip=106.13.250.90&SecurityKey=20250920160036&promotionId=&mvid=5900004331&mcid=500020&playurlVersion=WX-A1-8.9.1-RELEASE&userid=&jmhm=&videocodec=h264&bean=mgspad&tid=android&conFee=0&puData=2f8b4e5628e844dea485a21cb09db77b&ddCalcu=b27fe782bb8d409e05b6c2182ea854844dae, IPv_Type: ipv6, Location: 中国, ISP: 中国移动, Date: None, Delay: -1 ms, Speed: 0.00 M/s, Resolution: None
Name: 陕西卫视, URL: http://gslbmgsplive.miguvideo.com/migu/kailu/shan3xiws/51/20220809/index.m3u8?msisdn=20250921060036cb6507fff194444692b04ab827d1920b&mdspid=&spid=600633&netType=0&sid=5910020475&pid=2028597139&timestamp=20250921060036&Channel_ID=0116_2600000900-99000-201600010010027&ProgramID=738910838&ParentNodeID=-99&assertID=5910020475&client_ip=106.13.250.88&SecurityKey=20250921060036&promotionId=&mvid=5900004331&mcid=500020&playurlVersion=WX-A1-8.9.1-RELEASE&userid=&jmhm=&videocodec=h264&bean=mgspad&tid=android&conFee=0&puData=b62aa87dbd15f37a5b930465bad7acdf&ddCalcu=fbd6ec22aa87a0d8a7bd5b6d41053f93b75a, IPv_Type: ipv6, Location: 中国, ISP: 中国移动, Date: None, Delay: -1 ms, Speed: 0.00 M/s, Resolution: None
Name: 陕西卫视, URL: http://gslbmgsplive.miguvideo.com/migu/kailu/shan3xiws/51/20220809/index.m3u8?msisdn=20250921180036e52105deabc6494a83cd510c25bf2901&mdspid=&spid=600633&netType=0&sid=5910020475&pid=2028597139&timestamp=20250921180036&Channel_ID=0116_2600000900-99000-201600010010027&ProgramID=738910838&ParentNodeID=-99&assertID=5910020475&client_ip=106.13.250.89&SecurityKey=20250921180036&promotionId=&mvid=5900004331&mcid=500020&playurlVersion=WX-A1-8.9.1-RELEASE&userid=&jmhm=&videocodec=h264&bean=mgspad&tid=android&conFee=0&puData=6883f57e0c9cef77cd221907a0558957&ddCalcu=7658e9828385f05507ae700c991c2e2fd7c7, IPv_Type: ipv6, Location: 中国, ISP: 中国移动, Date: None, Delay: -1 ms, Speed: 0.00 M/s, Resolution: None
Name: 陕西卫视, URL: http://gslbmgsplive.miguvideo.com/migu/kailu/shan3xiws/51/20220809/index.m3u8?msisdn=202509220600311cc8146dc0b1401cb825b2d20a431f8e&mdspid=&spid=600633&netType=0&sid=5910020475&pid=2028597139&timestamp=20250922060031&Channel_ID=0116_2600000900-99000-201600010010027&ProgramID=738910838&ParentNodeID=-99&assertID=5910020475&client_ip=106.13.250.89&SecurityKey=20250922060031&promotionId=&mvid=5900004331&mcid=500020&playurlVersion=WX-A1-8.9.1-RELEASE&userid=&jmhm=&videocodec=h264&bean=mgspad&tid=android&conFee=0&puData=c39247a8c3105f716443abedb7f688b3&ddCalcu=3cb3e892828640f77ab8dce3b1a0354f4761, IPv_Type: ipv6, Location: 中国, ISP: 中国移动, Date: None, Delay: -1 ms, Speed: 0.00 M/s, Resolution: None
Name: 陕西卫视, URL: http://gslbmgsplive.miguvideo.com/migu/kailu/shan3xiws/51/20220809/index.m3u8?msisdn=202509221800419ae7b4b4646f43eeb995c21c90a5eed0&mdspid=&spid=600633&netType=0&sid=5910020475&pid=2028597139&timestamp=20250922180041&Channel_ID=0116_2600000900-99000-201600010010027&ProgramID=738910838&ParentNodeID=-99&assertID=5910020475&client_ip=106.13.250.90&SecurityKey=20250922180041&promotionId=&mvid=5900004331&mcid=500020&playurlVersion=WX-A1-8.9.1-RELEASE&userid=&jmhm=&videocodec=h264&bean=mgspad&tid=android&conFee=0&puData=ecfb69e518ffccb46d625505d16acc01&ddCalcu=1e0cecf2cb8a60691ed551085f5f2c6cdb64, IPv_Type: ipv6, Location: 中国, ISP: 中国移动, Date: None, Delay: -1 ms, Speed: 0.00 M/s, Resolution: None
Name: 陕西卫视, URL: http://gslbmgsplive.miguvideo.com/migu/kailu/shan3xiws/51/20220809/index.m3u8?msisdn=202509231800377a1902f3ac8e4ed58c88413169191990&mdspid=&spid=600633&netType=0&sid=5910020475&pid=2028597139&timestamp=20250923180037&Channel_ID=0116_2600000900-99000-201600010010027&ProgramID=738910838&ParentNodeID=-99&assertID=5910020475&client_ip=106.13.250.88&SecurityKey=20250923180037&promotionId=&mvid=5900004331&mcid=500020&playurlVersion=WX-A1-8.9.1-RELEASE&userid=&jmhm=&videocodec=h264&bean=mgspad&tid=android&conFee=0&puData=8f967f50c5199a139db7e21dabf882f9&ddCalcu=98ffe292868870ffb5a0dc1521e979bad193, IPv_Type: ipv6, Location: 中国, ISP: 中国移动, Date: None, Delay: -1 ms, Speed: 0.00 M/s, Resolution: None
Name: 陕西卫视, URL: http://gslbmgsplive.miguvideo.com/migu/kailu/shan3xiws/51/20220809/index.m3u8?msisdn=202509240400318de28d99db7a41408f0880e69c63afec&mdspid=&spid=600633&netType=0&sid=5910020475&pid=2028597139&timestamp=20250924040031&Channel_ID=0116_2600000900-99000-201600010010027&ProgramID=738910838&ParentNodeID=-99&assertID=5910020475&client_ip=106.13.250.89&SecurityKey=20250924040031&promotionId=&mvid=5900004331&mcid=500020&playurlVersion=WX-A1-8.9.1-RELEASE&userid=&jmhm=&videocodec=h264&bean=mgspad&tid=android&conFee=0&puData=5f9a1a6f9dded865ba6ff0281fe07caf&ddCalcu=f5afec927a8010eaf61f892d0dfefd68a6b5, IPv_Type: ipv6, Location: 中国, ISP: 中国移动, Date: None, Delay: -1 ms, Speed: 0.00 M/s, Resolution: None
Name: 四川卫视, URL: http://php.jdshipin.com/TVOD/hljyd.php?id=3221226338, IPv_Type: ipv6, Location: 美国, ISP: CloudFlare Inc., Date: None, Delay: -1 ms, Speed: 0.00 M/s, Resolution: None
Name: 四川卫视, URL: http://z.b.bkpcp.top/m.php?id=scws, IPv_Type: ipv6, Location: 美国, ISP: CloudFlare Inc., Date: None, Delay: -1 ms, Speed: 0.00 M/s, Resolution: None
Name: 四川卫视, URL: http://j.x.bkpcp.top/jx/SICHD, IPv_Type: ipv6, Location: 美国, ISP: CloudFlare Inc., Date: None, Delay: -1 ms, Speed: 0.00 M/s, Resolution: None
Name: 四川卫视, URL: http://[2409:8087:74f0:22::6]:6410/270000001128/9900000025/index.m3u8, IPv_Type: ipv6, Location: 中国, ISP: 中国移动, Date: None, Delay: -1 ms, Speed: 0.00 M/s, Resolution: None
Name: 四川卫视, URL: http://[2409:8087:5e00:24::1e]:6060/200000001898/460000089800010115/1.m3u8, IPv_Type: ipv6, Location: 中国, ISP: 中国移动, Date: None, Delay: -1 ms, Speed: 0.00 M/s, Resolution: None
Name: 四川卫视, URL: http://iptv.huuc.edu.cn/hls/schd.m3u8, IPv_Type: ipv6, Location: 中国, ISP: 教育网, Date: None, Delay: -1 ms, Speed: 0.00 M/s, Resolution: None
Name: 四川卫视, URL: http://yc.myds.me:35455/itv/5000000004000006119.m3u8?cdn=bestzb, IPv_Type: ipv6, Location: 中国, ISP: 中国电信, Date: None, Delay: -1 ms, Speed: 0.00 M/s, Resolution: None
Name: 四川卫视, URL: http://nas.suntao.online:35455/itv/5000000004000006119.m3u8?cdn=bestzb, IPv_Type: ipv6, Location: 中国, ISP: 中国联通, Date: None, Delay: -1 ms, Speed: 0.00 M/s, Resolution: None
Name: 四川卫视, URL: http://[2409:8087:74f0:22::6]:6410/270000001128/9900000025/index.m3u8?channel-id=newtv&livemode=4&Contentid=9900000025, IPv_Type: ipv6, Location: 中国, ISP: 中国移动, Date: None, Delay: -1 ms, Speed: 0.00 M/s, Resolution: None
Name: 四川卫视, URL: http://rrs01.hw.gmcc.net:8088/PLTV/81/224/3221226659/1.m3u8, IPv_Type: ipv6, Location: 中国, ISP: 中国移动, Date: None, Delay: -1 ms, Speed: 0.00 M/s, Resolution: None
Name: 四川卫视, URL: http://dsj.motem.top:8880/bptv/10000100000000050000000003887274.m3u8, IPv_Type: ipv6, Location: 美国, ISP: CloudFlare Inc., Date: None, Delay: -1 ms, Speed: 0.00 M/s, Resolution: None
Name: 四川卫视, URL: http://live.wqwqwq.sbs/itv/5000000004000006119.m3u8?cdn=bestzb, IPv_Type: ipv6, Location: 美国, ISP: CloudFlare Inc., Date: None, Delay: -1 ms, Speed: 0.00 M/s, Resolution: None
Name: 四川卫视, URL: http://lu.wqwqwq.sbs/itv/5000000004000006119.m3u8?cdn=bestzb, IPv_Type: ipv6, Location: 美国, ISP: CloudFlare Inc., Date: None, Delay: -1 ms, Speed: 0.00 M/s, Resolution: None
Name: 四川卫视, URL: http://[2409:8087:3869:8021:1001::e5]:6610/PLTV/88888888/224/3221225487/2/index.m3u8, IPv_Type: ipv6, Location: 中国, ISP: 中国移动, Date: None, Delay: -1 ms, Speed: 0.00 M/s, Resolution: None
Name: 四川卫视, URL: http://[2409:8087:3869:8021:1001::e5]:6610/PLTV/88888910/224/3221225487/index.m3u8?fmt=ts2hls, IPv_Type: ipv6, Location: 中国, ISP: 中国移动, Date: None, Delay: -1 ms, Speed: 0.00 M/s, Resolution: None
Name: 四川卫视, URL: http://wouu.net:9977/udp/239.93.0.20:1235, IPv_Type: ipv6, Location: 保留地址, ISP: 主机之间的链路本地地址, Date: None, Delay: -1 ms, Speed: 0.00 M/s, Resolution: None
Name: 四川卫视, URL: http://wouu.net:9977/udp/239.93.0.169:5140, IPv_Type: ipv6, Location: 保留地址, ISP: 主机之间的链路本地地址, Date: None, Delay: -1 ms, Speed: 0.00 M/s, Resolution: None
Name: 四川卫视, URL: http://wouu.net:9977/udp/239.93.1.188:5140, IPv_Type: ipv6, Location: 保留地址, ISP: 主机之间的链路本地地址, Date: None, Delay: -1 ms, Speed: 0.00 M/s, Resolution: None
Name: 四川卫视, URL: http://tvbox6.com/tv/bfgd.php?id=103, IPv_Type: ipv6, Location: 美国, ISP: CloudFlare Inc., Date: None, Delay: -1 ms, Speed: 0.00 M/s, Resolution: None
Name: 四川卫视, URL: http://alvin.ergotron.net:8000/udp/239.77.1.215:5146, IPv_Type: ipv6, Location: 中国, ISP: 中国电信, Date: None, Delay: -1 ms, Speed: 0.00 M/s, Resolution: None
Name: 四川卫视, URL: https://migu.188766.xyz/?migutoken=34f1375aa1129ed239293e1079ef6150&id=scws&type=sz, IPv_Type: ipv6, Location: 美国, ISP: CloudFlare Inc., Date: None, Delay: -1 ms, Speed: 0.00 M/s, Resolution: None
Name: 四川卫视, URL: https://hls-gateway.vpstv.net/streams/476917.m3u8, IPv_Type: ipv6, Location: 美国, ISP: CloudFlare Inc., Date: None, Delay: -1 ms, Speed: 0.00 M/s, Resolution: None
Name: 深圳卫视, URL: http://php.jdshipin.com/TVOD/hnyd.php?id=200000001898/460000089800010068, IPv_Type: ipv6, Location: 美国, ISP: CloudFlare Inc., Date: None, Delay: -1 ms, Speed: 0.00 M/s, Resolution: None
Name: 深圳卫视, URL: http://[2409:8087:74f0:22::5]:6410/270000001128/9900000529/index.m3u8, IPv_Type: ipv6, Location: 中国, ISP: 中国移动, Date: None, Delay: -1 ms, Speed: 0.00 M/s, Resolution: None
Name: 深圳卫视, URL: http://[2409:8087:5e00:24::1e]:6060/200000001898/460000089800010068/1.m3u8, IPv_Type: ipv6, Location: 中国, ISP: 中国移动, Date: None, Delay: -1 ms, Speed: 0.00 M/s, Resolution: None
Name: 深圳卫视, URL: http://[2409:8087:3869:8021:1001::e5]:6610/PLTV/88888888/224/3221225598/2/index.m3u8, IPv_Type: ipv6, Location: 中国, ISP: 中国移动, Date: None, Delay: -1 ms, Speed: 0.00 M/s, Resolution: None
Name: 深圳卫视, URL: http://[2409:8087:3869:8021:1001::e5]:6610/PLTV/88888888/224/3221225700/2/index.m3u8, IPv_Type: ipv6, Location: 中国, ISP: 中国移动, Date: None, Delay: -1 ms, Speed: 0.00 M/s, Resolution: None
Name: 深圳卫视, URL: http://iptv.huuc.edu.cn/hls/szhd.m3u8, IPv_Type: ipv6, Location: 中国, ISP: 教育网, Date: None, Delay: -1 ms, Speed: 0.00 M/s, Resolution: None
Name: 深圳卫视, URL: http://yc.myds.me:35455/itv/1000000005000265028.m3u8?cdn=ystenlive, IPv_Type: ipv6, Location: 中国, ISP: 中国电信, Date: None, Delay: -1 ms, Speed: 0.00 M/s, Resolution: None
Name: 深圳卫视, URL: http://nas.suntao.online:35455/itv/5000000004000007410.m3u8?cdn=bestzb, IPv_Type: ipv6, Location: 中国, ISP: 中国联通, Date: None, Delay: -1 ms, Speed: 0.00 M/s, Resolution: None
Name: 深圳卫视, URL: http://z.b.bkpcp.top/m.php?id=szws, IPv_Type: ipv6, Location: 美国, ISP: CloudFlare Inc., Date: None, Delay: -1 ms, Speed: 0.00 M/s, Resolution: None
Name: 深圳卫视, URL: http://[2409:8087:74f0:22::5]:6410/270000001128/9900000529/index.m3u8?channel-id=newtv&livemode=4&Contentid=9900000529, IPv_Type: ipv6, Location: 中国, ISP: 中国移动, Date: None, Delay: -1 ms, Speed: 0.00 M/s, Resolution: None
Name: 深圳卫视, URL: http://rrs01.hw.gmcc.net:8088/PLTV/81/224/3221226688/1.m3u8, IPv_Type: ipv6, Location: 中国, ISP: 中国移动, Date: None, Delay: -1 ms, Speed: 0.00 M/s, Resolution: None
Name: 深圳卫视, URL: http://dsj.motem.top:8880/bptv/10000100000000050000000003873474.m3u8, IPv_Type: ipv6, Location: 美国, ISP: CloudFlare Inc., Date: None, Delay: -1 ms, Speed: 0.00 M/s, Resolution: None
Name: 深圳卫视, URL: http://wouu.net:9977/udp/239.93.0.182:5140, IPv_Type: ipv6, Location: 保留地址, ISP: 主机之间的链路本地地址, Date: None, Delay: -1 ms, Speed: 0.00 M/s, Resolution: None
Name: 深圳卫视, URL: http://lu.wqwqwq.sbs/itv/1000000005000265028.m3u8?cdn=ystenlive, IPv_Type: ipv6, Location: 美国, ISP: CloudFlare Inc., Date: None, Delay: -1 ms, Speed: 0.00 M/s, Resolution: None
Name: 深圳卫视, URL: http://tvbox6.com/tv/bfgd.php?id=100, IPv_Type: ipv6, Location: 美国, ISP: CloudFlare Inc., Date: None, Delay: -1 ms, Speed: 0.00 M/s, Resolution: None
Name: 深圳卫视, URL: http://alvin.ergotron.net:8000/udp/239.77.1.3:5146, IPv_Type: ipv6, Location: 中国, ISP: 中国电信, Date: None, Delay: -1 ms, Speed: 0.00 M/s, Resolution: None
Name: 深圳卫视, URL: http://gf.you123.fun:35455/itv/1000000005000265028.m3u8?cdn=ystenlive, IPv_Type: ipv6, Location: 中国, ISP: 中国电信, Date: None, Delay: -1 ms, Speed: 0.00 M/s, Resolution: None
Name: 深圳卫视, URL: https://hls-gateway.vpstv.net/streams/476913.m3u8, IPv_Type: ipv6, Location: 美国, ISP: CloudFlare Inc., Date: None, Delay: -1 ms, Speed: 0.00 M/s, Resolution: None
Name: 深圳卫视, URL: https://smart.pendy.dpdns.org/Smart.php, IPv_Type: ipv6, Location: 美国, ISP: CloudFlare Inc., Date: None, Delay: -1 ms, Speed: 0.00 M/s, Resolution: None
Name: 深圳卫视, URL: https://smart.pendy.dpdns.org/Smart.php?id=shenzhen, IPv_Type: ipv6, Location: 美国, ISP: CloudFlare Inc., Date: None, Delay: -1 ms, Speed: 0.00 M/s, Resolution: None
Name: 深圳卫视, URL: https://zby.130519.xyz/PLTV/11/224/3221225728/index.m3u8, IPv_Type: ipv6, Location: 美国, ISP: CloudFlare Inc., Date: None, Delay: -1 ms, Speed: 0.00 M/s, Resolution: None
Name: 深圳卫视, URL: https://migu.188766.xyz/?migutoken=cc943582b116a04c2358140238a61d6b&id=szws&type=sz, IPv_Type: ipv6, Location: 美国, ISP: CloudFlare Inc., Date: None, Delay: -1 ms, Speed: 0.00 M/s, Resolution: None
Name: 深圳卫视, URL: https://migu.188766.xyz/?migutoken=784b52a434d98b429ab512ff75916360&id=szws&type=sz, IPv_Type: ipv6, Location: 美国, ISP: CloudFlare Inc., Date: None, Delay: -1 ms, Speed: 0.00 M/s, Resolution: None
Name: 深圳卫视, URL: https://migu.188766.xyz/?migutoken=41f84cc6a0cfb1f410e338b25f5512a6&id=szws&type=sz, IPv_Type: ipv6, Location: 美国, ISP: CloudFlare Inc., Date: None, Delay: -1 ms, Speed: 0.00 M/s, Resolution: None
Name: 深圳卫视, URL: https://migu.188766.xyz/?migutoken=5bb0777371d140206dd39a091297fa3c&id=szws&type=sz, IPv_Type: ipv6, Location: 美国, ISP: CloudFlare Inc., Date: None, Delay: -1 ms, Speed: 0.00 M/s, Resolution: None
Name: 深圳卫视, URL: https://migu.188766.xyz/?migutoken=d599d6f5e5b4efcaebf2cf1ebae49f4b&id=szws&type=sz, IPv_Type: ipv6, Location: 美国, ISP: CloudFlare Inc., Date: None, Delay: -1 ms, Speed: 0.00 M/s, Resolution: None
Name: 深圳卫视, URL: http://3501776.xyz:35455/itv/1000000005000265028.m3u8?cdn=ystenlive, IPv_Type: ipv6, Location: 美国, ISP: CloudFlare Inc., Date: None, Delay: -1 ms, Speed: 0.00 M/s, Resolution: None
Name: 三沙卫视, URL: http://[2409:8087:5e00:24::1e]:6060/000000001000/4600001000000000117/1.m3u8, IPv_Type: ipv6, Location: 中国, ISP: 中国移动, Date: None, Delay: -1 ms, Speed: 0.00 M/s, Resolution: None
Name: 三沙卫视, URL: http://[2409:8087:2001:20:2800:0:df6e:eb21]:80/ott.mobaibox.com/PLTV/4/224/3221228626/index.m3u8, IPv_Type: ipv6, Location: 中国, ISP: 中国移动, Date: None, Delay: -1 ms, Speed: 0.00 M/s, Resolution: None
Name: 三沙卫视, URL: http://[2409:8087:1e03:21::2]:6060/cms001/ch00000090990000001185/index.m3u8, IPv_Type: ipv6, Location: 中国, ISP: 中国移动, Date: None, Delay: -1 ms, Speed: 0.00 M/s, Resolution: None
Name: 三沙卫视, URL: http://[2409:8087:3428:20:500::100f]:6610/PLTV/88888888/224/3221227172/index.m3u8?servicetype=1&IASHttpSessionId=RR423820220409134714119178, IPv_Type: ipv6, Location: 中国, ISP: 中国移动, Date: None, Delay: -1 ms, Speed: 0.00 M/s, Resolution: None
Name: 三沙卫视, URL: http://[2409:8087:3428:20:500::1009]:6610/PLTV/88888888/224/3221227172/index.m3u8?servicetype=1&IASHttpSessionId=RR423820220409134714119178, IPv_Type: ipv6, Location: 中国, ISP: 中国移动, Date: None, Delay: -1 ms, Speed: 0.00 M/s, Resolution: None
Name: 三沙卫视, URL: http://[2409:8087:5e01:34::20]:6610/ZTE_CMS/08984400000000060000000000000319/index.m3u8?IAS, IPv_Type: ipv6, Location: 中国, ISP: 中国移动, Date: None, Delay: -1 ms, Speed: 0.00 M/s, Resolution: None
Name: 三沙卫视, URL: http://[2409:8087:5e01:34::21]:6610/ZTE_CMS/08984400000000060000000000000319/index.m3u8, IPv_Type: ipv6, Location: 中国, ISP: 中国移动, Date: None, Delay: -1 ms, Speed: 0.00 M/s, Resolution: None
Name: 三沙卫视, URL: http://[2409:8087:5e01:34::21]:6610/ZTE_CMS/08984400000000060000000000000319/index.m3u8?fmmv6, IPv_Type: ipv6, Location: 中国, ISP: 中国移动, Date: None, Delay: -1 ms, Speed: 0.00 M/s, Resolution: None
Name: 三沙卫视, URL: https://live3.hnntv.cn/srs/tv/ssws.m3u8, IPv_Type: ipv6, Location: 中国, ISP: 中国电信, Date: None, Delay: -1 ms, Speed: 0.00 M/s, Resolution: None
Name: 三沙卫视, URL: https://livessws.hnntv.cn/live/ssws_01hnntv.m3u8?_upt=626783981743357501, IPv_Type: ipv6, Location: 中国, ISP: 中国电信, Date: None, Delay: -1 ms, Speed: 0.00 M/s, Resolution: None
Name: 三沙卫视, URL: http://[2409:8087:5e01:34::21]:6610/ZTE_CMS/08984400000000060000000000000319/index.m3u8?IASHttpSessionId=OTT, IPv_Type: ipv6, Location: 中国, ISP: 中国移动, Date: None, Delay: -1 ms, Speed: 0.00 M/s, Resolution: None
Name: 三沙卫视, URL: http://dsj.motem.top:8880/bptv/10000100000000050000000003887452.m3u8, IPv_Type: ipv6, Location: 美国, ISP: CloudFlare Inc., Date: None, Delay: -1 ms, Speed: 0.00 M/s, Resolution: None
Name: 三沙卫视, URL: https://livessws.hnntv.cn/live/ssws_02hnntv.m3u8?_upt=c509d0ea1747156492, IPv_Type: ipv6, Location: 中国, ISP: 中国电信, Date: None, Delay: -1 ms, Speed: 0.00 M/s, Resolution: None
Name: 三沙卫视, URL: http://wouu.net:9977/udp/239.93.42.58:5140, IPv_Type: ipv6, Location: 保留地址, ISP: 主机之间的链路本地地址, Date: None, Delay: -1 ms, Speed: 0.00 M/s, Resolution: None
Name: 三沙卫视, URL: https://livessws.hnntv.cn/live/ssws_250708hnntv.m3u8?_upt=521f8c631752837894, IPv_Type: ipv6, Location: 中国, ISP: 中国电信, Date: None, Delay: -1 ms, Speed: 0.00 M/s, Resolution: None
Name: 三沙卫视, URL: http://live.catvod.com/catvod.php?id=ssws, IPv_Type: ipv6, Location: 新加坡, ISP: Aceville Pte.Ltd., Date: None, Delay: -1 ms, Speed: 0.00 M/s, Resolution: None
Name: 天津卫视, URL: http://php.jdshipin.com/TVOD/hljyd.php?id=3221226459, IPv_Type: ipv6, Location: 美国, ISP: CloudFlare Inc., Date: None, Delay: -1 ms, Speed: 0.00 M/s, Resolution: None
Name: 天津卫视, URL: http://j.x.bkpcp.top/jx/TIANJHD, IPv_Type: ipv6, Location: 美国, ISP: CloudFlare Inc., Date: None, Delay: -1 ms, Speed: 0.00 M/s, Resolution: None
Name: 天津卫视, URL: http://[2409:8087:74f0:22::6]:6410/270000001128/9900000530/index.m3u8, IPv_Type: ipv6, Location: 中国, ISP: 中国移动, Date: None, Delay: -1 ms, Speed: 0.00 M/s, Resolution: None
Name: 天津卫视, URL: http://[2409:8087:5e00:24::1e]:6060/200000001898/460000089800010069/1.m3u8, IPv_Type: ipv6, Location: 中国, ISP: 中国移动, Date: None, Delay: -1 ms, Speed: 0.00 M/s, Resolution: None
Name: 天津卫视, URL: http://[2409:8087:1a01:df::4030]:80/TVOD/88888888/224/3221225972/main.m3u8, IPv_Type: ipv6, Location: 中国, ISP: 中国移动, Date: None, Delay: -1 ms, Speed: 0.00 M/s, Resolution: None
Name: 天津卫视, URL: http://[2409:8087:3869:8021:1001::e5]:6610/PLTV/88888888/224/3221225485/2/index.m3u8, IPv_Type: ipv6, Location: 中国, ISP: 中国移动, Date: None, Delay: -1 ms, Speed: 0.00 M/s, Resolution: None
Name: 天津卫视, URL: http://[2409:8087:3869:8021:1001::e5]:6610/PLTV/88888888/224/3221225739/2/index.m3u8, IPv_Type: ipv6, Location: 中国, ISP: 中国移动, Date: None, Delay: -1 ms, Speed: 0.00 M/s, Resolution: None
Name: 天津卫视, URL: http://iptv.huuc.edu.cn/hls/tjhd.m3u8, IPv_Type: ipv6, Location: 中国, ISP: 教育网, Date: None, Delay: -1 ms, Speed: 0.00 M/s, Resolution: None
Name: 天津卫视, URL: http://yc.myds.me:35455/itv/1000000005000265026.m3u8?cdn=ystenlive, IPv_Type: ipv6, Location: 中国, ISP: 中国电信, Date: None, Delay: -1 ms, Speed: 0.00 M/s, Resolution: None
Name: 天津卫视, URL: http://nas.suntao.online:35455/itv/5000000004000006827.m3u8?cdn=bestzb, IPv_Type: ipv6, Location: 中国, ISP: 中国联通, Date: None, Delay: -1 ms, Speed: 0.00 M/s, Resolution: None
Name: 天津卫视, URL: http://[2409:8087:74f0:22::6]:6410/270000001128/9900000530/index.m3u8?channel-id=newtv&livemode=4&Contentid=9900000530, IPv_Type: ipv6, Location: 中国, ISP: 中国移动, Date: None, Delay: -1 ms, Speed: 0.00 M/s, Resolution: None
Name: 天津卫视, URL: http://dsj.motem.top:8880/bptv/10000100000000050000000003873466.m3u8, IPv_Type: ipv6, Location: 美国, ISP: CloudFlare Inc., Date: None, Delay: -1 ms, Speed: 0.00 M/s, Resolution: None
Name: 天津卫视, URL: http://live.wqwqwq.sbs/itv/5000000004000006827.m3u8?cdn=bestzb, IPv_Type: ipv6, Location: 美国, ISP: CloudFlare Inc., Date: None, Delay: -1 ms, Speed: 0.00 M/s, Resolution: None
Name: 天津卫视, URL: http://lu.wqwqwq.sbs/itv/1000000005000265026.m3u8?cdn=ystenlive, IPv_Type: ipv6, Location: 美国, ISP: CloudFlare Inc., Date: None, Delay: -1 ms, Speed: 0.00 M/s, Resolution: None
Name: 天津卫视, URL: http://wouu.net:9977/udp/239.93.0.167:5140, IPv_Type: ipv6, Location: 保留地址, ISP: 主机之间的链路本地地址, Date: None, Delay: -1 ms, Speed: 0.00 M/s, Resolution: None
Name: 天津卫视, URL: http://tvbox6.com/tv/bfgd.php?id=084, IPv_Type: ipv6, Location: 美国, ISP: CloudFlare Inc., Date: None, Delay: -1 ms, Speed: 0.00 M/s, Resolution: None
Name: 天津卫视, URL: http://alvin.ergotron.net:8000/udp/239.77.0.131:5146, IPv_Type: ipv6, Location: 中国, ISP: 中国电信, Date: None, Delay: -1 ms, Speed: 0.00 M/s, Resolution: None
Name: 天津卫视, URL: http://alvin.ergotron.net:8000/udp/239.77.1.141:5146, IPv_Type: ipv6, Location: 中国, ISP: 中国电信, Date: None, Delay: -1 ms, Speed: 0.00 M/s, Resolution: None
Name: 天津卫视, URL: http://cdn.jdshipin.com:8880/ysp.php?id=tjws, IPv_Type: ipv6, Location: 美国, ISP: CloudFlare Inc., Date: None, Delay: -1 ms, Speed: 0.00 M/s, Resolution: None
Name: 天津卫视, URL: http://gf.you123.fun:35455/itv/1000000005000265026.m3u8?cdn=ystenlive, IPv_Type: ipv6, Location: 中国, ISP: 中国电信, Date: None, Delay: -1 ms, Speed: 0.00 M/s, Resolution: None
Name: 天津卫视, URL: https://hls-gateway.vpstv.net/streams/708872.m3u8, IPv_Type: ipv6, Location: 美国, ISP: CloudFlare Inc., Date: None, Delay: -1 ms, Speed: 0.00 M/s, Resolution: None
Name: 天津卫视, URL: https://migu.188766.xyz/?migutoken=1665d3fad67963a78836e756dd3134ad&id=tjws&type=sz, IPv_Type: ipv6, Location: 美国, ISP: CloudFlare Inc., Date: None, Delay: -1 ms, Speed: 0.00 M/s, Resolution: None
Name: 西藏卫视, URL: http://php.jdshipin.com/TVOD/hljyd.php?id=3221225638, IPv_Type: ipv6, Location: 美国, ISP: CloudFlare Inc., Date: None, Delay: -1 ms, Speed: 0.00 M/s, Resolution: None
Name: 西藏卫视, URL: http://z.b.bkpcp.top/m.php?id=xzws, IPv_Type: ipv6, Location: 美国, ISP: CloudFlare Inc., Date: None, Delay: -1 ms, Speed: 0.00 M/s, Resolution: None
Name: 西藏卫视, URL: http://goo.bkpcp.top/mg/xzws, IPv_Type: ipv6, Location: 美国, ISP: CloudFlare Inc., Date: None, Delay: -1 ms, Speed: 0.00 M/s, Resolution: None
Name: 西藏卫视, URL: http://[2409:8087:3869:8021:1001::e5]:6610/PLTV/88888888/224/3221225723/2/index.m3u8, IPv_Type: ipv6, Location: 中国, ISP: 中国移动, Date: None, Delay: -1 ms, Speed: 0.00 M/s, Resolution: None
Name: 西藏卫视, URL: http://[2409:8087:5e01:34::23]:6610/ZTE_CMS/00000001000000060000000000000317/index.m3u8?IAS, IPv_Type: ipv6, Location: 中国, ISP: 中国移动, Date: None, Delay: -1 ms, Speed: 0.00 M/s, Resolution: None
Name: 西藏卫视, URL: http://[2409:8087:1e03:21::2]:6060/cms001/ch00000090990000001072/index.m3u8, IPv_Type: ipv6, Location: 中国, ISP: 中国移动, Date: None, Delay: -1 ms, Speed: 0.00 M/s, Resolution: None
Name: 西藏卫视, URL: http://[2409:8087:3428:20:500::100f]:6610/PLTV/88888888/224/3221226847/index.m3u8?servicetype=1&IASHttpSessionId=RR423820220409134714119178, IPv_Type: ipv6, Location: 中国, ISP: 中国移动, Date: None, Delay: -1 ms, Speed: 0.00 M/s, Resolution: None
Name: 西藏卫视, URL: http://[2409:8087:3428:20:500::100f]:6610/PLTV/88888888/224/3221227217/index.m3u8?servicetype=1&IASHttpSessionId=RR423820220409134714119178, IPv_Type: ipv6, Location: 中国, ISP: 中国移动, Date: None, Delay: -1 ms, Speed: 0.00 M/s, Resolution: None
Name: 西藏卫视, URL: http://[2409:8087:3428:20:500::1009]:6610/PLTV/88888888/224/3221226847/index.m3u8?servicetype=1&IASHttpSessionId=RR423820220409134714119178, IPv_Type: ipv6, Location: 中国, ISP: 中国移动, Date: None, Delay: -1 ms, Speed: 0.00 M/s, Resolution: None
Name: 西藏卫视, URL: http://[2409:8087:3428:20:500::1009]:6610/PLTV/88888888/224/3221227217/index.m3u8?servicetype=1&IASHttpSessionId=RR423820220409134714119178, IPv_Type: ipv6, Location: 中国, ISP: 中国移动, Date: None, Delay: -1 ms, Speed: 0.00 M/s, Resolution: None
Name: 西藏卫视, URL: http://[2409:8087:5e00:24::1e]:6060/000000001000/6603041244077933770/1.m3u8, IPv_Type: ipv6, Location: 中国, ISP: 中国移动, Date: None, Delay: -1 ms, Speed: 0.00 M/s, Resolution: None
Name: 西藏卫视, URL: http://dsj.motem.top:8880/bptv/10000100000000050000000003887434.m3u8, IPv_Type: ipv6, Location: 美国, ISP: CloudFlare Inc., Date: None, Delay: -1 ms, Speed: 0.00 M/s, Resolution: None
Name: 西藏卫视, URL: http://tvbox6.com/tv/bfgd.php?id=121, IPv_Type: ipv6, Location: 美国, ISP: CloudFlare Inc., Date: None, Delay: -1 ms, Speed: 0.00 M/s, Resolution: None
Name: 西藏卫视, URL: http://wouu.net:9977/udp/239.93.0.175:5140, IPv_Type: ipv6, Location: 保留地址, ISP: 主机之间的链路本地地址, Date: None, Delay: -1 ms, Speed: 0.00 M/s, Resolution: None
Name: 西藏卫视, URL: http://ygbh.live/xz.php?id=xzws, IPv_Type: ipv6, Location: 美国, ISP: CloudFlare Inc., Date: None, Delay: -1 ms, Speed: 0.00 M/s, Resolution: None
Name: 西藏卫视, URL: https://migu.188766.xyz/?migutoken=a43e23ae2b1fb7c3d65fd6f06e6ef2f9&id=%E8%A5%BF%E8%97%8F%E5%8D%AB%E8%A7%86&pp=1, IPv_Type: ipv6, Location: 美国, ISP: CloudFlare Inc., Date: None, Delay: -1 ms, Speed: 0.00 M/s, Resolution: None
Name: 西藏卫视, URL: https://migu.188766.xyz/?migutoken=5cee05c9603fdf2bcc59b762e08562cb&id=%E8%A5%BF%E8%97%8F%E5%8D%AB%E8%A7%86&pp=1, IPv_Type: ipv6, Location: 美国, ISP: CloudFlare Inc., Date: None, Delay: -1 ms, Speed: 0.00 M/s, Resolution: None
Name: 西藏卫视, URL: http://live.catvod.com/catvod.php?id=xzws, IPv_Type: ipv6, Location: 新加坡, ISP: Aceville Pte.Ltd., Date: None, Delay: -1 ms, Speed: 0.00 M/s, Resolution: None
Name: 西藏卫视, URL: https://migu.188766.xyz/?migutoken=a0ff163ea09c9f5c84cf485c71750187&id=%E8%A5%BF%E8%97%8F%E5%8D%AB%E8%A7%86&pp=1, IPv_Type: ipv6, Location: 美国, ISP: CloudFlare Inc., Date: None, Delay: -1 ms, Speed: 0.00 M/s, Resolution: None
Name: 西藏卫视, URL: http://z.b.bkpcp.top/m.php, IPv_Type: ipv6, Location: 美国, ISP: CloudFlare Inc., Date: None, Delay: -1 ms, Speed: 0.00 M/s, Resolution: None
Name: 西藏卫视, URL: https://tv.vtibet.cn/live/h701F9MpxzPDyE.m3u8, IPv_Type: ipv6, Location: 中国, ISP: 中国电信, Date: None, Delay: -1 ms, Speed: 0.00 M/s, Resolution: None
Name: 西藏卫视, URL: https://tv.vtibet.cn/live/h701F9MpxzPDyE.m3u8?secret=6121dabdb177ab354a1951df43d8c494&time=68a6f011, IPv_Type: ipv6, Location: 中国, ISP: 中国电信, Date: None, Delay: -1 ms, Speed: 0.00 M/s, Resolution: None
Name: 西藏卫视, URL: https://tv.vtibet.cn/live/h701F9MpxzPDyE.m3u8?secret=c47aa60df83d2d93eff550f28ce07ad8&time=68a7987f, IPv_Type: ipv6, Location: 中国, ISP: 中国电信, Date: None, Delay: -1 ms, Speed: 0.00 M/s, Resolution: None
Name: 西藏卫视, URL: https://tv.vtibet.cn/live/h701F9MpxzPDyE.m3u8?secret=6a6eaa6b9a722c9aadbf2f35ec63748a&time=68a84323, IPv_Type: ipv6, Location: 中国, ISP: 中国电信, Date: None, Delay: -1 ms, Speed: 0.00 M/s, Resolution: None
Name: 西藏卫视, URL: https://tv.vtibet.cn/live/h701F9MpxzPDyE.m3u8?secret=8dc2926b1eff91ff8878451e80826d08&time=68aae474, IPv_Type: ipv6, Location: 中国, ISP: 中国电信, Date: None, Delay: -1 ms, Speed: 0.00 M/s, Resolution: None
Name: 西藏卫视, URL: https://tv.vtibet.cn/live/h701F9MpxzPDyE.m3u8?secret=a38f3d486f9557d4a20c64145e9c7c84&time=68ab8d02, IPv_Type: ipv6, Location: 中国, ISP: 中国电信, Date: None, Delay: -1 ms, Speed: 0.00 M/s, Resolution: None
Name: 西藏卫视, URL: https://tv.vtibet.cn/live/h701F9MpxzPDyE.m3u8?secret=6c5d20b7be9559264fb15dbeab6fc729&time=68ac3804, IPv_Type: ipv6, Location: 中国, ISP: 中国电信, Date: None, Delay: -1 ms, Speed: 0.00 M/s, Resolution: None
Name: 西藏卫视, URL: https://tv.vtibet.cn/live/h701F9MpxzPDyE.m3u8?secret=ecae08511507a74c0c82451e4bdc3044&time=68acde7b, IPv_Type: ipv6, Location: 中国, ISP: 中国电信, Date: None, Delay: -1 ms, Speed: 0.00 M/s, Resolution: None
Name: 西藏卫视, URL: https://tv.vtibet.cn/live/h701F9MpxzPDyE.m3u8?secret=123ee925bbc8359a498f87896d723e4c&time=68ad88cf, IPv_Type: ipv6, Location: 中国, ISP: 中国电信, Date: None, Delay: -1 ms, Speed: 0.00 M/s, Resolution: None
Name: 西藏卫视, URL: https://tv.vtibet.cn/live/h701F9MpxzPDyE.m3u8?secret=5209e25e3c0a483373c7291c77b85ec2&time=68ae3001, IPv_Type: ipv6, Location: 中国, ISP: 中国电信, Date: None, Delay: -1 ms, Speed: 0.00 M/s, Resolution: None
Name: 西藏卫视, URL: https://tv.vtibet.cn/live/h701F9MpxzPDyE.m3u8?secret=1f68d85df46b9744fa9110ea0459926d&time=68ae5a6c, IPv_Type: ipv6, Location: 中国, ISP: 中国电信, Date: None, Delay: -1 ms, Speed: 0.00 M/s, Resolution: None
Name: 西藏卫视, URL: https://tv.vtibet.cn/live/h701F9MpxzPDyE.m3u8?secret=41ca40bbeaf57124a49e159c170c7f92&time=68b17b76, IPv_Type: ipv6, Location: 中国, ISP: 中国电信, Date: None, Delay: -1 ms, Speed: 0.00 M/s, Resolution: None
Name: 西藏卫视, URL: https://tv.vtibet.cn/live/h701F9MpxzPDyE.m3u8?secret=ddde6b45f5065c5066ded53d6559f31c&time=68134627, IPv_Type: ipv6, Location: 中国, ISP: 中国电信, Date: None, Delay: -1 ms, Speed: 0.00 M/s, Resolution: None
Name: 西藏卫视, URL: https://tv.vtibet.cn/live/h701F9MpxzPDyE.m3u8?secret=6c6bd9dd982a2687ca713b4e489b5067&time=68b22432, IPv_Type: ipv6, Location: 中国, ISP: 中国电信, Date: None, Delay: -1 ms, Speed: 0.00 M/s, Resolution: None
Name: 西藏卫视, URL: https://tv.vtibet.cn/live/h701F9MpxzPDyE.m3u8?secret=c469f8509ee80bc80a1cd0132fa68995&time=68b2ccf6, IPv_Type: ipv6, Location: 中国, ISP: 中国电信, Date: None, Delay: -1 ms, Speed: 0.00 M/s, Resolution: None
Name: 西藏卫视, URL: https://tv.vtibet.cn/live/h701F9MpxzPDyE.m3u8?secret=615fa30c3d7f241da989724070cc87a6&time=68b375bc, IPv_Type: ipv6, Location: 中国, ISP: 中国电信, Date: None, Delay: -1 ms, Speed: 0.00 M/s, Resolution: None
Name: 西藏卫视, URL: https://tv.vtibet.cn/live/h701F9MpxzPDyE.m3u8?secret=f4d563437dd17dedc191510fe4f5cfa0&time=68b41e7e, IPv_Type: ipv6, Location: 中国, ISP: 中国电信, Date: None, Delay: -1 ms, Speed: 0.00 M/s, Resolution: None
Name: 西藏卫视, URL: https://tv.vtibet.cn/live/h701F9MpxzPDyE.m3u8?secret=3d4bbdb8b0c4d81b7afc1f1ba31f3532&time=68b4c738, IPv_Type: ipv6, Location: 中国, ISP: 中国电信, Date: None, Delay: -1 ms, Speed: 0.00 M/s, Resolution: None
Name: 西藏卫视, URL: https://tv.vtibet.cn/live/h701F9MpxzPDyE.m3u8?secret=25cf32ee798e91b93f04f8acf68848c8&time=68b57016, IPv_Type: ipv6, Location: 中国, ISP: 中国电信, Date: None, Delay: -1 ms, Speed: 0.00 M/s, Resolution: None
Name: 西藏卫视, URL: https://tv.vtibet.cn/live/h701F9MpxzPDyE.m3u8?secret=97da395061bfdac10da9fb676ddd217a&time=68b618cb, IPv_Type: ipv6, Location: 中国, ISP: 中国电信, Date: None, Delay: -1 ms, Speed: 0.00 M/s, Resolution: None
Name: 西藏卫视, URL: https://tv.vtibet.cn/live/h701F9MpxzPDyE.m3u8?secret=0c8484ed0ab59b55e2a2c8e9e391ee33&time=68b6c190, IPv_Type: ipv6, Location: 中国, ISP: 中国电信, Date: None, Delay: -1 ms, Speed: 0.00 M/s, Resolution: None
Name: 西藏卫视, URL: https://tv.vtibet.cn/live/h701F9MpxzPDyE.m3u8?secret=8b8ce09832e369f5acde176b3953150d&time=68b76a40, IPv_Type: ipv6, Location: 中国, ISP: 中国电信, Date: None, Delay: -1 ms, Speed: 0.00 M/s, Resolution: None
Name: 西藏卫视, URL: https://tv.vtibet.cn/live/h701F9MpxzPDyE.m3u8?secret=68336e20dc08a20fa5762db8167300b4&time=68b8130d, IPv_Type: ipv6, Location: 中国, ISP: 中国电信, Date: None, Delay: -1 ms, Speed: 0.00 M/s, Resolution: None
Name: 西藏卫视, URL: https://tv.vtibet.cn/live/h701F9MpxzPDyE.m3u8?secret=54b45462cfb7dd8f12296c9b5a521dfd&time=68b8bbba, IPv_Type: ipv6, Location: 中国, ISP: 中国电信, Date: None, Delay: -1 ms, Speed: 0.00 M/s, Resolution: None
Name: 西藏卫视, URL: https://tv.vtibet.cn/live/h701F9MpxzPDyE.m3u8?secret=63fd048fd6be4f00bf6a1bd49ae8c6b7&time=68b96463, IPv_Type: ipv6, Location: 中国, ISP: 中国电信, Date: None, Delay: -1 ms, Speed: 0.00 M/s, Resolution: None
Name: 西藏卫视, URL: https://tv.vtibet.cn/live/h701F9MpxzPDyE.m3u8?secret=4a2dbffb2c7caaf4981b8ac3891a63be&time=68b91e59, IPv_Type: ipv6, Location: 中国, ISP: 中国电信, Date: None, Delay: -1 ms, Speed: 0.00 M/s, Resolution: None
Name: 西藏卫视, URL: https://tv.vtibet.cn/live/h701F9MpxzPDyE.m3u8?secret=038372b096e4db63382473c50090209b&time=68ba0d47, IPv_Type: ipv6, Location: 中国, ISP: 中国电信, Date: None, Delay: -1 ms, Speed: 0.00 M/s, Resolution: None
Name: 西藏卫视, URL: https://tv.vtibet.cn/live/h701F9MpxzPDyE.m3u8?secret=972b4c75203653b23576570e9d6b08f0&time=68bab607, IPv_Type: ipv6, Location: 中国, ISP: 中国电信, Date: None, Delay: -1 ms, Speed: 0.00 M/s, Resolution: None
Name: 西藏卫视, URL: https://zby.130519.xyz/PLTV/11/224/3221225767/index.m3u8, IPv_Type: ipv6, Location: 美国, ISP: CloudFlare Inc., Date: None, Delay: -1 ms, Speed: 0.00 M/s, Resolution: None
Name: 西藏卫视, URL: https://tv.vtibet.cn/live/h701F9MpxzPDyE.m3u8?secret=a5a7c50365d95091c75cea715a3dafbc&time=68bc0791, IPv_Type: ipv6, Location: 中国, ISP: 中国电信, Date: None, Delay: -1 ms, Speed: 0.00 M/s, Resolution: None
Name: 西藏卫视, URL: https://zby.130519.xyz/PLTV/11/224/3221226012/index.m3u8, IPv_Type: ipv6, Location: 美国, ISP: CloudFlare Inc., Date: None, Delay: -1 ms, Speed: 0.00 M/s, Resolution: None
Name: 西藏卫视, URL: http://cc02.tv12.xyz/9.m3u8, IPv_Type: ipv6, Location: 美国, ISP: CloudFlare Inc., Date: None, Delay: -1 ms, Speed: 0.00 M/s, Resolution: None
Name: 新疆卫视, URL: http://php.jdshipin.com/TVOD/hljyd.php?id=3221225635, IPv_Type: ipv6, Location: 美国, ISP: CloudFlare Inc., Date: None, Delay: -1 ms, Speed: 0.00 M/s, Resolution: None
Name: 新疆卫视, URL: http://z.b.bkpcp.top/m.php?id=xjws, IPv_Type: ipv6, Location: 美国, ISP: CloudFlare Inc., Date: None, Delay: -1 ms, Speed: 0.00 M/s, Resolution: None
Name: 新疆卫视, URL: http://j.x.bkpcp.top/jx/XJWS, IPv_Type: ipv6, Location: 美国, ISP: CloudFlare Inc., Date: None, Delay: -1 ms, Speed: 0.00 M/s, Resolution: None
Name: 新疆卫视, URL: http://[2409:8087:3869:8021:1001::e5]:6610/PLTV/88888888/224/3221225725/2/index.m3u8, IPv_Type: ipv6, Location: 中国, ISP: 中国移动, Date: None, Delay: -1 ms, Speed: 0.00 M/s, Resolution: None
Name: 新疆卫视, URL: http://[2409:8087:2001:20:2800:0:df6e:eb0b]/wh7f454c46tw993550557_162751766/ott.mobaibox.com/PLTV/3/224/3221228290/index.m3u8?icpid=3&RTS=1668604377&from=40&popid=40&hms_devid=2038&prioritypopid=40&vqe=3, IPv_Type: ipv6, Location: 中国, ISP: 中国移动, Date: None, Delay: -1 ms, Speed: 0.00 M/s, Resolution: None
Name: 新疆卫视, URL: http://[2409:8087:1e03:21::2]:6060/cms001/ch00000090990000001065/index.m3u8, IPv_Type: ipv6, Location: 中国, ISP: 中国移动, Date: None, Delay: -1 ms, Speed: 0.00 M/s, Resolution: None
Name: 新疆卫视, URL: http://[2409:8087:3428:20:500::100f]:6610/PLTV/88888888/224/3221227248/index.m3u8?servicetype=1&IASHttpSessionId=RR423820220409134714119178, IPv_Type: ipv6, Location: 中国, ISP: 中国移动, Date: None, Delay: -1 ms, Speed: 0.00 M/s, Resolution: None
Name: 新疆卫视, URL: http://[2409:8087:3428:20:500::100f]:6610/PLTV/88888888/224/3221225852/index.m3u8?servicetype=1&IASHttpSessionId=RR423820220409134714119178, IPv_Type: ipv6, Location: 中国, ISP: 中国移动, Date: None, Delay: -1 ms, Speed: 0.00 M/s, Resolution: None
Name: 新疆卫视, URL: http://iptv.huuc.edu.cn/hls/xjtv.m3u8, IPv_Type: ipv6, Location: 中国, ISP: 教育网, Date: None, Delay: -1 ms, Speed: 0.00 M/s, Resolution: None
Name: 新疆卫视, URL: http://rrs01.hw.gmcc.net:8088/PLTV/81/224/3221226700/1.m3u8, IPv_Type: ipv6, Location: 中国, ISP: 中国移动, Date: None, Delay: -1 ms, Speed: 0.00 M/s, Resolution: None
Name: 新疆卫视, URL: http://dsj.motem.top:8880/bptv/10000100000000050000000003887448.m3u8, IPv_Type: ipv6, Location: 美国, ISP: CloudFlare Inc., Date: None, Delay: -1 ms, Speed: 0.00 M/s, Resolution: None
Name: 新疆卫视, URL: http://[2409:8087:3428:20:500::1009]:6610/PLTV/88888888/224/3221227248/index.m3u8?servicetype=1&IASHttpSessionId=RR423820220409134714119178, IPv_Type: ipv6, Location: 中国, ISP: 中国移动, Date: None, Delay: -1 ms, Speed: 0.00 M/s, Resolution: None
Name: 新疆卫视, URL: http://goo.bkpcp.top/mg/xjws, IPv_Type: ipv6, Location: 美国, ISP: CloudFlare Inc., Date: None, Delay: -1 ms, Speed: 0.00 M/s, Resolution: None
Name: 新疆卫视, URL: http://wouu.net:9977/udp/239.93.0.194:5140, IPv_Type: ipv6, Location: 保留地址, ISP: 主机之间的链路本地地址, Date: None, Delay: -1 ms, Speed: 0.00 M/s, Resolution: None
Name: 新疆卫视, URL: http://tvbox6.com/tv/bfgd.php?id=150, IPv_Type: ipv6, Location: 美国, ISP: CloudFlare Inc., Date: None, Delay: -1 ms, Speed: 0.00 M/s, Resolution: None
Name: 新疆卫视, URL: http://nas.jdshipin.com:8801/xjtv.php?id=xjws, IPv_Type: ipv6, Location: 美国, ISP: CloudFlare Inc., Date: None, Delay: -1 ms, Speed: 0.00 M/s, Resolution: None
Name: 新疆卫视, URL: http://cdn.jdshipin.com:8880/ysp.php?id=xjws, IPv_Type: ipv6, Location: 美国, ISP: CloudFlare Inc., Date: None, Delay: -1 ms, Speed: 0.00 M/s, Resolution: None
Name: 新疆卫视, URL: http://live.catvod.com/catvod.php?id=xjws, IPv_Type: ipv6, Location: 新加坡, ISP: Aceville Pte.Ltd., Date: None, Delay: -1 ms, Speed: 0.00 M/s, Resolution: None
Name: 新疆卫视, URL: http://z.b.bkpcp.top/m.php, IPv_Type: ipv6, Location: 美国, ISP: CloudFlare Inc., Date: None, Delay: -1 ms, Speed: 0.00 M/s, Resolution: None
Name: 新疆卫视, URL: https://migu.188766.xyz/?migutoken=fb663c17715df550b830e8546b3712ac&id=xjws&type=dy, IPv_Type: ipv6, Location: 美国, ISP: CloudFlare Inc., Date: None, Delay: -1 ms, Speed: 0.00 M/s, Resolution: None
Name: 新疆卫视, URL: http://cc02.tv12.xyz/10.m3u8, IPv_Type: ipv6, Location: 美国, ISP: CloudFlare Inc., Date: None, Delay: -1 ms, Speed: 0.00 M/s, Resolution: None
Name: 云南卫视, URL: http://php.jdshipin.com/TVOD/hljyd.php?id=3221226444, IPv_Type: ipv6, Location: 美国, ISP: CloudFlare Inc., Date: None, Delay: -1 ms, Speed: 0.00 M/s, Resolution: None
Name: 云南卫视, URL: http://goo.bkpcp.top/mg/ynws, IPv_Type: ipv6, Location: 美国, ISP: CloudFlare Inc., Date: None, Delay: -1 ms, Speed: 0.00 M/s, Resolution: None
Name: 云南卫视, URL: http://[2409:8087:74f0:22::7]:6410/270000001128/9900000035/index.m3u8, IPv_Type: ipv6, Location: 中国, ISP: 中国移动, Date: None, Delay: -1 ms, Speed: 0.00 M/s, Resolution: None
Name: 云南卫视, URL: http://[2409:8087:5e00:24::1e]:6060/200000001898/460000089800010119/1.m3u8, IPv_Type: ipv6, Location: 中国, ISP: 中国移动, Date: None, Delay: -1 ms, Speed: 0.00 M/s, Resolution: None
Name: 云南卫视, URL: http://[2409:8087:5e01:34::22]:6610/ZTE_CMS/00000001000000060000000000000305/index.m3u8?IAS, IPv_Type: ipv6, Location: 中国, ISP: 中国移动, Date: None, Delay: -1 ms, Speed: 0.00 M/s, Resolution: None
Name: 云南卫视, URL: http://[2409:8087:1e03:21::42]:6610/cms001/ch00000090990000001223/index.m3u8, IPv_Type: ipv6, Location: 中国, ISP: 中国移动, Date: None, Delay: -1 ms, Speed: 0.00 M/s, Resolution: None
Name: 云南卫视, URL: http://[2409:8087:2001:20:2800:0:df6e:eb05]:80/ott.mobaibox.com/PLTV/4/224/3221225591/index.m3u8, IPv_Type: ipv6, Location: 中国, ISP: 中国移动, Date: None, Delay: -1 ms, Speed: 0.00 M/s, Resolution: None
Name: 云南卫视, URL: http://iptv.huuc.edu.cn/hls/yntv.m3u8, IPv_Type: ipv6, Location: 中国, ISP: 教育网, Date: None, Delay: -1 ms, Speed: 0.00 M/s, Resolution: None
Name: 云南卫视, URL: http://yc.myds.me:35455/itv/5000000011000031120.m3u8?cdn=bestzb, IPv_Type: ipv6, Location: 中国, ISP: 中国电信, Date: None, Delay: -1 ms, Speed: 0.00 M/s, Resolution: None
Name: 云南卫视, URL: http://nas.suntao.online:35455/itv/5000000011000031120.m3u8?cdn=bestzb, IPv_Type: ipv6, Location: 中国, ISP: 中国联通, Date: None, Delay: -1 ms, Speed: 0.00 M/s, Resolution: None
Name: 云南卫视, URL: http://[2409:8087:5e00:24::1e]:6060/200000001898/460000089800010119/index.m3u8, IPv_Type: ipv6, Location: 中国, ISP: 中国移动, Date: None, Delay: -1 ms, Speed: 0.00 M/s, Resolution: None
Name: 云南卫视, URL: http://[2409:8087:74f0:22::7]:6410/270000001128/9900000035/index.m3u8?channel-id=newtv&livemode=4&Contentid=9900000035, IPv_Type: ipv6, Location: 中国, ISP: 中国移动, Date: None, Delay: -1 ms, Speed: 0.00 M/s, Resolution: None
Name: 云南卫视, URL: http://[2409:8087:1e03:21::2]:6060/cms001/ch00000090990000001223/index.m3u8, IPv_Type: ipv6, Location: 中国, ISP: 中国移动, Date: None, Delay: -1 ms, Speed: 0.00 M/s, Resolution: None
Name: 云南卫视, URL: http://rrs01.hw.gmcc.net:8088/PLTV/81/224/3221226709/1.m3u8, IPv_Type: ipv6, Location: 中国, ISP: 中国移动, Date: None, Delay: -1 ms, Speed: 0.00 M/s, Resolution: None
Name: 云南卫视, URL: http://dsj.motem.top:8880/bptv/10000100000000050000000003887453.m3u8, IPv_Type: ipv6, Location: 美国, ISP: CloudFlare Inc., Date: None, Delay: -1 ms, Speed: 0.00 M/s, Resolution: None
Name: 云南卫视, URL: http://live.wqwqwq.sbs/itv/5000000011000031120.m3u8?cdn=bestzb, IPv_Type: ipv6, Location: 美国, ISP: CloudFlare Inc., Date: None, Delay: -1 ms, Speed: 0.00 M/s, Resolution: None
Name: 云南卫视, URL: http://wouu.net:9977/udp/239.93.1.174:5140, IPv_Type: ipv6, Location: 保留地址, ISP: 主机之间的链路本地地址, Date: None, Delay: -1 ms, Speed: 0.00 M/s, Resolution: None
Name: 云南卫视, URL: http://wouu.net:9977/udp/239.93.0.174:5140, IPv_Type: ipv6, Location: 保留地址, ISP: 主机之间的链路本地地址, Date: None, Delay: -1 ms, Speed: 0.00 M/s, Resolution: None
Name: 云南卫视, URL: http://tvbox6.com/tv/bfgd.php?id=115, IPv_Type: ipv6, Location: 美国, ISP: CloudFlare Inc., Date: None, Delay: -1 ms, Speed: 0.00 M/s, Resolution: None
Name: 云南卫视, URL: http://tvbox6.com/tv/bfgd.php?id=482, IPv_Type: ipv6, Location: 美国, ISP: CloudFlare Inc., Date: None, Delay: -1 ms, Speed: 0.00 M/s, Resolution: None
Name: 云南卫视, URL: http://live.catvod.com/catvod.php?id=ynws, IPv_Type: ipv6, Location: 新加坡, ISP: Aceville Pte.Ltd., Date: None, Delay: -1 ms, Speed: 0.00 M/s, Resolution: None
Name: 云南卫视, URL: https://hls-gateway.vpstv.net/streams/708863.m3u8, IPv_Type: ipv6, Location: 美国, ISP: CloudFlare Inc., Date: None, Delay: -1 ms, Speed: 0.00 M/s, Resolution: None
Name: 云南卫视, URL: https://migu.188766.xyz/?migutoken=26c2fd62e825c4aaf1b3694ab5be5640&id=ynws&type=dy, IPv_Type: ipv6, Location: 美国, ISP: CloudFlare Inc., Date: None, Delay: -1 ms, Speed: 0.00 M/s, Resolution: None
Name: 云南卫视, URL: https://migu.188766.xyz/?migutoken=4cccf13a3d36fdbf3b3e5d7b2474534d&id=ynws&type=dy, IPv_Type: ipv6, Location: 美国, ISP: CloudFlare Inc., Date: None, Delay: -1 ms, Speed: 0.00 M/s, Resolution: None
Name: 云南卫视, URL: http://z.b.bkpcp.top/m.php, IPv_Type: ipv6, Location: 美国, ISP: CloudFlare Inc., Date: None, Delay: -1 ms, Speed: 0.00 M/s, Resolution: None
Name: 云南卫视, URL: https://migu.188766.xyz/?migutoken=e8a180df8ee439a6b38b8aeb133ae439&id=ynws&type=dy, IPv_Type: ipv6, Location: 美国, ISP: CloudFlare Inc., Date: None, Delay: -1 ms, Speed: 0.00 M/s, Resolution: None
Name: 云南卫视, URL: https://zby.130519.xyz/PLTV/11/224/3221226109/index.m3u8, IPv_Type: ipv6, Location: 美国, ISP: CloudFlare Inc., Date: None, Delay: -1 ms, Speed: 0.00 M/s, Resolution: None
Name: 云南卫视, URL: https://zby.130519.xyz/PLTV/11/224/3221226151/index.m3u8, IPv_Type: ipv6, Location: 美国, ISP: CloudFlare Inc., Date: None, Delay: -1 ms, Speed: 0.00 M/s, Resolution: None
Name: 云南卫视, URL: https://migu.188766.xyz/?migutoken=f195ba2e2eb58ed968fb59c1d058adc0&id=ynws&type=sz, IPv_Type: ipv6, Location: 美国, ISP: CloudFlare Inc., Date: None, Delay: -1 ms, Speed: 0.00 M/s, Resolution: None
Name: 云南卫视, URL: https://migu.188766.xyz/?migutoken=c2049841bc66ef12838aaa7464d9b105&id=ynws&type=sz, IPv_Type: ipv6, Location: 美国, ISP: CloudFlare Inc., Date: None, Delay: -1 ms, Speed: 0.00 M/s, Resolution: None
Name: 云南卫视, URL: https://migu.188766.xyz/?migutoken=0d7148a0d7f2354685254bf498d4bc77&id=ynws&type=sz, IPv_Type: ipv6, Location: 美国, ISP: CloudFlare Inc., Date: None, Delay: -1 ms, Speed: 0.00 M/s, Resolution: None
Name: 云南卫视, URL: https://migu.188766.xyz/?migutoken=72edbc3eec0cbc7db792e45a6a15f67a&id=ynws&type=sz, IPv_Type: ipv6, Location: 美国, ISP: CloudFlare Inc., Date: None, Delay: -1 ms, Speed: 0.00 M/s, Resolution: None
Name: 云南卫视, URL: https://migu.188766.xyz/?migutoken=5b3bfb955dbb784b064f4da72927c10d&id=ynws&type=sz, IPv_Type: ipv6, Location: 美国, ISP: CloudFlare Inc., Date: None, Delay: -1 ms, Speed: 0.00 M/s, Resolution: None
Name: 云南卫视, URL: http://z.b.bkpcp.top/m.php?id=ynws, IPv_Type: ipv6, Location: 美国, ISP: CloudFlare Inc., Date: None, Delay: -1 ms, Speed: 0.00 M/s, Resolution: None
Name: CHC家庭影院, URL: http://z.b.bkpcp.top/m.php?id=chcjtyy, IPv_Type: ipv6, Location: 美国, ISP: CloudFlare Inc., Date: None, Delay: -1 ms, Speed: 0.00 M/s, Resolution: None
Name: CHC家庭影院, URL: http://gat.bkpcp.top/ymg.php?id=jtyy, IPv_Type: ipv6, Location: 美国, ISP: CloudFlare Inc., Date: None, Delay: -1 ms, Speed: 0.00 M/s, Resolution: None
Name: CHC家庭影院, URL: http://goo.bkpcp.top/mg/jtyy, IPv_Type: ipv6, Location: 美国, ISP: CloudFlare Inc., Date: None, Delay: -1 ms, Speed: 0.00 M/s, Resolution: None
Name: CHC家庭影院, URL: http://eastscreen.tv/ooooo.php, IPv_Type: ipv6, Location: 美国, ISP: CloudFlare Inc., Date: None, Delay: -1 ms, Speed: 0.00 M/s, Resolution: None
Name: CHC家庭影院, URL: http://[2409:8087:4c0a:22:1::11]:6410/170000001115/UmaiCHAN63807601b19dd/index.m3u8?m3u8_level=2, IPv_Type: ipv6, Location: 中国, ISP: 中国移动, Date: None, Delay: -1 ms, Speed: 0.00 M/s, Resolution: None
Name: CHC家庭影院, URL: http://eastscreen.tv/ooooo.php?id=chcjt, IPv_Type: ipv6, Location: 美国, ISP: CloudFlare Inc., Date: None, Delay: -1 ms, Speed: 0.00 M/s, Resolution: None
Name: CHC家庭影院, URL: http://[2409:8087:3c02:0021:0000:0001:0000:100a]:6410/shandong_cabletv.live.zte.com////CHANNEL00002028/index.m3u8?IASHttpSessionId=, IPv_Type: ipv6, Location: 中国, ISP: 中国移动, Date: None, Delay: -1 ms, Speed: 0.00 M/s, Resolution: None
Name: CHC家庭影院, URL: http://sport.pendy.dpdns.org/migu/644368373?token=BCDxUPC2aE0y0iz8JYzYhWA21b8DBPXm4Tw9nHe0T-ftD1MRmsBCXZPPiHXeDz7cNybVmmXGazeeaHKpxyYgEA, IPv_Type: ipv6, Location: 美国, ISP: CloudFlare Inc., Date: None, Delay: -1 ms, Speed: 0.00 M/s, Resolution: None
Name: CHC家庭影院, URL: https://stream1.freetv.fun/chcjia-ting-ying-yuan-17.ctv, IPv_Type: ipv6, Location: 美国, ISP: CloudFlare Inc., Date: None, Delay: -1 ms, Speed: 0.00 M/s, Resolution: None
Name: CHC家庭影院, URL: http://k.061899.xyz/k.php?id=jtyy, IPv_Type: ipv6, Location: 美国, ISP: CloudFlare Inc., Date: None, Delay: -1 ms, Speed: 0.00 M/s, Resolution: None
Name: CHC家庭影院, URL: http://j.s.bkpcp.top/js/chcjtdy, IPv_Type: ipv6, Location: 美国, ISP: CloudFlare Inc., Date: None, Delay: -1 ms, Speed: 0.00 M/s, Resolution: None
Name: CHC家庭影院, URL: https://migu.188766.xyz/?migutoken=bea68c53620706661db8f95b3087464f&id=CHC%E5%AE%B6%E5%BA%AD%E5%BD%B1%E9%99%A2&pp=1, IPv_Type: ipv6, Location: 美国, ISP: CloudFlare Inc., Date: None, Delay: -1 ms, Speed: 0.00 M/s, Resolution: None
Name: CHC家庭影院, URL: http://live.catvod.com/catvod.php?id=chcjt, IPv_Type: ipv6, Location: 新加坡, ISP: Aceville Pte.Ltd., Date: None, Delay: -1 ms, Speed: 0.00 M/s, Resolution: None
Name: CHC家庭影院, URL: https://migu.188766.xyz/?migutoken=a2d0845bde58cc6bc07c253a8c2236e0&id=CHC%E5%AE%B6%E5%BA%AD%E5%BD%B1%E9%99%A2&pp=1, IPv_Type: ipv6, Location: 美国, ISP: CloudFlare Inc., Date: None, Delay: -1 ms, Speed: 0.00 M/s, Resolution: None
Name: CHC家庭影院, URL: https://migu.188766.xyz/?migutoken=19a8ee05e00e1ed0c4f62c2e9f7e5b37&id=CHC%E5%AE%B6%E5%BA%AD%E5%BD%B1%E9%99%A2&pp=1, IPv_Type: ipv6, Location: 美国, ISP: CloudFlare Inc., Date: None, Delay: -1 ms, Speed: 0.00 M/s, Resolution: None
Name: CHC家庭影院, URL: https://migu.188766.xyz/?migutoken=01f6729ef13d535c796259b7a4bb9819&id=CHC%E5%AE%B6%E5%BA%AD%E5%BD%B1%E9%99%A2&pp=1, IPv_Type: ipv6, Location: 美国, ISP: CloudFlare Inc., Date: None, Delay: -1 ms, Speed: 0.00 M/s, Resolution: None
Name: CHC家庭影院, URL: https://migu.188766.xyz/?migutoken=09142243bb91de6f77b5c1a2d9459e95&id=CHC%E5%AE%B6%E5%BA%AD%E5%BD%B1%E9%99%A2&pp=1, IPv_Type: ipv6, Location: 美国, ISP: CloudFlare Inc., Date: None, Delay: -1 ms, Speed: 0.00 M/s, Resolution: None
Name: CHC家庭影院, URL: http://gat.bkpcp.top/ymg.php, IPv_Type: ipv6, Location: 美国, ISP: CloudFlare Inc., Date: None, Delay: -1 ms, Speed: 0.00 M/s, Resolution: None
Name: CHC家庭影院, URL: http://z.b.bkpcp.top/m.php, IPv_Type: ipv6, Location: 美国, ISP: CloudFlare Inc., Date: None, Delay: -1 ms, Speed: 0.00 M/s, Resolution: None
Name: CHC家庭影院, URL: https://migu.188766.xyz/?migutoken=b86cbe0dd33c2cbe4769949683152078&id=CHC%E5%AE%B6%E5%BA%AD%E5%BD%B1%E9%99%A2&pp=1, IPv_Type: ipv6, Location: 美国, ISP: CloudFlare Inc., Date: None, Delay: -1 ms, Speed: 0.00 M/s, Resolution: None
Name: CHC家庭影院, URL: https://migu.188766.xyz/?migutoken=0d7aed72cdb3ad4567bb23367d95e2d5&id=CHC%E5%AE%B6%E5%BA%AD%E5%BD%B1%E9%99%A2&pp=1, IPv_Type: ipv6, Location: 美国, ISP: CloudFlare Inc., Date: None, Delay: -1 ms, Speed: 0.00 M/s, Resolution: None
Name: CHC家庭影院, URL: https://migu.188766.xyz/?migutoken=562ba062738e6f7f63bf0f859824fb09&id=CHC%E5%AE%B6%E5%BA%AD%E5%BD%B1%E9%99%A2&pp=1, IPv_Type: ipv6, Location: 美国, ISP: CloudFlare Inc., Date: None, Delay: -1 ms, Speed: 0.00 M/s, Resolution: None
Name: CHC家庭影院, URL: https://migu.188766.xyz/?migutoken=771d5c9b5222d0bf15d4cb917e073dd2&id=CHC%E5%AE%B6%E5%BA%AD%E5%BD%B1%E9%99%A2&pp=1, IPv_Type: ipv6, Location: 美国, ISP: CloudFlare Inc., Date: None, Delay: -1 ms, Speed: 0.00 M/s, Resolution: None
Name: CHC家庭影院, URL: https://migu.188766.xyz/?migutoken=da7d59a86a2e334b69ad4765282c85af&id=CHC%E5%AE%B6%E5%BA%AD%E5%BD%B1%E9%99%A2&pp=1, IPv_Type: ipv6, Location: 美国, ISP: CloudFlare Inc., Date: None, Delay: -1 ms, Speed: 0.00 M/s, Resolution: None
Name: CHC家庭影院, URL: https://migu.188766.xyz/?migutoken=497c21ef2c084bc78c93f5b8d1e54d1a&id=CHC%E5%AE%B6%E5%BA%AD%E5%BD%B1%E9%99%A2&pp=1, IPv_Type: ipv6, Location: 美国, ISP: CloudFlare Inc., Date: None, Delay: -1 ms, Speed: 0.00 M/s, Resolution: None
Name: CHC家庭影院, URL: https://mursor.ottiptv.cc/migu/644368373.m3u8?migutoken=eda0112e6a1f0fac1c6d7d1bba6e6bf6f4bad80594800fe209a244e76507b80132e671dc1045ca63e497f73f714e92acba8837381116572cad1ef61ce9ddcc4ec333dd4414d08865970e33e630, IPv_Type: ipv6, Location: 美国, ISP: Oracle Corporation, Date: None, Delay: -1 ms, Speed: 0.00 M/s, Resolution: None
Name: CHC家庭影院, URL: https://migu.188766.xyz/?migutoken=1d2aae4c4233178928277e5322b57c56&id=CHC%E5%AE%B6%E5%BA%AD%E5%BD%B1%E9%99%A2&pp=1, IPv_Type: ipv6, Location: 美国, ISP: CloudFlare Inc., Date: None, Delay: -1 ms, Speed: 0.00 M/s, Resolution: None
Name: CHC家庭影院, URL: https://migu.188766.xyz/?migutoken=12301e68486728c6ab0610defd208a61&id=CHC%E5%AE%B6%E5%BA%AD%E5%BD%B1%E9%99%A2&pp=1, IPv_Type: ipv6, Location: 美国, ISP: CloudFlare Inc., Date: None, Delay: -1 ms, Speed: 0.00 M/s, Resolution: None
Name: CHC家庭影院, URL: https://migu.188766.xyz/?migutoken=53724062ad7b60001eacd4f5c0949043&id=CHC%E5%AE%B6%E5%BA%AD%E5%BD%B1%E9%99%A2&pp=1, IPv_Type: ipv6, Location: 美国, ISP: CloudFlare Inc., Date: None, Delay: -1 ms, Speed: 0.00 M/s, Resolution: None
Name: CHC家庭影院, URL: https://migu.188766.xyz/?migutoken=3ee54eb1c4b91f8d4b1c752d75ab829f&id=CHC%E5%AE%B6%E5%BA%AD%E5%BD%B1%E9%99%A2&pp=1, IPv_Type: ipv6, Location: 美国, ISP: CloudFlare Inc., Date: None, Delay: -1 ms, Speed: 0.00 M/s, Resolution: None
Name: CHC家庭影院, URL: https://mgtv.ottiptv.cc/migu/644368373.m3u8?migutoken=96653ba44c4403b1bb7de587c539e6861b3a58726df4a0dc3857f7267f85950ff7afe8b2786fbd2ac2cf4dac4e7c05e77b8ed3986bc9c3ab9e62fed4ec527924cf1c81957481f68bdd780f9489, IPv_Type: ipv6, Location: 美国, ISP: Oracle Corporation, Date: None, Delay: -1 ms, Speed: 0.00 M/s, Resolution: None
Name: CHC家庭影院, URL: https://migu.188766.xyz/?migutoken=0acdb0bfd45c089107c9cb312c6882f2&id=CHC%E5%AE%B6%E5%BA%AD%E5%BD%B1%E9%99%A2&pp=1, IPv_Type: ipv6, Location: 美国, ISP: CloudFlare Inc., Date: None, Delay: -1 ms, Speed: 0.00 M/s, Resolution: None
Name: CHC家庭影院, URL: https://migu.188766.xyz/?migutoken=e268731749b06407261d80959415ccbd&id=CHC%E5%AE%B6%E5%BA%AD%E5%BD%B1%E9%99%A2&type=yy, IPv_Type: ipv6, Location: 美国, ISP: CloudFlare Inc., Date: None, Delay: -1 ms, Speed: 0.00 M/s, Resolution: None
Name: CHC家庭影院, URL: https://mgtv.ottiptv.cc/migu/644368373.m3u8?migutoken=02f6073a65cfa4b76b8198be1bbc271ad8399a5a7eba28b6d2b5a1fd269162f4e5d78202d5515f6a21832743887f1e19f9c93e34c348532e77d8b083727e41097fb2ee9c27f1606dea802ad3d5, IPv_Type: ipv6, Location: 美国, ISP: Oracle Corporation, Date: None, Delay: -1 ms, Speed: 0.00 M/s, Resolution: None
Name: CHC家庭影院, URL: https://migu.188766.xyz/?migutoken=6c4b693c21cc4d2a3dbc9e44c8d06019&id=CHC%E5%AE%B6%E5%BA%AD%E5%BD%B1%E9%99%A2&type=yy, IPv_Type: ipv6, Location: 美国, ISP: CloudFlare Inc., Date: None, Delay: -1 ms, Speed: 0.00 M/s, Resolution: None
Name: CHC家庭影院, URL: https://mgtv.ottiptv.cc/mg/644368373.m3u8?sign=bda539eec2bb0ede8adbb107fcdc9993&tm=1757355490&token=072f4527703a45daa10a910c53fd653d5df5967341cf62fd859165a75cc3b6f2ae98138455253d9c9ac756a91e35dab648886b61f038012df542942ca2502a10bbd4d0abfb15d675d25435f808, IPv_Type: ipv6, Location: 美国-新泽西州-巴赛克, ISP: DigitalOcean, Date: None, Delay: -1 ms, Speed: 0.00 M/s, Resolution: None
Name: CHC家庭影院, URL: https://migu.188766.xyz/?migutoken=7c8d28c2b5cf06b04af7bf909a054f5e&id=CHC%E5%AE%B6%E5%BA%AD%E5%BD%B1%E9%99%A2&type=yy, IPv_Type: ipv6, Location: 美国, ISP: CloudFlare Inc., Date: None, Delay: -1 ms, Speed: 0.00 M/s, Resolution: None
Name: CHC家庭影院, URL: https://migu.188766.xyz/?migutoken=910c6b2faa097e78bc6aaf5cfcac3574&id=CHC%E5%AE%B6%E5%BA%AD%E5%BD%B1%E9%99%A2&type=yy, IPv_Type: ipv6, Location: 美国, ISP: CloudFlare Inc., Date: None, Delay: -1 ms, Speed: 0.00 M/s, Resolution: None
Name: CHC家庭影院, URL: https://migu.188766.xyz/?migutoken=cd9bdc48fb22ef5389bc030844906526&id=CHC%E5%AE%B6%E5%BA%AD%E5%BD%B1%E9%99%A2&type=yy, IPv_Type: ipv6, Location: 美国, ISP: CloudFlare Inc., Date: None, Delay: -1 ms, Speed: 0.00 M/s, Resolution: None
Name: CHC家庭影院, URL: https://migu.188766.xyz/?migutoken=ac8ce3f4e16467ad78a7e0eb5d165bed&id=CHC%E5%AE%B6%E5%BA%AD%E5%BD%B1%E9%99%A2&type=yy, IPv_Type: ipv6, Location: 美国, ISP: CloudFlare Inc., Date: None, Delay: -1 ms, Speed: 0.00 M/s, Resolution: None
Name: CHC家庭影院, URL: http://z.b.bkpcp.top/m.php?id=jtyy, IPv_Type: ipv6, Location: 美国, ISP: CloudFlare Inc., Date: None, Delay: -1 ms, Speed: 0.00 M/s, Resolution: None
Name: CHC动作电影, URL: http://z.b.bkpcp.top/m.php, IPv_Type: ipv6, Location: 美国, ISP: CloudFlare Inc., Date: None, Delay: -1 ms, Speed: 0.00 M/s, Resolution: None
Name: CHC动作电影, URL: http://goo.bkpcp.top/mg/dzdy, IPv_Type: ipv6, Location: 美国, ISP: CloudFlare Inc., Date: None, Delay: -1 ms, Speed: 0.00 M/s, Resolution: None
Name: CHC动作电影, URL: http://eastscreen.tv/ooooo.php, IPv_Type: ipv6, Location: 美国, ISP: CloudFlare Inc., Date: None, Delay: -1 ms, Speed: 0.00 M/s, Resolution: None
Name: CHC动作电影, URL: http://[2409:8087:1a01:df::4021]:80/TVOD/88888888/224/3221225555/main.m3u8, IPv_Type: ipv6, Location: 中国, ISP: 中国移动, Date: None, Delay: -1 ms, Speed: 0.00 M/s, Resolution: None
Name: CHC动作电影, URL: http://[2409:8087:4c0a:22:1::11]:6410/170000001115/UmaiCHAN6380763222d00/index.m3u8?m3u8_level=2, IPv_Type: ipv6, Location: 中国, ISP: 中国移动, Date: None, Delay: -1 ms, Speed: 0.00 M/s, Resolution: None
Name: CHC动作电影, URL: http://eastscreen.tv/ooooo.php?id=chcdz, IPv_Type: ipv6, Location: 美国, ISP: CloudFlare Inc., Date: None, Delay: -1 ms, Speed: 0.00 M/s, Resolution: None
Name: CHC动作电影, URL: https://stream.freetv.fun/2f2e29b8759a2458730dc1f3686024472691952a50e787fe075944d0cb17f36e.ctv, IPv_Type: ipv6, Location: 美国, ISP: CloudFlare Inc., Date: None, Delay: -1 ms, Speed: 0.00 M/s, Resolution: None
Name: CHC动作电影, URL: http://z.b.bkpcp.top/m.php?id=dzdy, IPv_Type: ipv6, Location: 美国, ISP: CloudFlare Inc., Date: None, Delay: -1 ms, Speed: 0.00 M/s, Resolution: None
Name: CHC动作电影, URL: http://data.3g.yy.com/live/hls/1382735573/1382735573, IPv_Type: ipv6, Location: 中国, ISP: 中国电信, Date: None, Delay: -1 ms, Speed: 0.00 M/s, Resolution: None
Name: CHC动作电影, URL: http://tv.scjyhd.com:4022/udp/239.11.0.142:5140, IPv_Type: ipv6, Location: 中国, ISP: 中国移动, Date: None, Delay: -1 ms, Speed: 0.00 M/s, Resolution: None
Name: CHC动作电影, URL: https://stream1.freetv.fun/chcdong-zuo-dian-ying-24.ctv, IPv_Type: ipv6, Location: 美国, ISP: CloudFlare Inc., Date: None, Delay: -1 ms, Speed: 0.00 M/s, Resolution: None
Name: CHC动作电影, URL: http://sport.pendy.dpdns.org/migu/644368714?token=BCDxUPC2aE0y0iz8JYzYhWA21b8DBPXm4Tw9nHe0T-ftD1MRmsBCXZPPiHXeDz7cNybVmmXGazeeaHKpxyYgEA, IPv_Type: ipv6, Location: 美国, ISP: CloudFlare Inc., Date: None, Delay: -1 ms, Speed: 0.00 M/s, Resolution: None
Name: CHC动作电影, URL: http://live.catvod.com/catvod.php?id=chcdz, IPv_Type: ipv6, Location: 新加坡, ISP: Aceville Pte.Ltd., Date: None, Delay: -1 ms, Speed: 0.00 M/s, Resolution: None
Name: CHC动作电影, URL: https://migu.188766.xyz/?migutoken=a0f702525b38e0aae5cf651de2bda974&id=CHC%E5%8A%A8%E4%BD%9C%E7%94%B5%E5%BD%B1&pp=1, IPv_Type: ipv6, Location: 美国, ISP: CloudFlare Inc., Date: None, Delay: -1 ms, Speed: 0.00 M/s, Resolution: None
Name: CHC动作电影, URL: https://migu.188766.xyz/?migutoken=14dbf2ada3a4f183d2efba1c06cc34d7&id=CHC%E5%8A%A8%E4%BD%9C%E7%94%B5%E5%BD%B1&pp=1, IPv_Type: ipv6, Location: 美国, ISP: CloudFlare Inc., Date: None, Delay: -1 ms, Speed: 0.00 M/s, Resolution: None
Name: CHC动作电影, URL: https://migu.188766.xyz/?migutoken=5f7ddbc144aaa6a046ced38913096c20&id=CHC%E5%8A%A8%E4%BD%9C%E7%94%B5%E5%BD%B1&pp=1, IPv_Type: ipv6, Location: 美国, ISP: CloudFlare Inc., Date: None, Delay: -1 ms, Speed: 0.00 M/s, Resolution: None
Name: CHC动作电影, URL: https://migu.188766.xyz/?migutoken=cd888a040d601d0c75fe6b214eb2252a&id=CHC%E5%8A%A8%E4%BD%9C%E7%94%B5%E5%BD%B1&pp=1, IPv_Type: ipv6, Location: 美国, ISP: CloudFlare Inc., Date: None, Delay: -1 ms, Speed: 0.00 M/s, Resolution: None
Name: CHC动作电影, URL: https://migu.188766.xyz/?migutoken=2d9fc51155876f62397baca2a00ff2f5&id=CHC%E5%8A%A8%E4%BD%9C%E7%94%B5%E5%BD%B1&pp=1, IPv_Type: ipv6, Location: 美国, ISP: CloudFlare Inc., Date: None, Delay: -1 ms, Speed: 0.00 M/s, Resolution: None
Name: CHC动作电影, URL: https://migu.188766.xyz/?migutoken=e3e3e5b9383cc30f6cb2893028b16f21&id=CHC%E5%8A%A8%E4%BD%9C%E7%94%B5%E5%BD%B1&pp=1, IPv_Type: ipv6, Location: 美国, ISP: CloudFlare Inc., Date: None, Delay: -1 ms, Speed: 0.00 M/s, Resolution: None
Name: CHC动作电影, URL: https://migu.188766.xyz/?migutoken=5a004e66d63dbc4a9d83bd3607427c48&id=CHC%E5%8A%A8%E4%BD%9C%E7%94%B5%E5%BD%B1&pp=1, IPv_Type: ipv6, Location: 美国, ISP: CloudFlare Inc., Date: None, Delay: -1 ms, Speed: 0.00 M/s, Resolution: None
Name: CHC动作电影, URL: https://migu.188766.xyz/?migutoken=7d5391cf1e3b41074db5992924ba050e&id=CHC%E5%8A%A8%E4%BD%9C%E7%94%B5%E5%BD%B1&pp=1, IPv_Type: ipv6, Location: 美国, ISP: CloudFlare Inc., Date: None, Delay: -1 ms, Speed: 0.00 M/s, Resolution: None
Name: CHC动作电影, URL: https://migu.188766.xyz/?migutoken=2969228060f4a452ee048889d521cf86&id=CHC%E5%8A%A8%E4%BD%9C%E7%94%B5%E5%BD%B1&pp=1, IPv_Type: ipv6, Location: 美国, ISP: CloudFlare Inc., Date: None, Delay: -1 ms, Speed: 0.00 M/s, Resolution: None
Name: CHC动作电影, URL: https://migu.188766.xyz/?migutoken=02895d8e09faaadf46717953e27afd93&id=CHC%E5%8A%A8%E4%BD%9C%E7%94%B5%E5%BD%B1&pp=1, IPv_Type: ipv6, Location: 美国, ISP: CloudFlare Inc., Date: None, Delay: -1 ms, Speed: 0.00 M/s, Resolution: None
Name: CHC动作电影, URL: https://migu.188766.xyz/?migutoken=4c05cbf8bb50b243732d0d801edc5da9&id=CHC%E5%8A%A8%E4%BD%9C%E7%94%B5%E5%BD%B1&pp=1, IPv_Type: ipv6, Location: 美国, ISP: CloudFlare Inc., Date: None, Delay: -1 ms, Speed: 0.00 M/s, Resolution: None
Name: CHC动作电影, URL: https://migu.188766.xyz/?migutoken=d030406d184ee5e84b787a0ab36facff&id=CHC%E5%8A%A8%E4%BD%9C%E7%94%B5%E5%BD%B1&pp=1, IPv_Type: ipv6, Location: 美国, ISP: CloudFlare Inc., Date: None, Delay: -1 ms, Speed: 0.00 M/s, Resolution: None
Name: CHC动作电影, URL: https://migu.188766.xyz/?migutoken=ac49feba0e54d452e18f2baa36c7f915&id=CHC%E5%8A%A8%E4%BD%9C%E7%94%B5%E5%BD%B1&pp=1, IPv_Type: ipv6, Location: 美国, ISP: CloudFlare Inc., Date: None, Delay: -1 ms, Speed: 0.00 M/s, Resolution: None
Name: CHC动作电影, URL: https://migu.188766.xyz/?migutoken=8d6a6789447be288f1e28c3561c0af76&id=CHC%E5%8A%A8%E4%BD%9C%E7%94%B5%E5%BD%B1&pp=1, IPv_Type: ipv6, Location: 美国, ISP: CloudFlare Inc., Date: None, Delay: -1 ms, Speed: 0.00 M/s, Resolution: None
Name: CHC动作电影, URL: https://migu.188766.xyz/?migutoken=ad42f8abc3b36ccf046892987f9ca8ac&id=CHC%E5%8A%A8%E4%BD%9C%E7%94%B5%E5%BD%B1&pp=1, IPv_Type: ipv6, Location: 美国, ISP: CloudFlare Inc., Date: None, Delay: -1 ms, Speed: 0.00 M/s, Resolution: None
Name: CHC动作电影, URL: https://migu.188766.xyz/?migutoken=f1a9789216f5cd686e7e8568e70f607a&id=CHC%E5%8A%A8%E4%BD%9C%E7%94%B5%E5%BD%B1&pp=1, IPv_Type: ipv6, Location: 美国, ISP: CloudFlare Inc., Date: None, Delay: -1 ms, Speed: 0.00 M/s, Resolution: None
Name: CHC动作电影, URL: https://migu.188766.xyz/?migutoken=b08dcb6ae2e31bde46baf3216ba54898&id=CHC%E5%8A%A8%E4%BD%9C%E7%94%B5%E5%BD%B1&type=yy, IPv_Type: ipv6, Location: 美国, ISP: CloudFlare Inc., Date: None, Delay: -1 ms, Speed: 0.00 M/s, Resolution: None
Name: CHC动作电影, URL: https://migu.188766.xyz/?migutoken=3e41706b857c643b3224b709d052e53c&id=CHC%E5%8A%A8%E4%BD%9C%E7%94%B5%E5%BD%B1&type=yy, IPv_Type: ipv6, Location: 美国, ISP: CloudFlare Inc., Date: None, Delay: -1 ms, Speed: 0.00 M/s, Resolution: None
Name: CHC动作电影, URL: https://migu.188766.xyz/?migutoken=b7d85cf384a3802ee3e697162c7cb1e4&id=CHC%E5%8A%A8%E4%BD%9C%E7%94%B5%E5%BD%B1&type=yy, IPv_Type: ipv6, Location: 美国, ISP: CloudFlare Inc., Date: None, Delay: -1 ms, Speed: 0.00 M/s, Resolution: None
Name: CHC动作电影, URL: https://migu.188766.xyz/?migutoken=ab92cf9e05d096fd3a01e4adc09abd09&id=CHC%E5%8A%A8%E4%BD%9C%E7%94%B5%E5%BD%B1&type=yy, IPv_Type: ipv6, Location: 美国, ISP: CloudFlare Inc., Date: None, Delay: -1 ms, Speed: 0.00 M/s, Resolution: None
Name: CHC动作电影, URL: https://migu.188766.xyz/?migutoken=15b62d4eb926bfe288d8c474470e61d5&id=CHC%E5%8A%A8%E4%BD%9C%E7%94%B5%E5%BD%B1&type=yy, IPv_Type: ipv6, Location: 美国, ISP: CloudFlare Inc., Date: None, Delay: -1 ms, Speed: 0.00 M/s, Resolution: None
Name: CHC高清电影, URL: http://[2409:8087:4c0d:22:2::157]:6610/170000001115/UmaiCHAN6380764b172c9/1.m3u8?m3u8_level=2, IPv_Type: ipv6, Location: 中国, ISP: 中国移动, Date: None, Delay: -1 ms, Speed: 0.00 M/s, Resolution: None
Name: CHC高清电影, URL: http://[2409:8087:4c0a:22:1::11]:6410/170000001115/UmaiCHAN6380764b172c9/index.m3u8, IPv_Type: ipv6, Location: 中国, ISP: 中国移动, Date: None, Delay: -1 ms, Speed: 0.00 M/s, Resolution: None
Name: CHC影迷电影, URL: http://sport.pendy.dpdns.org/migu/952383261?token=BCDxUPC2aE0y0iz8JYzYhWA21b8DBPXm4Tw9nHe0T-ftD1MRmsBCXZPPiHXeDz7cNybVmmXGazeeaHKpxyYgEA, IPv_Type: ipv6, Location: 美国, ISP: CloudFlare Inc., Date: None, Delay: -1 ms, Speed: 0.00 M/s, Resolution: None
Name: CHC影迷电影, URL: https://stream1.freetv.fun/chcying-mi-dian-ying-12.ctv, IPv_Type: ipv6, Location: 美国, ISP: CloudFlare Inc., Date: None, Delay: -1 ms, Speed: 0.00 M/s, Resolution: None
Name: CHC影迷电影, URL: https://stream1.freetv.fun/chcying-mi-dian-ying-15.ctv, IPv_Type: ipv6, Location: 美国, ISP: CloudFlare Inc., Date: None, Delay: -1 ms, Speed: 0.00 M/s, Resolution: None
Name: CHC影迷电影, URL: http://eastscreen.tv/ooooo.php, IPv_Type: ipv6, Location: 美国, ISP: CloudFlare Inc., Date: None, Delay: -1 ms, Speed: 0.00 M/s, Resolution: None
Name: CHC影迷电影, URL: https://migu.188766.xyz/?migutoken=cba3ea508f820fa23c15bc9ded5355f1&id=CHC%E5%BD%B1%E8%BF%B7%E7%94%B5%E5%BD%B1&pp=1, IPv_Type: ipv6, Location: 美国, ISP: CloudFlare Inc., Date: None, Delay: -1 ms, Speed: 0.00 M/s, Resolution: None
Name: 淘剧场, URL: http://dsj.motem.top:8880/bptv/10000100000000050000000003887497.m3u8, IPv_Type: ipv6, Location: 美国, ISP: CloudFlare Inc., Date: None, Delay: -1 ms, Speed: 0.00 M/s, Resolution: None
Name: 淘剧场, URL: http://zjzcf.synology.me:35455/bptv/10000100000000050000000003887497.m3u8, IPv_Type: ipv6, Location: 中国, ISP: 中国移动, Date: None, Delay: -1 ms, Speed: 0.00 M/s, Resolution: None
Name: 淘娱乐, URL: http://dsj.motem.top:8880/bptv/10000100000000050000000003887499.m3u8, IPv_Type: ipv6, Location: 美国, ISP: CloudFlare Inc., Date: None, Delay: -1 ms, Speed: 0.00 M/s, Resolution: None
Name: 淘娱乐, URL: http://zjzcf.synology.me:35455/bptv/10000100000000050000000003887499.m3u8, IPv_Type: ipv6, Location: 中国, ISP: 中国移动, Date: None, Delay: -1 ms, Speed: 0.00 M/s, Resolution: None
Name: 淘电影, URL: http://yc.myds.me:35455/bptv/10000100000000050000000003887498.m3u8, IPv_Type: ipv6, Location: 中国, ISP: 中国电信, Date: None, Delay: -1 ms, Speed: 0.00 M/s, Resolution: None
Name: 淘电影, URL: http://dsj.motem.top:8880/bptv/10000100000000050000000003887498.m3u8, IPv_Type: ipv6, Location: 美国, ISP: CloudFlare Inc., Date: None, Delay: -1 ms, Speed: 0.00 M/s, Resolution: None
Name: 淘电影, URL: http://nas.suntao.online:35455/bptv/10000100000000050000000003887498.m3u8, IPv_Type: ipv6, Location: 中国, ISP: 中国联通, Date: None, Delay: -1 ms, Speed: 0.00 M/s, Resolution: None
Name: NewTV惊悚悬疑, URL: http://php.jdshipin.com/TVOD/hnyd.php?id=200000001898/460000089800010077, IPv_Type: ipv6, Location: 美国, ISP: CloudFlare Inc., Date: None, Delay: -1 ms, Speed: 0.00 M/s, Resolution: None
Name: NewTV动作电影, URL: http://php.jdshipin.com/TVOD/hnyd.php?id=200000001898/460000089800010003, IPv_Type: ipv6, Location: 美国, ISP: CloudFlare Inc., Date: None, Delay: -1 ms, Speed: 0.00 M/s, Resolution: None
Name: 黑莓电影, URL: http://php.jdshipin.com/TVOD/hnyd.php?id=200000001898/460000089800010073, IPv_Type: ipv6, Location: 美国, ISP: CloudFlare Inc., Date: None, Delay: -1 ms, Speed: 0.00 M/s, Resolution: None
Name: 黑莓电影, URL: http://[2409:8087:3869:8021:1001::e5]:6610/PLTV/88888888/224/3221225764/2/index.m3u8, IPv_Type: ipv6, Location: 中国, ISP: 中国移动, Date: None, Delay: -1 ms, Speed: 0.00 M/s, Resolution: None
Name: 黑莓电影, URL: http://[2409:8087:3869:8021:1001::e5]:6610/PLTV/88888888/224/3221225769/2/index.m3u8, IPv_Type: ipv6, Location: 中国, ISP: 中国移动, Date: None, Delay: -1 ms, Speed: 0.00 M/s, Resolution: None
Name: 黑莓电影, URL: http://[2409:8087:1a01:df::4001]:80/TVOD/88888888/224/3221225681/main.m3u8, IPv_Type: ipv6, Location: 中国, ISP: 中国移动, Date: None, Delay: -1 ms, Speed: 0.00 M/s, Resolution: None
Name: 黑莓电影, URL: http://[2409:8087:2001:20:2800:0:df6e:eb08]/ott.mobaibox.com/PLTV/3/224/3221227520/index.m3u8, IPv_Type: ipv6, Location: 中国, ISP: 中国移动, Date: None, Delay: -1 ms, Speed: 0.00 M/s, Resolution: None
Name: 黑莓电影, URL: https://epg.pw/stream/ffcb6572863f0745a7369fbd9d901f1dfd0ab8fab8bad8bebb4e01c90b303c47.m3u8, IPv_Type: ipv6, Location: 美国, ISP: CloudFlare Inc., Date: None, Delay: -1 ms, Speed: 0.00 M/s, Resolution: None
Name: 靖天映画, URL: https://tv.iill.top/litv/4gtv-4gtv055, IPv_Type: ipv6, Location: 美国, ISP: CloudFlare Inc., Date: None, Delay: -1 ms, Speed: 0.00 M/s, Resolution: None
Name: 靖天戏剧, URL: http://serv00.bkpcp.top/litv3.php?id=4gtv-4gtv058, IPv_Type: ipv6, Location: 美国, ISP: CloudFlare Inc., Date: None, Delay: -1 ms, Speed: 0.00 M/s, Resolution: None
Name: 靖天戏剧, URL: https://tv.iill.top/litv/4gtv-4gtv058, IPv_Type: ipv6, Location: 美国, ISP: CloudFlare Inc., Date: None, Delay: -1 ms, Speed: 0.00 M/s, Resolution: None
Name: 靖天戏剧, URL: http://serv00.bkpcp.top/litv3.php, IPv_Type: ipv6, Location: 美国, ISP: CloudFlare Inc., Date: None, Delay: -1 ms, Speed: 0.00 M/s, Resolution: None
Name: 经典电影, URL: http://goo.bkpcp.top/mg/jdxgdy, IPv_Type: ipv6, Location: 美国, ISP: CloudFlare Inc., Date: None, Delay: -1 ms, Speed: 0.00 M/s, Resolution: None
Name: 经典电影, URL: https://tv.iill.top/4gtv/201, IPv_Type: ipv6, Location: 美国, ISP: CloudFlare Inc., Date: None, Delay: -1 ms, Speed: 0.00 M/s, Resolution: None
Name: 经典电影, URL: https://mursor.ottiptv.cc/bilibili/1777481601, IPv_Type: ipv6, Location: 美国-加利福尼亚州-圣克拉拉, ISP: DigitalOcean, Date: None, Delay: -1 ms, Speed: 0.00 M/s, Resolution: None
Name: 天映经典, URL: http://tl.061833.xyz/tl/null-1, IPv_Type: ipv6, Location: 美国, ISP: CloudFlare Inc., Date: None, Delay: -1 ms, Speed: 0.00 M/s, Resolution: None
Name: 天映经典, URL: http://j.s.bkpcp.top/jj/tyjd, IPv_Type: ipv6, Location: 美国, ISP: CloudFlare Inc., Date: None, Delay: -1 ms, Speed: 0.00 M/s, Resolution: None
Name: 天映经典, URL: https://live.tvfix.org/live/tyjd/index.m3u8, IPv_Type: ipv6, Location: 美国, ISP: CloudFlare Inc., Date: None, Delay: -1 ms, Speed: 0.00 M/s, Resolution: None
Name: 天映经典, URL: https://011v4.pendy.dpdns.org/stream/tvb/cccm/master.m3u8?u=judy&p=213f2541f159ac2ec56f4173f3731fdd6ac1ea725a0c7892870cf85ea22cb3cc, IPv_Type: ipv6, Location: 美国, ISP: CloudFlare Inc., Date: None, Delay: -1 ms, Speed: 0.00 M/s, Resolution: None
Name: 天映经典, URL: https://iptv.mydiver.eu.org/live/encrypted/NWM2YTg0NWUxNjBiYzZiNjY5M2YxMTAxZTM1MGUyZTM6YjRjNGI1YjNlNWFhY2I3YjkzZTQzMzQ4ODliMTVhZWNmZDJiODZjNGU2YzU0NGYxMWEwNGFiOWViOGQxZjc0MzhjZDg5Yzg2NTZlMzQzODQ2MWFjNTU5MzMyZDFjNzEwODE2MDQ1MDg3N2M3ZTRmNDQyY2I4ZWNkMTZkYWJkNzA4YmEzMThlOGFhOGZlZTljYzRkMWIyOWU0NzIzZDMyMjgxNGJmNjdlOWIzNWMxMjQxYjBjY2I3MGMyNGJlNzFmZjViNmVhNzM0MzFiMWNmMjcxNjVjY2RhMWU5OTRiOGIwOTgzNTgxOTRlNmQ2OTQxOWZmZDY2ODc0YTRjN2RjMjZmMTJlMTU3NmQ2OWNmZjllMjIwZDAwNGQ5MzhlNzdlZmJjYmI4MWVkZDAyZDMwOTg5Yzg5NzhiYzM2ZGEzMzlhMTA0YzIxYzIyYWVkOTJhY2I5NjllN2IzOTFkOWJhMjhkYjFkMWQxZjMzOTIxYWRhZDg4MjY3YjYxNGZiOWU2?username=tg_vnpu89z4, IPv_Type: ipv6, Location: 美国, ISP: CloudFlare Inc., Date: None, Delay: -1 ms, Speed: 0.00 M/s, Resolution: None
Name: 天映经典, URL: https://iptv.mydiver.eu.org/live/encrypted/YzAzNTRiMmE1MGNmMTllMTQ0YjJjMGE1MDBiNjgwZjE6YjlkNzVlNzUzZDM4MTJjNjVjYmEzOTE4MTNjNmFlZTE2ZGZkNWI4NWU2ZGJiNzAzYzBjNTkxMzFhMTE0ODA0MjVkYzczYzBjNWY2NDI2YTQ3ODUyMjNhNGM4ZTlmZjg1MzY5ZTI3OGJhNDhiMDU3MmI0N2ZmYTkyNTQyNDRjZTczMDA0MDQzMDliNTdhYzVjMzU5ODMzYjE1OWM3NDg5OGJiNWVlNzk2MjE3NGE3ZmZkNjk1YWJhYWNlNjdjYjJlOWNkZmZjODc5MDEyYzY4NGZjMDZiNjFhNTRhMDRmOWViMjc2OTNkMTEzYzEwNGJkOTFjM2Q1MTNlM2E1YmFmMzNlYmQ1YjQzOTcxODk5MzMzNzYxMzhkNWM0ZTFmMDU2NjM3MDIzYTU2NjVmZDBkN2YwZjI4YWM3NWQyN2NjNzY0MWVmZTYzZjliNTUzM2MxNjllMDYzYTA3OGE0Nzk4YjAyMDI0NjdmZDY3OWQwM2RkOTQzOWQ4OTQxNDhmMGUz?username=tg_vnpu89z4, IPv_Type: ipv6, Location: 美国, ISP: CloudFlare Inc., Date: None, Delay: -1 ms, Speed: 0.00 M/s, Resolution: None
Name: 天映经典, URL: https://iptv.mydiver.eu.org/live/encrypted/ODM3YzNhMzBmMTMxMGNlOWY3NmYwMzE5NTNjNGQ4YTE6MzJiZDk4NDg3NTg2N2MzNmFlZDAyOTI2NGJjYWZiNWQ3MGZmYWRjZWY1ODQzZmQwM2ExNTVkYTZhZTIwY2Q1YTg1NmI0NDM1OWFjNTdjN2RkZjVjYzJjM2E1YmZjYTVkNDBkZWNmYTZiODg4MmRlYjBlMjNjOTRkODE4MmRjOTEzNTg2YTU0OWYwODU1MDU2NjQ0YjFhY2RkZWNjN2Q5YjdhZDY4NDI2MGRlNDNlMDljOGM3ODVhOWEwZjVjYzA0NzhkY2UyMjU3MjJlNjBmMzg2YzliOTFkZmVjNTc0ZWQ0ZTAxMzljNGM3MmQzYzQzMTQzNDhiY2VkNjk0NTBlYjEzMmY0NzIwNzdlM2Y4OGE1ZTIxODI5NTdjZTcxNGMwMjE5ZjUzNTYyYmIzOWQxYTliZWQ5YjM3MDY4MWU1ZmZmZTdlNjJkZDg3NDI5Nzg4YTFjNmRmMDQ0MjM5NDQ1NjFiZWE5YjI1NjRmYWQ3NDkxZjg4OGQwZmM0M2RkODYy?username=tg_vnpu89z4, IPv_Type: ipv6, Location: 美国, ISP: CloudFlare Inc., Date: None, Delay: -1 ms, Speed: 0.00 M/s, Resolution: None
Name: 天映经典, URL: https://iptv.mydiver.eu.org/live/encrypted/M2M3ZjA2MWFhMTU0Y2YxNzJjMDNjZDhiZWUxM2RjMzI6MTZmNDMwZWU5MmI4OWMwNjBmZGRhZjczZTI3NDYyNWQzNmNmMzU0YTE4MDFlZGY5ZjYxYWQwOWExYTMzZGZiM2VjMmRhZmYxMGZiMTM5ODcxNDJmMDIwNzgzZTk1NDMyYTQ4ZjY3NjI3NzUxYzk3NzViZGIyYThjM2JmNjdmY2Q3YjkxYjI2MDVhYjZmZjMyNDNkNjg2YzViMTY0OTM4YjE2Nzg0NjRjNmQ1NWFiYWI0NzJjYjRlNDQ4NjdhYmRlZjRlNzFmY2FiMzU3Njc0ZGU1NzFhMGFmMzg3MjgyODEyNGFkNDY3NWRjZTllNTkxMDU0YmZiN2IwMGM5ZDRjZmE2Y2IyYTFhNzBiM2QzOTMzNWMzMmU3MjQ4ODZiNjhiZTNhZjFlZWRjZDEwYWY4MGUzZDdmYTBkZTg5N2U4ZTNjZGZkOWI3OGZkMjljYTBhY2ZiYzIyNWM3YzdiNzA0Y2E1ZGZjMzMzYTA3MmE4ZWM3Mzg0NTBmMjY4MzhiYmU2?username=tg_vnpu89z4, IPv_Type: ipv6, Location: 美国, ISP: CloudFlare Inc., Date: None, Delay: -1 ms, Speed: 0.00 M/s, Resolution: None
Name: 天映经典, URL: https://iptv.mydiver.eu.org/live/encrypted/YTAwZmU2ODk2OTZjODk1YWYzNmY0MGY4MzFkZTQxMWE6YTBhOTk3NzM2NjQ0NzVkMjViYThlOWU2MDM1OTcwNjIzNTg5NDUwOGEzNjMzMWIxMmZhMGI0NjYxOGUwODU3Y2YwZWM1NWJjNTg3YmFkMGFjOTNjNDBjMTJjYmZmNTZhZGE4YWIxMjMxNGU1N2FjOGY0NTA4Njc5NTY2NDYwYzdhYTZjZGFlNTdmNzE4Y2NlODdmNTM4M2FkNGFhZTQ0YmMzM2VkNTkzMWZiY2U5ZDdhNDE5YTY3ZDExNGY3NDVjZmJlZDZjNWNlYzBjYTc5NzU4YjE2MWQ3MzNkYzRiNWE5NDcyY2RkZDFjNzNjY2Q1NGI1MjlhZDMxZDcyMDIyMDc4ZWE0MmQ0NGFlNGFhNTQ4Y2JjZTc4ZWFiMzhmNTM0ZDJmMjYxYWNmMzRlNmQ0MWVhN2U3NjQxYjgyZDEyN2JlN2RhODdmNzMzZjQ2ZmM4MGY3M2U3MTY4MjE2MmViMDU1YjZlYTg5M2JmOTk0MzY4YTExN2JhZjVmMWI1Y2Vk?username=tg_vnpu89z4, IPv_Type: ipv6, Location: 美国, ISP: CloudFlare Inc., Date: None, Delay: -1 ms, Speed: 0.00 M/s, Resolution: None
Name: 天映经典, URL: https://cdn9.163189.xyz/smt1.1.php, IPv_Type: ipv6, Location: 美国, ISP: CloudFlare Inc., Date: None, Delay: -1 ms, Speed: 0.00 M/s, Resolution: None
Name: 天映经典, URL: http://free.cnlive.club/channel/n7e49c99a.m3u8, IPv_Type: ipv6, Location: 美国, ISP: CloudFlare Inc., Date: None, Delay: -1 ms, Speed: 0.00 M/s, Resolution: None
Name: 天映经典, URL: https://migu.188766.xyz/?migutoken=3637f4ae3861b554c9b368728cc8b391&id=Celestial2&type=dy, IPv_Type: ipv6, Location: 美国, ISP: CloudFlare Inc., Date: None, Delay: -1 ms, Speed: 0.00 M/s, Resolution: None
Name: 天映经典, URL: https://epg.pw/stream/cb817875cf26eb683af274dd8cdf7f559a71353d9565c32447c8d98894bc8095.ctv, IPv_Type: ipv6, Location: 美国, ISP: CloudFlare Inc., Date: None, Delay: -1 ms, Speed: 0.00 M/s, Resolution: None
Name: 天映经典, URL: https://migu.188766.xyz/, IPv_Type: ipv6, Location: 美国, ISP: CloudFlare Inc., Date: None, Delay: -1 ms, Speed: 0.00 M/s, Resolution: None
Name: 天映经典, URL: https://classicarts.akamaized.net/hls/live/1024257/CAS/master.m3u8, IPv_Type: ipv6, Location: 美国, ISP: Akamai Technologies Inc., Date: None, Delay: -1 ms, Speed: 0.00 M/s, Resolution: None
Name: 无线星河, URL: http://php.jdshipin.com/smt.php?id=Xinhe, IPv_Type: ipv6, Location: 美国, ISP: CloudFlare Inc., Date: None, Delay: -1 ms, Speed: 0.00 M/s, Resolution: None
Name: 东森电影, URL: https://smart.pendy.dpdns.org/Smart.php, IPv_Type: ipv6, Location: 美国, ISP: CloudFlare Inc., Date: None, Delay: -1 ms, Speed: 0.00 M/s, Resolution: None
Name: 龙祥电影, URL: https://smart.pendy.dpdns.org/Smart.php, IPv_Type: ipv6, Location: 美国, ISP: CloudFlare Inc., Date: None, Delay: -1 ms, Speed: 0.00 M/s, Resolution: None
Name: 东森超视, URL: http://smt.iktv.ddns-ip.net/Smart.php, IPv_Type: ipv6, Location: 美国, ISP: CloudFlare Inc., Date: None, Delay: -1 ms, Speed: 0.00 M/s, Resolution: None
Name: 东森超视, URL: https://smart.pendy.dpdns.org/Smart.php, IPv_Type: ipv6, Location: 美国, ISP: CloudFlare Inc., Date: None, Delay: -1 ms, Speed: 0.00 M/s, Resolution: None
Name: CCTV-5, URL: http://php.jdshipin.com/TVOD/hljyd.php?id=3221226019, IPv_Type: ipv6, Location: 美国, ISP: CloudFlare Inc., Date: None, Delay: -1 ms, Speed: 0.00 M/s, Resolution: None
Name: CCTV-5, URL: http://[2409:8087:74f0:22::4]:6410/270000001111/1110000305/index.m3u8, IPv_Type: ipv6, Location: 中国, ISP: 中国移动, Date: None, Delay: -1 ms, Speed: 0.00 M/s, Resolution: None
Name: CCTV-5, URL: http://[2409:8087:3869:8021:1001::e5]:6610/PLTV/88888910/224/3221225633/index.m3u8, IPv_Type: ipv6, Location: 中国, ISP: 中国移动, Date: None, Delay: -1 ms, Speed: 0.00 M/s, Resolution: None
Name: CCTV-5, URL: http://[2409:8087:2001:20:2800:0:df6e:eb22]/ott.mobaibox.com/PLTV/4/224/3221228502/index.m3u8, IPv_Type: ipv6, Location: 中国, ISP: 中国移动, Date: None, Delay: -1 ms, Speed: 0.00 M/s, Resolution: None
Name: CCTV-5, URL: http://[2409:8087:2001:20:2800:0:df6e:eb21]:80/PLTV/1/224/3221230976/1.m3u8, IPv_Type: ipv6, Location: 中国, ISP: 中国移动, Date: None, Delay: -1 ms, Speed: 0.00 M/s, Resolution: None
Name: CCTV-5, URL: http://iptv.huuc.edu.cn/hls/cctv5hd.m3u8, IPv_Type: ipv6, Location: 中国, ISP: 教育网, Date: None, Delay: -1 ms, Speed: 0.00 M/s, Resolution: None
Name: CCTV-5, URL: http://php.jdshipin.com/itv6.php?cid=ystenlive&id=1000000005000265005, IPv_Type: ipv6, Location: 美国, ISP: CloudFlare Inc., Date: None, Delay: -1 ms, Speed: 0.00 M/s, Resolution: None
Name: CCTV-5, URL: http://nas.suntao.online:35455/itv/1000000005000025222.m3u8?cdn=ystenlive, IPv_Type: ipv6, Location: 中国, ISP: 中国联通, Date: None, Delay: -1 ms, Speed: 0.00 M/s, Resolution: None
Name: CCTV-5, URL: http://yc.myds.me:35455/itv/1000000005000025222.m3u8?cdn=ystenlive, IPv_Type: ipv6, Location: 中国, ISP: 中国电信, Date: None, Delay: -1 ms, Speed: 0.00 M/s, Resolution: None
Name: CCTV-5, URL: http://zjzcf.synology.me:35455/gaoma/cctv5.m3u8, IPv_Type: ipv6, Location: 中国, ISP: 中国电信, Date: None, Delay: -1 ms, Speed: 0.00 M/s, Resolution: None
Name: CCTV-5, URL: http://webmail.axxe.top:4022/rtp/239.3.1.173:8001, IPv_Type: ipv6, Location: 中国, ISP: 中国电信, Date: None, Delay: -1 ms, Speed: 0.00 M/s, Resolution: None
Name: CCTV-5, URL: http://alvin.ergotron.net:8000/udp/239.77.0.170:5146, IPv_Type: ipv6, Location: 中国, ISP: 中国电信, Date: None, Delay: -1 ms, Speed: 0.00 M/s, Resolution: None
Name: CCTV-5, URL: http://wouu.net:9977/udp/239.93.1.36:8004, IPv_Type: ipv6, Location: 保留地址, ISP: 主机之间的链路本地地址, Date: None, Delay: -1 ms, Speed: 0.00 M/s, Resolution: None
Name: CCTV-5, URL: http://lu.wqwqwq.sbs/itv/1000000005000265005.m3u8?cdn=ystenlive, IPv_Type: ipv6, Location: 美国, ISP: CloudFlare Inc., Date: None, Delay: -1 ms, Speed: 0.00 M/s, Resolution: None
Name: CCTV-5, URL: https://hls-gateway.vpstv.net/streams/476885.m3u8, IPv_Type: ipv6, Location: 美国, ISP: CloudFlare Inc., Date: None, Delay: -1 ms, Speed: 0.00 M/s, Resolution: None
Name: CCTV-5, URL: https://smart.pendy.dpdns.org/Smart.php, IPv_Type: ipv6, Location: 美国, ISP: CloudFlare Inc., Date: None, Delay: -1 ms, Speed: 0.00 M/s, Resolution: None
Name: CCTV-5, URL: https://smart.pendy.dpdns.org/Smart.php?id=cctv5, IPv_Type: ipv6, Location: 美国, ISP: CloudFlare Inc., Date: None, Delay: -1 ms, Speed: 0.00 M/s, Resolution: None
Name: CCTV-5, URL: https://migu.188766.xyz/?migutoken=a238b2a182d17c39418d24322f68d70a&id=CCTV5&pp=1, IPv_Type: ipv6, Location: 美国, ISP: CloudFlare Inc., Date: None, Delay: -1 ms, Speed: 0.00 M/s, Resolution: None
Name: CCTV-5, URL: https://migu.188766.xyz/?migutoken=67c729abe548d0b58c31e53cc6da7472&id=CCTV5&pp=1, IPv_Type: ipv6, Location: 美国, ISP: CloudFlare Inc., Date: None, Delay: -1 ms, Speed: 0.00 M/s, Resolution: None
Name: CCTV-5, URL: http://free.cnlive.club/channel/47c9f401/index.m3u8?q=1755825520002, IPv_Type: ipv6, Location: 美国, ISP: CloudFlare Inc., Date: None, Delay: -1 ms, Speed: 0.00 M/s, Resolution: None
Name: CCTV-5, URL: http://free.cnlive.club/channel/n5d959a6c/index.m3u8?q=1755825520002, IPv_Type: ipv6, Location: 美国, ISP: CloudFlare Inc., Date: None, Delay: -1 ms, Speed: 0.00 M/s, Resolution: None
Name: CCTV-5, URL: https://migu.188766.xyz/?migutoken=677d8ac35354642c33727ee617647e15&id=CCTV5&pp=1, IPv_Type: ipv6, Location: 美国, ISP: CloudFlare Inc., Date: None, Delay: -1 ms, Speed: 0.00 M/s, Resolution: None
Name: CCTV-5, URL: http://free.cnlive.club/channel/47c9f401/index.m3u8?q=1756084903216, IPv_Type: ipv6, Location: 美国, ISP: CloudFlare Inc., Date: None, Delay: -1 ms, Speed: 0.00 M/s, Resolution: None
Name: CCTV-5, URL: http://free.cnlive.club/channel/n5d959a6c/index.m3u8?q=1756084903216, IPv_Type: ipv6, Location: 美国, ISP: CloudFlare Inc., Date: None, Delay: -1 ms, Speed: 0.00 M/s, Resolution: None
Name: CCTV-5, URL: http://free.cnlive.club/channel/47c9f401/index.m3u8?q=1756862022054, IPv_Type: ipv6, Location: 美国, ISP: CloudFlare Inc., Date: None, Delay: -1 ms, Speed: 0.00 M/s, Resolution: None
Name: CCTV-5, URL: https://migu.188766.xyz/?migutoken=1e9c3a161201a627f096780f090d83c2&id=CCTV5&pp=1, IPv_Type: ipv6, Location: 美国, ISP: CloudFlare Inc., Date: None, Delay: -1 ms, Speed: 0.00 M/s, Resolution: None
Name: CCTV-5, URL: https://cc06.tv12.xyz/5.m3u8, IPv_Type: ipv6, Location: 美国, ISP: CloudFlare Inc., Date: None, Delay: -1 ms, Speed: 0.00 M/s, Resolution: None
Name: CCTV-5, URL: https://migu.188766.xyz/?migutoken=5bee22cdc4417142983b6456e3d3948b&id=CCTV5&pp=1, IPv_Type: ipv6, Location: 美国, ISP: CloudFlare Inc., Date: None, Delay: -1 ms, Speed: 0.00 M/s, Resolution: None
Name: CCTV-5, URL: http://free.cnlive.club/channel/47c9f401/index.m3u8?q=1756948409977, IPv_Type: ipv6, Location: 美国, ISP: CloudFlare Inc., Date: None, Delay: -1 ms, Speed: 0.00 M/s, Resolution: None
Name: CCTV-5, URL: http://free.cnlive.club/channel/n5d959a6c/index.m3u8?q=1756948409977, IPv_Type: ipv6, Location: 美国, ISP: CloudFlare Inc., Date: None, Delay: -1 ms, Speed: 0.00 M/s, Resolution: None
Name: CCTV-5, URL: http://free.cnlive.club/channel/n5d959a6c/index.m3u8?q=1756862022054, IPv_Type: ipv6, Location: 美国, ISP: CloudFlare Inc., Date: None, Delay: -1 ms, Speed: 0.00 M/s, Resolution: None
Name: CCTV-5, URL: https://migu.188766.xyz/?migutoken=859bc27f64fe0358d5716def692f4f12&id=CCTV5&pp=1, IPv_Type: ipv6, Location: 美国, ISP: CloudFlare Inc., Date: None, Delay: -1 ms, Speed: 0.00 M/s, Resolution: None
Name: CCTV-5, URL: https://migu.188766.xyz/?migutoken=874c6a2d07f98e3220777e64eaf81117&id=CCTV5&type=yy, IPv_Type: ipv6, Location: 美国, ISP: CloudFlare Inc., Date: None, Delay: -1 ms, Speed: 0.00 M/s, Resolution: None
Name: CCTV-5, URL: https://migu.188766.xyz/?migutoken=cb0f8831891e7463c6bbf594fc83f39e&id=CCTV5&type=yy, IPv_Type: ipv6, Location: 美国, ISP: CloudFlare Inc., Date: None, Delay: -1 ms, Speed: 0.00 M/s, Resolution: None
Name: CCTV-5, URL: https://migu.188766.xyz/?migutoken=859bea60b153b7d5f61f698f2242ea7e&id=CCTV5&type=yy, IPv_Type: ipv6, Location: 美国, ISP: CloudFlare Inc., Date: None, Delay: -1 ms, Speed: 0.00 M/s, Resolution: None
Name: CCTV-5, URL: https://migu.188766.xyz/?migutoken=424e84ecf012416e9881ffd6d58290ba&id=CCTV5&type=yy, IPv_Type: ipv6, Location: 美国, ISP: CloudFlare Inc., Date: None, Delay: -1 ms, Speed: 0.00 M/s, Resolution: None
Name: CCTV-5, URL: https://migu.188766.xyz/?migutoken=4e6513876d715dabf5547420dddaa1f2&id=CCTV5&type=yy, IPv_Type: ipv6, Location: 美国, ISP: CloudFlare Inc., Date: None, Delay: -1 ms, Speed: 0.00 M/s, Resolution: None
Name: CCTV-5, URL: http://gslbmgsplive.miguvideo.com/wd_r2/cctv/cctv5hdnew/1200/index.m3u8?msisdn=20250919040036e60d4b058cd248989c2cf1782cd890f2&mdspid=&spid=699004&netType=0&sid=5500516171&pid=2028597139&timestamp=20250919040036&Channel_ID=0116_2600000900-99000-201600010010027&ProgramID=641886683&ParentNodeID=-99&assertID=5500516171&client_ip=106.13.250.89&SecurityKey=20250919040036&promotionId=&mvid=5102048712&mcid=500020&playurlVersion=WX-A1-8.9.1-RELEASE&userid=&jmhm=&videocodec=h264&bean=mgspad&tid=android&conFee=0&puData=819c0f3dfec768b726036f37bc656bac&ddCalcu=c8a1eb916c15006fc3bd7f3efc6736086b27, IPv_Type: ipv6, Location: 中国, ISP: 中国移动, Date: None, Delay: -1 ms, Speed: 0.00 M/s, Resolution: None
Name: CCTV-5, URL: http://gslbmgsplive.miguvideo.com/wd_r2/cctv/cctv5hdnew/1200/index.m3u8?msisdn=202509191600356ecf3fa5e1674abab4686c5849855ff8&mdspid=&spid=699004&netType=0&sid=5500516171&pid=2028597139&timestamp=20250919160035&Channel_ID=0116_2600000900-99000-201600010010027&ProgramID=641886683&ParentNodeID=-99&assertID=5500516171&client_ip=106.13.250.89&SecurityKey=20250919160035&promotionId=&mvid=5102048712&mcid=500020&playurlVersion=WX-A1-8.9.1-RELEASE&userid=&jmhm=&videocodec=h264&bean=mgspad&tid=android&conFee=0&puData=0a2bc044d593b1cf43147e8b659861c8&ddCalcu=80cae1216b18c0905464bd85e9734b113c4f, IPv_Type: ipv6, Location: 中国, ISP: 中国移动, Date: None, Delay: -1 ms, Speed: 0.00 M/s, Resolution: None
Name: CCTV-5, URL: http://gslbmgsplive.miguvideo.com/wd_r2/cctv/cctv5hdnew/1200/index.m3u8?msisdn=202509200400392cee7a2f50cb40ae8e754d463ef7f0ca&mdspid=&spid=699004&netType=0&sid=5500516171&pid=2028597139&timestamp=20250920040039&Channel_ID=0116_2600000900-99000-201600010010027&ProgramID=641886683&ParentNodeID=-99&assertID=5500516171&client_ip=106.13.250.83&SecurityKey=20250920040039&promotionId=&mvid=5102048712&mcid=500020&playurlVersion=WX-A1-8.9.1-RELEASE&userid=&jmhm=&videocodec=h264&bean=mgspad&tid=android&conFee=0&puData=83b3d614fcbe3819f7869aeb8e65c047&ddCalcu=7843e0b1c315d066e184bfecab9e638871f9, IPv_Type: ipv6, Location: 中国, ISP: 中国移动, Date: None, Delay: -1 ms, Speed: 0.00 M/s, Resolution: None
Name: CCTV-5, URL: http://gslbmgsplive.miguvideo.com/wd_r2/cctv/cctv5hdnew/1200/index.m3u8?msisdn=2025092016003387b8768e2efb42f8a06be8aba9d3cc65&mdspid=&spid=699004&netType=0&sid=5500516171&pid=2028597139&timestamp=20250920160033&Channel_ID=0116_2600000900-99000-201600010010027&ProgramID=641886683&ParentNodeID=-99&assertID=5500516171&client_ip=106.13.250.90&SecurityKey=20250920160033&promotionId=&mvid=5102048712&mcid=500020&playurlVersion=WX-A1-8.9.1-RELEASE&userid=&jmhm=&videocodec=h264&bean=mgspad&tid=android&conFee=0&puData=4472dcf58ef384a7506d3ebd85af5dd9&ddCalcu=94d4ed72521fd0ac5f85d8beef33d8640a57, IPv_Type: ipv6, Location: 中国, ISP: 中国移动, Date: None, Delay: -1 ms, Speed: 0.00 M/s, Resolution: None
Name: CCTV-5, URL: http://gslbmgsplive.miguvideo.com/wd_r2/cctv/cctv5hdnew/1200/index.m3u8?msisdn=2025092106003342f2767047454e96a84ae5c4ca353e8b&mdspid=&spid=699004&netType=0&sid=5500516171&pid=2028597139&timestamp=20250921060033&Channel_ID=0116_2600000900-99000-201600010010027&ProgramID=641886683&ParentNodeID=-99&assertID=5500516171&client_ip=106.13.250.88&SecurityKey=20250921060033&promotionId=&mvid=5102048712&mcid=500020&playurlVersion=WX-A1-8.9.1-RELEASE&userid=&jmhm=&videocodec=h264&bean=mgspad&tid=android&conFee=0&puData=361ed980068ffcfea80371d10d5cd44a&ddCalcu=a346e412de1cd059d80010d6187f3f0c8fae, IPv_Type: ipv6, Location: 中国, ISP: 中国移动, Date: None, Delay: -1 ms, Speed: 0.00 M/s, Resolution: None
Name: CCTV-5, URL: http://gslbmgsplive.miguvideo.com/wd_r2/cctv/cctv5hdnew/1200/index.m3u8?msisdn=20250921180033fea6d7af73224181ab77bf90f9d65af1&mdspid=&spid=699004&netType=0&sid=5500516171&pid=2028597139&timestamp=20250921180033&Channel_ID=0116_2600000900-99000-201600010010027&ProgramID=641886683&ParentNodeID=-99&assertID=5500516171&client_ip=106.13.250.89&SecurityKey=20250921180033&promotionId=&mvid=5102048712&mcid=500020&playurlVersion=WX-A1-8.9.1-RELEASE&userid=&jmhm=&videocodec=h264&bean=mgspad&tid=android&conFee=0&puData=c9bfae5ca85defba792ad09621fb7397&ddCalcu=7c99e3b27f1ba0fe152c6a9805ddae2f9b7a, IPv_Type: ipv6, Location: 中国, ISP: 中国移动, Date: None, Delay: -1 ms, Speed: 0.00 M/s, Resolution: None
Name: CCTV-5, URL: http://gslbmgsplive.miguvideo.com/wd_r2/cctv/cctv5hdnew/1200/index.m3u8?msisdn=2025092206002858cf2cfa568c4adda4a59bd9d47aa883&mdspid=&spid=699004&netType=0&sid=5500516171&pid=2028597139&timestamp=20250922060028&Channel_ID=0116_2600000900-99000-201600010010027&ProgramID=641886683&ParentNodeID=-99&assertID=5500516171&client_ip=106.13.250.89&SecurityKey=20250922060028&promotionId=&mvid=5102048712&mcid=500020&playurlVersion=WX-A1-8.9.1-RELEASE&userid=&jmhm=&videocodec=h264&bean=mgspad&tid=android&conFee=0&puData=e0cbd494166b3a50e154dd98c925ef3b&ddCalcu=be30efc2eb15d02499c48196d6db435a15e0, IPv_Type: ipv6, Location: 中国, ISP: 中国移动, Date: None, Delay: -1 ms, Speed: 0.00 M/s, Resolution: None
Name: CCTV-5, URL: http://gslbmgsplive.miguvideo.com/wd_r2/cctv/cctv5hdnew/1200/index.m3u8?msisdn=20250922180037e5d60e368efa469ebb5b8c3ca56d61bb&mdspid=&spid=699004&netType=0&sid=5500516171&pid=2028597139&timestamp=20250922180037&Channel_ID=0116_2600000900-99000-201600010010027&ProgramID=641886683&ParentNodeID=-99&assertID=5500516171&client_ip=106.13.250.90&SecurityKey=20250922180037&promotionId=&mvid=5102048712&mcid=500020&playurlVersion=WX-A1-8.9.1-RELEASE&userid=&jmhm=&videocodec=h264&bean=mgspad&tid=android&conFee=0&puData=e60ebd3c5e186f715e1595d3dc190806&ddCalcu=6e06e8020e19b01dc3dc35de5198561fe751, IPv_Type: ipv6, Location: 中国, ISP: 中国移动, Date: None, Delay: -1 ms, Speed: 0.00 M/s, Resolution: None
Name: CCTV-5, URL: http://gslbmgsplive.miguvideo.com/wd_r2/cctv/cctv5hdnew/1200/index.m3u8?msisdn=20250923180031716d8861315f49349ec92cccf558be70&mdspid=&spid=699004&netType=0&sid=5500516171&pid=2028597139&timestamp=20250923180031&Channel_ID=0116_2600000900-99000-201600010010027&ProgramID=641886683&ParentNodeID=-99&assertID=5500516171&client_ip=106.13.250.88&SecurityKey=20250923180031&promotionId=&mvid=5102048712&mcid=500020&playurlVersion=WX-A1-8.9.1-RELEASE&userid=&jmhm=&videocodec=h264&bean=mgspad&tid=android&conFee=0&puData=8d2cfdd4a10b067dfd40847677be54da&ddCalcu=a8dde4225c1ef0bd7d746a71408b0046d7fd, IPv_Type: ipv6, Location: 中国, ISP: 中国移动, Date: None, Delay: -1 ms, Speed: 0.00 M/s, Resolution: None
Name: CCTV-5, URL: http://gslbmgsplive.miguvideo.com/wd_r2/cctv/cctv5hdnew/1200/index.m3u8?msisdn=20250924040028c8c7284f0c3247409bf10bdb07fdd059&mdspid=&spid=699004&netType=0&sid=5500516171&pid=2028597139&timestamp=20250924040028&Channel_ID=0116_2600000900-99000-201600010010027&ProgramID=641886683&ParentNodeID=-99&assertID=5500516171&client_ip=106.13.250.89&SecurityKey=20250924040028&promotionId=&mvid=5102048712&mcid=500020&playurlVersion=WX-A1-8.9.1-RELEASE&userid=&jmhm=&videocodec=h264&bean=mgspad&tid=android&conFee=0&puData=3e9a4f88a3f9a4ca4fe64dd0d681cf90&ddCalcu=039eef92ca11408f68d80ad3df496ae4fc4a, IPv_Type: ipv6, Location: 中国, ISP: 中国移动, Date: None, Delay: -1 ms, Speed: 0.00 M/s, Resolution: None
Name: CCTV-5+, URL: http://php.jdshipin.com/TVOD/hljyd.php?id=3221225603, IPv_Type: ipv6, Location: 美国, ISP: CloudFlare Inc., Date: None, Delay: -1 ms, Speed: 0.00 M/s, Resolution: None
Name: CCTV-5+, URL: http://[2409:8087:74f0:22::4]:6410/270000001111/1110000306/index.m3u8, IPv_Type: ipv6, Location: 中国, ISP: 中国移动, Date: None, Delay: -1 ms, Speed: 0.00 M/s, Resolution: None
Name: CCTV-5+, URL: http://[2409:8087:74f0:22::4]:6410/270000001128/9900000506/index.m3u8, IPv_Type: ipv6, Location: 中国, ISP: 中国移动, Date: None, Delay: -1 ms, Speed: 0.00 M/s, Resolution: None
Name: CCTV-5+, URL: http://[2409:8087:74f0:22::4]:6410/270000001128/9900000507/index.m3u8, IPv_Type: ipv6, Location: 中国, ISP: 中国移动, Date: None, Delay: -1 ms, Speed: 0.00 M/s, Resolution: None
Name: CCTV-5+, URL: http://[2409:8087:3869:8021:1001::e5]:6610/PLTV/88888910/224/3221225706/index.m3u8, IPv_Type: ipv6, Location: 中国, ISP: 中国移动, Date: None, Delay: -1 ms, Speed: 0.00 M/s, Resolution: None
Name: CCTV-5+, URL: http://php.jdshipin.com/itv6.php?cid=ystenlive&id=1000000001000018504, IPv_Type: ipv6, Location: 美国, ISP: CloudFlare Inc., Date: None, Delay: -1 ms, Speed: 0.00 M/s, Resolution: None
Name: CCTV-5+, URL: http://nas.suntao.online:35455/itv/1000000005000265016.m3u8?cdn=ystenlive, IPv_Type: ipv6, Location: 中国, ISP: 中国联通, Date: None, Delay: -1 ms, Speed: 0.00 M/s, Resolution: None
Name: CCTV-5+, URL: http://yc.myds.me:35455/itv/1000000005000265016.m3u8?cdn=ystenlive, IPv_Type: ipv6, Location: 中国, ISP: 中国电信, Date: None, Delay: -1 ms, Speed: 0.00 M/s, Resolution: None
Name: CCTV-5+, URL: http://13937899.xyz:35455/gaoma/cctv5p.m3u8, IPv_Type: ipv6, Location: 中国, ISP: 中国电信, Date: None, Delay: -1 ms, Speed: 0.00 M/s, Resolution: None
Name: CCTV-5+, URL: http://zjzcf.synology.me:35455/gaoma/cctv5p.m3u8, IPv_Type: ipv6, Location: 中国, ISP: 中国电信, Date: None, Delay: -1 ms, Speed: 0.00 M/s, Resolution: None
Name: CCTV-5+, URL: http://rrs01.hw.gmcc.net:8088/PLTV/81/224/3221226711/1.m3u8, IPv_Type: ipv6, Location: 中国, ISP: 中国移动, Date: None, Delay: -1 ms, Speed: 0.00 M/s, Resolution: None
Name: CCTV-5+, URL: http://webmail.axxe.top:4022/rtp/239.3.1.130:8004, IPv_Type: ipv6, Location: 中国, ISP: 中国电信, Date: None, Delay: -1 ms, Speed: 0.00 M/s, Resolution: None
Name: CCTV-5+, URL: http://lu.wqwqwq.sbs/itv/1000000005000265016.m3u8?cdn=ystenlive, IPv_Type: ipv6, Location: 美国, ISP: CloudFlare Inc., Date: None, Delay: -1 ms, Speed: 0.00 M/s, Resolution: None
Name: CCTV-5+, URL: https://hls-gateway.vpstv.net/streams/476888.m3u8, IPv_Type: ipv6, Location: 美国, ISP: CloudFlare Inc., Date: None, Delay: -1 ms, Speed: 0.00 M/s, Resolution: None
Name: CCTV-5+, URL: https://smart.pendy.dpdns.org/Smart.php, IPv_Type: ipv6, Location: 美国, ISP: CloudFlare Inc., Date: None, Delay: -1 ms, Speed: 0.00 M/s, Resolution: None
Name: CCTV-5+, URL: https://smart.pendy.dpdns.org/Smart.php?id=cctv5plus, IPv_Type: ipv6, Location: 美国, ISP: CloudFlare Inc., Date: None, Delay: -1 ms, Speed: 0.00 M/s, Resolution: None
Name: CCTV-5+, URL: http://z.b.bkpcp.top/m.php?id=cctv5p, IPv_Type: ipv6, Location: 美国, ISP: CloudFlare Inc., Date: None, Delay: -1 ms, Speed: 0.00 M/s, Resolution: None
Name: CCTV-5+, URL: https://migu.188766.xyz/?migutoken=b49027b0a59dd1bd7f6e682127c4cfc3&id=CCTV5p&pp=1, IPv_Type: ipv6, Location: 美国, ISP: CloudFlare Inc., Date: None, Delay: -1 ms, Speed: 0.00 M/s, Resolution: None
Name: CCTV-5+, URL: http://live.catvod.com/catvod.php?id=cctv5p, IPv_Type: ipv6, Location: 新加坡, ISP: Aceville Pte.Ltd., Date: None, Delay: -1 ms, Speed: 0.00 M/s, Resolution: None
Name: CCTV-5+, URL: http://free.cnlive.club/channel/n4fd60eb5/index.m3u8?q=1753234122802, IPv_Type: ipv6, Location: 美国, ISP: CloudFlare Inc., Date: None, Delay: -1 ms, Speed: 0.00 M/s, Resolution: None
Name: CCTV-5+, URL: https://migu.188766.xyz/?migutoken=fb96a1a6b9d1956dfdf830ba79e741f1&id=CCTV5p&pp=1, IPv_Type: ipv6, Location: 美国, ISP: CloudFlare Inc., Date: None, Delay: -1 ms, Speed: 0.00 M/s, Resolution: None
Name: CCTV-5+, URL: https://migu.188766.xyz/?migutoken=7c15e770d178dd2fe846dea71f21f13f&id=CCTV5p&pp=1, IPv_Type: ipv6, Location: 美国, ISP: CloudFlare Inc., Date: None, Delay: -1 ms, Speed: 0.00 M/s, Resolution: None
Name: CCTV-5+, URL: https://migu.188766.xyz/?migutoken=44d98d4c88c7116ff0686377af51eac1&id=CCTV5p&pp=1, IPv_Type: ipv6, Location: 美国, ISP: CloudFlare Inc., Date: None, Delay: -1 ms, Speed: 0.00 M/s, Resolution: None
Name: CCTV-5+, URL: https://migu.188766.xyz/?migutoken=324bd7b25f8d99b00acca1afb57bb635&id=CCTV5p&pp=1, IPv_Type: ipv6, Location: 美国, ISP: CloudFlare Inc., Date: None, Delay: -1 ms, Speed: 0.00 M/s, Resolution: None
Name: CCTV-5+, URL: https://migu.188766.xyz/?migutoken=a5fac982699d98b82a0d0312ce01fd44&id=CCTV5p&pp=1, IPv_Type: ipv6, Location: 美国, ISP: CloudFlare Inc., Date: None, Delay: -1 ms, Speed: 0.00 M/s, Resolution: None
Name: CCTV-5+, URL: http://free.cnlive.club/channel/n374503fe/index.m3u8?q=1754617188750, IPv_Type: ipv6, Location: 美国, ISP: CloudFlare Inc., Date: None, Delay: -1 ms, Speed: 0.00 M/s, Resolution: None
Name: CCTV-5+, URL: http://free.cnlive.club/channel/n4fd60eb5/index.m3u8?q=1754617188750, IPv_Type: ipv6, Location: 美国, ISP: CloudFlare Inc., Date: None, Delay: -1 ms, Speed: 0.00 M/s, Resolution: None
Name: CCTV-5+, URL: http://free.cnlive.club/channel/n4fd60eb5/index.m3u8?q=1754876430642, IPv_Type: ipv6, Location: 美国, ISP: CloudFlare Inc., Date: None, Delay: -1 ms, Speed: 0.00 M/s, Resolution: None
Name: CCTV-5+, URL: http://free.cnlive.club/channel/n374503fe/index.m3u8?q=1754876430642, IPv_Type: ipv6, Location: 美国, ISP: CloudFlare Inc., Date: None, Delay: -1 ms, Speed: 0.00 M/s, Resolution: None
Name: CCTV-5+, URL: https://migu.188766.xyz/?migutoken=f0ce182b4906003e27c68bd378f157c4&id=CCTV5p&pp=1, IPv_Type: ipv6, Location: 美国, ISP: CloudFlare Inc., Date: None, Delay: -1 ms, Speed: 0.00 M/s, Resolution: None
Name: CCTV-5+, URL: http://free.cnlive.club/channel/n374503fe/index.m3u8?q=1755825520002, IPv_Type: ipv6, Location: 美国, ISP: CloudFlare Inc., Date: None, Delay: -1 ms, Speed: 0.00 M/s, Resolution: None
Name: CCTV-5+, URL: http://free.cnlive.club/channel/n4fd60eb5/index.m3u8?q=1755825520002, IPv_Type: ipv6, Location: 美国, ISP: CloudFlare Inc., Date: None, Delay: -1 ms, Speed: 0.00 M/s, Resolution: None
Name: CCTV-5+, URL: http://free.cnlive.club/channel/n4fd60eb5/index.m3u8?q=1756084903216, IPv_Type: ipv6, Location: 美国, ISP: CloudFlare Inc., Date: None, Delay: -1 ms, Speed: 0.00 M/s, Resolution: None
Name: CCTV-5+, URL: http://free.cnlive.club/channel/n374503fe/index.m3u8?q=1756084903216, IPv_Type: ipv6, Location: 美国, ISP: CloudFlare Inc., Date: None, Delay: -1 ms, Speed: 0.00 M/s, Resolution: None
Name: CCTV-5+, URL: https://migu.188766.xyz/?migutoken=f1263da4f54da9daa674a20bd942c443&id=CCTV5p&pp=1, IPv_Type: ipv6, Location: 美国, ISP: CloudFlare Inc., Date: None, Delay: -1 ms, Speed: 0.00 M/s, Resolution: None
Name: CCTV-5+, URL: https://migu.188766.xyz/?migutoken=86ff1237343ef4fed4e3b49f6273b5e5&id=CCTV5p&pp=1, IPv_Type: ipv6, Location: 美国, ISP: CloudFlare Inc., Date: None, Delay: -1 ms, Speed: 0.00 M/s, Resolution: None
Name: CCTV-5+, URL: https://migu.188766.xyz/?migutoken=9f1d2cabb1112b5d4f30ffa9327a934c&id=CCTV5p&pp=1, IPv_Type: ipv6, Location: 美国, ISP: CloudFlare Inc., Date: None, Delay: -1 ms, Speed: 0.00 M/s, Resolution: None
Name: CCTV-5+, URL: http://free.cnlive.club/channel/n4fd60eb5/index.m3u8?q=1756862022054, IPv_Type: ipv6, Location: 美国, ISP: CloudFlare Inc., Date: None, Delay: -1 ms, Speed: 0.00 M/s, Resolution: None
Name: CCTV-5+, URL: http://free.cnlive.club/channel/n374503fe/index.m3u8?q=1756862022054, IPv_Type: ipv6, Location: 美国, ISP: CloudFlare Inc., Date: None, Delay: -1 ms, Speed: 0.00 M/s, Resolution: None
Name: CCTV-5+, URL: https://cc06.tv12.xyz/6.m3u8, IPv_Type: ipv6, Location: 美国, ISP: CloudFlare Inc., Date: None, Delay: -1 ms, Speed: 0.00 M/s, Resolution: None
Name: CCTV-5+, URL: http://free.cnlive.club/channel/n374503fe/index.m3u8?q=1756948409977, IPv_Type: ipv6, Location: 美国, ISP: CloudFlare Inc., Date: None, Delay: -1 ms, Speed: 0.00 M/s, Resolution: None
Name: CCTV-5+, URL: http://free.cnlive.club/channel/n4fd60eb5/index.m3u8?q=1756948409977, IPv_Type: ipv6, Location: 美国, ISP: CloudFlare Inc., Date: None, Delay: -1 ms, Speed: 0.00 M/s, Resolution: None
Name: CCTV-5+, URL: https://migu.188766.xyz/?migutoken=28a852d7ffcb5f5b43b1d944afd198eb&id=CCTV5p&pp=1, IPv_Type: ipv6, Location: 美国, ISP: CloudFlare Inc., Date: None, Delay: -1 ms, Speed: 0.00 M/s, Resolution: None
Name: CCTV-5+, URL: https://migu.188766.xyz/?migutoken=2788335c189d5041c679208868177ab1&id=CCTV5p&pp=1, IPv_Type: ipv6, Location: 美国, ISP: CloudFlare Inc., Date: None, Delay: -1 ms, Speed: 0.00 M/s, Resolution: None
Name: CCTV-5+, URL: https://migu.188766.xyz/?migutoken=e169fa6b833aa01388bbd96d5b8e4582&id=CCTV5p&pp=1, IPv_Type: ipv6, Location: 美国, ISP: CloudFlare Inc., Date: None, Delay: -1 ms, Speed: 0.00 M/s, Resolution: None
Name: CCTV-5+, URL: https://migu.188766.xyz/?migutoken=d4d4aaf489e04b016bc044974d5a8586&id=CCTV5p&type=yy, IPv_Type: ipv6, Location: 美国, ISP: CloudFlare Inc., Date: None, Delay: -1 ms, Speed: 0.00 M/s, Resolution: None
Name: CCTV-5+, URL: https://migu.188766.xyz/?migutoken=df09804a62c8952a529147f7e3115397&id=CCTV5p&type=yy, IPv_Type: ipv6, Location: 美国, ISP: CloudFlare Inc., Date: None, Delay: -1 ms, Speed: 0.00 M/s, Resolution: None
Name: CCTV-5+, URL: https://migu.188766.xyz/?migutoken=a29e903b08709489bd1e678e4b1041bc&id=CCTV5p&type=yy, IPv_Type: ipv6, Location: 美国, ISP: CloudFlare Inc., Date: None, Delay: -1 ms, Speed: 0.00 M/s, Resolution: None
Name: CCTV-5+, URL: https://migu.188766.xyz/?migutoken=22b257c7fa63ba5d4fac7d061b4868b9&id=CCTV5p&type=yy, IPv_Type: ipv6, Location: 美国, ISP: CloudFlare Inc., Date: None, Delay: -1 ms, Speed: 0.00 M/s, Resolution: None
Name: CCTV-5+, URL: https://migu.188766.xyz/?migutoken=7ee301798fa791a9b3127827daf3981e&id=CCTV5p&type=yy, IPv_Type: ipv6, Location: 美国, ISP: CloudFlare Inc., Date: None, Delay: -1 ms, Speed: 0.00 M/s, Resolution: None
Name: CCTV-5+, URL: http://gslbmgsplive.miguvideo.com/wd_r2/cctv/cctv5plusnew/1200/index.m3u8?msisdn=202509190400365eeb161e7dc44ced922442098515cf99&mdspid=&spid=699004&netType=0&sid=5500516288&pid=2028597139&timestamp=20250919040036&Channel_ID=0116_2600000900-99000-201600010010027&ProgramID=641886773&ParentNodeID=-99&assertID=5500516288&client_ip=106.13.250.89&SecurityKey=20250919040036&promotionId=&mvid=5102048803&mcid=500020&playurlVersion=WX-A1-8.9.1-RELEASE&userid=&jmhm=&videocodec=h264&bean=mgspad&tid=android&conFee=0&puData=51370e6bbe4c9e9c980a9f3a0047da29&ddCalcu=9521ea31d717004e060bab3ef49ca90e899c, IPv_Type: ipv6, Location: 中国, ISP: 中国移动, Date: None, Delay: -1 ms, Speed: 0.00 M/s, Resolution: None
Name: CCTV-5+, URL: http://gslbmgsplive.miguvideo.com/wd_r2/cctv/cctv5plusnew/1200/index.m3u8?msisdn=20250919160035d4563089623e4502bd8c70f1deeca2d5&mdspid=&spid=699004&netType=0&sid=5500516288&pid=2028597139&timestamp=20250919160035&Channel_ID=0116_2600000900-99000-201600010010027&ProgramID=641886773&ParentNodeID=-99&assertID=5500516288&client_ip=106.13.250.89&SecurityKey=20250919160035&promotionId=&mvid=5102048803&mcid=500020&playurlVersion=WX-A1-8.9.1-RELEASE&userid=&jmhm=&videocodec=h264&bean=mgspad&tid=android&conFee=0&puData=78f453d73ec6f6a8ccd0f58cddd3b12d&ddCalcu=d728e1f1b41350d3ddd7c38e5cf60fd6cac8, IPv_Type: ipv6, Location: 中国, ISP: 中国移动, Date: None, Delay: -1 ms, Speed: 0.00 M/s, Resolution: None
Name: CCTV-5+, URL: http://gslbmgsplive.miguvideo.com/wd_r2/cctv/cctv5plusnew/1200/index.m3u8?msisdn=202509200400398a317f7c11b14feeba8de27f22e84831&mdspid=&spid=699004&netType=0&sid=5500516288&pid=2028597139&timestamp=20250920040039&Channel_ID=0116_2600000900-99000-201600010010027&ProgramID=641886773&ParentNodeID=-99&assertID=5500516288&client_ip=106.13.250.83&SecurityKey=20250920040039&promotionId=&mvid=5102048803&mcid=500020&playurlVersion=WX-A1-8.9.1-RELEASE&userid=&jmhm=&videocodec=h264&bean=mgspad&tid=android&conFee=0&puData=a829a43319798df5a4396d766c545475&ddCalcu=5a78e4215914a054c3636179d769983d4fa5, IPv_Type: ipv6, Location: 中国, ISP: 中国移动, Date: None, Delay: -1 ms, Speed: 0.00 M/s, Resolution: None
Name: CCTV-5+, URL: http://gslbmgsplive.miguvideo.com/wd_r2/cctv/cctv5plusnew/1200/index.m3u8?msisdn=20250920160033fedd998537ec498ea0ea0835d1361c01&mdspid=&spid=699004&netType=0&sid=5500516288&pid=2028597139&timestamp=20250920160033&Channel_ID=0116_2600000900-99000-201600010010027&ProgramID=641886773&ParentNodeID=-99&assertID=5500516288&client_ip=106.13.250.90&SecurityKey=20250920160033&promotionId=&mvid=5102048803&mcid=500020&playurlVersion=WX-A1-8.9.1-RELEASE&userid=&jmhm=&videocodec=h264&bean=mgspad&tid=android&conFee=0&puData=97fc346377836362aa6b2268728b596e&ddCalcu=e967e9f25c1b3084267387672823b663a6a2, IPv_Type: ipv6, Location: 中国, ISP: 中国移动, Date: None, Delay: -1 ms, Speed: 0.00 M/s, Resolution: None
Name: CCTV-5+, URL: http://gslbmgsplive.miguvideo.com/wd_r2/cctv/cctv5plusnew/1200/index.m3u8?msisdn=20250921060033e4716f6cee8e41c087d511d83b070b1e&mdspid=&spid=699004&netType=0&sid=5500516288&pid=2028597139&timestamp=20250921060033&Channel_ID=0116_2600000900-99000-201600010010027&ProgramID=641886773&ParentNodeID=-99&assertID=5500516288&client_ip=106.13.250.88&SecurityKey=20250921060033&promotionId=&mvid=5102048803&mcid=500020&playurlVersion=WX-A1-8.9.1-RELEASE&userid=&jmhm=&videocodec=h264&bean=mgspad&tid=android&conFee=0&puData=24dfa54280a08a4be5e6d7eb9211bf5e&ddCalcu=e254efd2bf11a0152492b8e07ad068ea54eb, IPv_Type: ipv6, Location: 中国, ISP: 中国移动, Date: None, Delay: -1 ms, Speed: 0.00 M/s, Resolution: None
Name: CCTV-5+, URL: http://gslbmgsplive.miguvideo.com/wd_r2/cctv/cctv5plusnew/1200/index.m3u8?msisdn=20250921180033608a7578068e4f4ea4e99db5e50f0a51&mdspid=&spid=699004&netType=0&sid=5500516288&pid=2028597139&timestamp=20250921180033&Channel_ID=0116_2600000900-99000-201600010010027&ProgramID=641886773&ParentNodeID=-99&assertID=5500516288&client_ip=106.13.250.89&SecurityKey=20250921180033&promotionId=&mvid=5102048803&mcid=500020&playurlVersion=WX-A1-8.9.1-RELEASE&userid=&jmhm=&videocodec=h264&bean=mgspad&tid=android&conFee=0&puData=a1b1ee6136734e3dd0ecd8ecc95c9849&ddCalcu=9a41e8b2911ce05e96c1c3e687d3c4ee03dd, IPv_Type: ipv6, Location: 中国, ISP: 中国移动, Date: None, Delay: -1 ms, Speed: 0.00 M/s, Resolution: None
Name: CCTV-5+, URL: http://gslbmgsplive.miguvideo.com/wd_r2/cctv/cctv5plusnew/1200/index.m3u8?msisdn=2025092206002849dfc17cb13541479bd64b03efb6f96a&mdspid=&spid=699004&netType=0&sid=5500516288&pid=2028597139&timestamp=20250922060028&Channel_ID=0116_2600000900-99000-201600010010027&ProgramID=641886773&ParentNodeID=-99&assertID=5500516288&client_ip=106.13.250.89&SecurityKey=20250922060028&promotionId=&mvid=5102048803&mcid=500020&playurlVersion=WX-A1-8.9.1-RELEASE&userid=&jmhm=&videocodec=h264&bean=mgspad&tid=android&conFee=0&puData=bf22c191b14f7dff7b811ba407b62663&ddCalcu=3b6fe6222216c0b179014ba1b41f178dbf7f, IPv_Type: ipv6, Location: 中国, ISP: 中国移动, Date: None, Delay: -1 ms, Speed: 0.00 M/s, Resolution: None
Name: CCTV-5+, URL: http://gslbmgsplive.miguvideo.com/wd_r2/cctv/cctv5plusnew/1200/index.m3u8?msisdn=202509221800370384854fccfd4b6f97244a9ad6f88382&mdspid=&spid=699004&netType=0&sid=5500516288&pid=2028597139&timestamp=20250922180037&Channel_ID=0116_2600000900-99000-201600010010027&ProgramID=641886773&ParentNodeID=-99&assertID=5500516288&client_ip=106.13.250.90&SecurityKey=20250922180037&promotionId=&mvid=5102048803&mcid=500020&playurlVersion=WX-A1-8.9.1-RELEASE&userid=&jmhm=&videocodec=h264&bean=mgspad&tid=android&conFee=0&puData=55dc68d3da6c88db2947e0cdf915b87b&ddCalcu=b575e8d2bc1560189df3ddca06ec78489d2b, IPv_Type: ipv6, Location: 中国, ISP: 中国移动, Date: None, Delay: -1 ms, Speed: 0.00 M/s, Resolution: None
Name: CCTV-5+, URL: http://gslbmgsplive.miguvideo.com/wd_r2/cctv/cctv5plusnew/1200/index.m3u8?msisdn=20250923180032396572abaea8441f99a2569b10687492&mdspid=&spid=699004&netType=0&sid=5500516288&pid=2028597139&timestamp=20250923180032&Channel_ID=0116_2600000900-99000-201600010010027&ProgramID=641886773&ParentNodeID=-99&assertID=5500516288&client_ip=106.13.250.88&SecurityKey=20250923180032&promotionId=&mvid=5102048803&mcid=500020&playurlVersion=WX-A1-8.9.1-RELEASE&userid=&jmhm=&videocodec=h264&bean=mgspad&tid=android&conFee=0&puData=7f2d997371a962f17b20e6ab568252e4&ddCalcu=47efe2225d1290896753b7a16ae90622bf71, IPv_Type: ipv6, Location: 中国, ISP: 中国移动, Date: None, Delay: -1 ms, Speed: 0.00 M/s, Resolution: None
Name: CCTV-5+, URL: http://gslbmgsplive.miguvideo.com/wd_r2/cctv/cctv5plusnew/1200/index.m3u8?msisdn=20250924040028968e638afa2040a3aef493abf8d0bdeb&mdspid=&spid=699004&netType=0&sid=5500516288&pid=2028597139&timestamp=20250924040028&Channel_ID=0116_2600000900-99000-201600010010027&ProgramID=641886773&ParentNodeID=-99&assertID=5500516288&client_ip=106.13.250.89&SecurityKey=20250924040028&promotionId=&mvid=5102048803&mcid=500020&playurlVersion=WX-A1-8.9.1-RELEASE&userid=&jmhm=&videocodec=h264&bean=mgspad&tid=android&conFee=0&puData=c4bdf6862450c9541e82bfa0bda9ab04&ddCalcu=4c04ebb2ad19f0a6d8b602a4f5b02c89e514, IPv_Type: ipv6, Location: 中国, ISP: 中国移动, Date: None, Delay: -1 ms, Speed: 0.00 M/s, Resolution: None
Name: 广东体育, URL: http://php.jdshipin.com/TVOD/iptv.php?id=gdty, IPv_Type: ipv6, Location: 美国, ISP: CloudFlare Inc., Date: None, Delay: -1 ms, Speed: 0.00 M/s, Resolution: None
Name: 广东体育, URL: http://php.jdshipin.com:8880/chudian.php?id=gdty, IPv_Type: ipv6, Location: 美国, ISP: CloudFlare Inc., Date: None, Delay: -1 ms, Speed: 0.00 M/s, Resolution: None
Name: 广东体育, URL: http://cdn2.163189.xyz/live/gdty/stream.m3u8, IPv_Type: ipv6, Location: 新加坡, ISP: Aceville Pte.Ltd., Date: None, Delay: -1 ms, Speed: 0.00 M/s, Resolution: None
Name: 广东体育, URL: https://php.17186.eu.org/gdtv/gdty.m3u8, IPv_Type: ipv6, Location: 美国, ISP: CloudFlare Inc., Date: None, Delay: -1 ms, Speed: 0.00 M/s, Resolution: None
Name: 广东体育, URL: https://epg.pw/stream/7b470f9fc5c305db0c8622117b7b25ca00eb35ba3e93e865cf0ff9df5c736681.m3u8, IPv_Type: ipv6, Location: 美国, ISP: CloudFlare Inc., Date: None, Delay: -1 ms, Speed: 0.00 M/s, Resolution: None
Name: 广东体育, URL: https://hls-gateway.vpstv.net/streams/476954.m3u8, IPv_Type: ipv6, Location: 美国, ISP: CloudFlare Inc., Date: None, Delay: -1 ms, Speed: 0.00 M/s, Resolution: None
Name: 广东体育, URL: http://r.jdshipin.com/LiYdg, IPv_Type: ipv6, Location: 美国, ISP: CloudFlare Inc., Date: None, Delay: -1 ms, Speed: 0.00 M/s, Resolution: None
Name: 广东体育, URL: http://bxtv.3a.ink/api.php?id=gdty, IPv_Type: ipv6, Location: 美国, ISP: CloudFlare Inc., Date: None, Delay: -1 ms, Speed: 0.00 M/s, Resolution: None
Name: 纬来体育, URL: http://yc.myds.me:35455/itv/5000000010000017540.m3u8?cdn=bestzb, IPv_Type: ipv6, Location: 中国, ISP: 中国电信, Date: None, Delay: -1 ms, Speed: 0.00 M/s, Resolution: None
Name: 纬来体育, URL: http://smt.iktv.ddns-ip.net/Smart.php, IPv_Type: ipv6, Location: 美国, ISP: CloudFlare Inc., Date: None, Delay: -1 ms, Speed: 0.00 M/s, Resolution: None
Name: 纬来体育, URL: https://smart.pendy.dpdns.org/Smart.php, IPv_Type: ipv6, Location: 美国, ISP: CloudFlare Inc., Date: None, Delay: -1 ms, Speed: 0.00 M/s, Resolution: None
Name: 纬来体育, URL: rtmp://f13h.mine.nu/sat/tv721, IPv_Type: ipv4, Location: 中国-台湾-台中市, ISP: 中华电信, Date: None, Delay: -1 ms, Speed: inf M/s, Resolution: 1280x720
Name: 五星体育, URL: http://[2409:8087:1e03:21::42]:6610/cms001/ch00000090990000001018/index.m3u8, IPv_Type: ipv6, Location: 中国, ISP: 中国移动, Date: None, Delay: -1 ms, Speed: 0.00 M/s, Resolution: None
Name: 五星体育, URL: http://[2409:8087:5e08:24::15]:6610/000000001000/2000000002000000007/index.m3u8?IAS, IPv_Type: ipv6, Location: 中国, ISP: 中国移动, Date: None, Delay: -1 ms, Speed: 0.00 M/s, Resolution: None
Name: 五星体育, URL: https://live.v1.mk/api/bestv.php?id=wxtyhd8m/8000000, IPv_Type: ipv6, Location: 美国, ISP: CloudFlare Inc., Date: None, Delay: -1 ms, Speed: 0.00 M/s, Resolution: None
Name: 五星体育, URL: http://[2409:8087:5e01:24::8]:6610/000000001000/2000000002000000007/index.m3u8, IPv_Type: ipv6, Location: 中国, ISP: 中国移动, Date: None, Delay: -1 ms, Speed: 0.00 M/s, Resolution: None
Name: 五星体育, URL: http://[2409:8087:5e00:24::029]:6610/000000001000/2000000002000000007/index.m3u8, IPv_Type: ipv6, Location: 中国, ISP: 中国移动, Date: None, Delay: -1 ms, Speed: 0.00 M/s, Resolution: None
Name: 五星体育, URL: http://[2409:8087:5e08:24::17]:6610/000000001000/2000000002000000007/index.m3u8, IPv_Type: ipv6, Location: 中国, ISP: 中国移动, Date: None, Delay: -1 ms, Speed: 0.00 M/s, Resolution: None
Name: 五星体育, URL: http://[2409:8087:5e01:24::16]:6610/000000001000/2000000002000000007/index.m3u8, IPv_Type: ipv6, Location: 中国, ISP: 中国移动, Date: None, Delay: -1 ms, Speed: 0.00 M/s, Resolution: None
Name: 五星体育, URL: http://[2409:8087:5e08:24::11]:6610/000000001000/5000000010000017540/1.m3u8, IPv_Type: ipv6, Location: 中国, ISP: 中国移动, Date: None, Delay: -1 ms, Speed: 0.00 M/s, Resolution: None
Name: 五星体育, URL: https://hls-gateway.vpstv.net/streams/636980.m3u8, IPv_Type: ipv6, Location: 美国, ISP: CloudFlare Inc., Date: None, Delay: -1 ms, Speed: 0.00 M/s, Resolution: None
Name: 五星体育, URL: https://migu.188766.xyz/?migutoken=245ce021c8cbf7bdfc87b00952b97040&id=%E4%BA%94%E6%98%9F%E4%BD%93%E8%82%B2&pp=1, IPv_Type: ipv6, Location: 美国, ISP: CloudFlare Inc., Date: None, Delay: -1 ms, Speed: 0.00 M/s, Resolution: None
Name: 五星体育, URL: https://migu.188766.xyz/?migutoken=71ffa78ec0f711ac9ea667fb3b8b2c9c&id=%E4%BA%94%E6%98%9F%E4%BD%93%E8%82%B2&pp=1, IPv_Type: ipv6, Location: 美国, ISP: CloudFlare Inc., Date: None, Delay: -1 ms, Speed: 0.00 M/s, Resolution: None
Name: 劲爆体育, URL: http://php.jdshipin.com/itv6s.php?cid=hnbblive&id=2000000002000000008, IPv_Type: ipv6, Location: 美国, ISP: CloudFlare Inc., Date: None, Delay: -1 ms, Speed: 0.00 M/s, Resolution: None
Name: 劲爆体育, URL: http://z.b.bkpcp.top/m.php?id=jbty, IPv_Type: ipv6, Location: 美国, ISP: CloudFlare Inc., Date: None, Delay: -1 ms, Speed: 0.00 M/s, Resolution: None
Name: 劲爆体育, URL: http://goo.bkpcp.top/mg/jbty, IPv_Type: ipv6, Location: 美国, ISP: CloudFlare Inc., Date: None, Delay: -1 ms, Speed: 0.00 M/s, Resolution: None
Name: 劲爆体育, URL: http://[2409:8087:5e01:24::8]:6610/000000001000/2000000002000000008/index.m3u8?stbId=3&livemode=1&HlsProfileId=&channel-id=hnbblive&Contentid=2000000002000000008&IASHttpSessionId=OTT19019320240419154124000281, IPv_Type: ipv6, Location: 中国, ISP: 中国移动, Date: None, Delay: -1 ms, Speed: 0.00 M/s, Resolution: None
Name: 劲爆体育, URL: http://[2409:8087:5e08:24::11]:6610/000000001000/2000000002000000008/index.m3u8?stbId=3&livemode=1&HlsProfileId=&channel-id=hnbblive&Contentid=2000000002000000008&IASHttpSessionId=OTT19019320240419154124000281, IPv_Type: ipv6, Location: 中国, ISP: 中国移动, Date: None, Delay: -1 ms, Speed: 0.00 M/s, Resolution: None
Name: 劲爆体育, URL: http://z.b.bkpcp.top/m.php, IPv_Type: ipv6, Location: 美国, ISP: CloudFlare Inc., Date: None, Delay: -1 ms, Speed: 0.00 M/s, Resolution: None
Name: 劲爆体育, URL: https://live.v1.mk/api/ghyx.php, IPv_Type: ipv6, Location: 美国, ISP: CloudFlare Inc., Date: None, Delay: -1 ms, Speed: 0.00 M/s, Resolution: None
Name: 劲爆体育, URL: https://live.v1.mk/api/bestv.php, IPv_Type: ipv6, Location: 美国, ISP: CloudFlare Inc., Date: None, Delay: -1 ms, Speed: 0.00 M/s, Resolution: None
Name: 爱体育, URL: http://php.jdshipin.com:8880/itv6s.php?cid=wasusyt&id=6000000006000290630, IPv_Type: ipv6, Location: 美国, ISP: CloudFlare Inc., Date: None, Delay: -1 ms, Speed: 0.00 M/s, Resolution: None
Name: 爱体育, URL: http://[2409:8087:5e08:24::11]:6610/000000001000/2000000004000000060/index.m3u8, IPv_Type: ipv6, Location: 中国, ISP: 中国移动, Date: None, Delay: -1 ms, Speed: 0.00 M/s, Resolution: None
Name: 爱体育, URL: http://[2409:8087:5e08:24::17]:6610/000000001000/2000000004000000060/index.m3u8, IPv_Type: ipv6, Location: 中国, ISP: 中国移动, Date: None, Delay: -1 ms, Speed: 0.00 M/s, Resolution: None
Name: 爱体育, URL: http://[2409:8087:5e08:24::12]:6610/000000001000/2000000004000000000/index.m3u8, IPv_Type: ipv6, Location: 中国, ISP: 中国移动, Date: None, Delay: -1 ms, Speed: 0.00 M/s, Resolution: None
Name: 爱体育, URL: http://[2409:8087:5e08:24::11]:6610/000000001000/2000000004000000060/index.m3u8?stbId=3&livemode=1&HlsProfileId=&channel-id=hnbblive&Contentid=2000000004000000060&IASHttpSessionId=OTT19019320240419154124000281, IPv_Type: ipv6, Location: 中国, ISP: 中国移动, Date: None, Delay: -1 ms, Speed: 0.00 M/s, Resolution: None
Name: 超级体育, URL: http://[2409:8087:3869:8021:1001::e5]:6610/PLTV/88888888/224/3221225622/2/index.m3u8, IPv_Type: ipv6, Location: 中国, ISP: 中国移动, Date: None, Delay: -1 ms, Speed: 0.00 M/s, Resolution: None
Name: 超级体育, URL: http://[2409:8087:5e00:24::1e]:6060/200000001898/460000089800010063/, IPv_Type: ipv6, Location: 中国, ISP: 中国移动, Date: None, Delay: -1 ms, Speed: 0.00 M/s, Resolution: None
Name: 超级体育, URL: http://[2409:8087:74d9:21::6]:80/270000001128/9900000020/index.m3u8, IPv_Type: ipv6, Location: 中国, ISP: 中国移动, Date: None, Delay: -1 ms, Speed: 0.00 M/s, Resolution: None
Name: 超级体育, URL: http://[2409:8087:5e00:24::1e]:6060/000000001000/1000000001000009601/, IPv_Type: ipv6, Location: 中国, ISP: 中国移动, Date: None, Delay: -1 ms, Speed: 0.00 M/s, Resolution: None
Name: 超级体育, URL: http://[2409:8087:74d6:22::7]:6410/270000001128/9900000020/index.m3u8, IPv_Type: ipv6, Location: 中国, ISP: 中国移动, Date: None, Delay: -1 ms, Speed: 0.00 M/s, Resolution: None
Name: 超级体育, URL: http://[2409:8087:5e08:24::d]:6610/000000001000/1000000001000009601/index.m3u8, IPv_Type: ipv6, Location: 中国, ISP: 中国移动, Date: None, Delay: -1 ms, Speed: 0.00 M/s, Resolution: None
Name: 超级体育, URL: http://[2409:8087:5e00:24::1e]:6060/000000001000/1000000001000009204/1.m3u8, IPv_Type: ipv6, Location: 中国, ISP: 中国移动, Date: None, Delay: -1 ms, Speed: 0.00 M/s, Resolution: None
Name: 超级体育, URL: http://[2409:8087:5e00:24::1e]:6060/000000001000/1000000001000009601/1.m3u8, IPv_Type: ipv6, Location: 中国, ISP: 中国移动, Date: None, Delay: -1 ms, Speed: 0.00 M/s, Resolution: None
Name: 超级体育, URL: http://yc.myds.me:35455/itv/1000000001000009601.m3u8, IPv_Type: ipv6, Location: 中国, ISP: 中国电信, Date: None, Delay: -1 ms, Speed: 0.00 M/s, Resolution: None
Name: 精品体育, URL: http://[2409:8087:3869:8021:1001::e5]:6610/PLTV/88888888/224/3221225709/2/index.m3u8, IPv_Type: ipv6, Location: 中国, ISP: 中国移动, Date: None, Delay: -1 ms, Speed: 0.00 M/s, Resolution: None
Name: 精品体育, URL: http://[2409:8087:74d6:22::7]:6410/270000001128/9900000102/index.m3u8, IPv_Type: ipv6, Location: 中国, ISP: 中国移动, Date: None, Delay: -1 ms, Speed: 0.00 M/s, Resolution: None
Name: 精品体育, URL: http://[2409:8087:74d6:22::7]:6410/270000001128/9900000102/index.m3u8?channel-id=newtv&Ace, IPv_Type: ipv6, Location: 中国, ISP: 中国移动, Date: None, Delay: -1 ms, Speed: 0.00 M/s, Resolution: None
Name: 精品体育, URL: http://[2409:8087:5e00:24::1e]:6060/200000001898/460000089800010078/1.m3u8, IPv_Type: ipv6, Location: 中国, ISP: 中国移动, Date: None, Delay: -1 ms, Speed: 0.00 M/s, Resolution: None
Name: 精品体育, URL: https://epg.pw/stream/f7556eccd4ae06b0c2991fdc7a4f8388496559f728cc82459a8e50346040e226.m3u8, IPv_Type: ipv6, Location: 美国, ISP: CloudFlare Inc., Date: None, Delay: -1 ms, Speed: 0.00 M/s, Resolution: None
Name: 精品体育, URL: https://epg.pw/stream/94ed0232b61ce8d89883160a4cdfbfc8f3225cae70ef8e17d93eec249a3c8ad6.m3u8, IPv_Type: ipv6, Location: 美国, ISP: CloudFlare Inc., Date: None, Delay: -1 ms, Speed: 0.00 M/s, Resolution: None
Name: 精品体育, URL: https://epg.pw/stream/866a097a0907c9832440f8df38272dd555abf05200dfbafcc137e214c9b30ca7.m3u8, IPv_Type: ipv6, Location: 美国, ISP: CloudFlare Inc., Date: None, Delay: -1 ms, Speed: 0.00 M/s, Resolution: None
Name: 精品体育, URL: http://[2409:8087:5e00:24::1e]:6060/000000001000/1000000004000014634/1.m3u8, IPv_Type: ipv6, Location: 中国, ISP: 中国移动, Date: None, Delay: -1 ms, Speed: 0.00 M/s, Resolution: None
Name: 精品体育, URL: http://[2409:8087:74d9:21::6]/270000001128/9900000102/index.m3u8, IPv_Type: ipv6, Location: 中国, ISP: 中国移动, Date: None, Delay: -1 ms, Speed: 0.00 M/s, Resolution: None
Name: 广州竞赛, URL: https://tencentplay.gztv.com/live/jingsai.m3u8?txSecret=9be68e7c35579d02d11f6968531343ea&txTime=1903ea2dd6a, IPv_Type: ipv4, Location: 中国-广东-深圳, ISP: 腾讯云, Date: None, Delay: -1 ms, Speed: 0.00 M/s, Resolution: None
Name: 广州竞赛, URL: https://tencentplaywebsite.gztv.com/live/jingsai.m3u8?txSecret=cd5eb475078e689b230ada7df792e4de&txTime=193108637cb, IPv_Type: ipv4, Location: 中国-广东-广州, ISP: 腾讯云, Date: None, Delay: -1 ms, Speed: 0.00 M/s, Resolution: None
Name: 广州竞赛, URL: http://php.jdshipin.com:8880/gztv.php?id=jingsai, IPv_Type: ipv6, Location: 美国, ISP: CloudFlare Inc., Date: None, Delay: -1 ms, Speed: 0.00 M/s, Resolution: None
Name: 广州竞赛, URL: http://php.jdshipin.com:8880/gztv.php?id=jingsai#https://tencentplay.gztv.com/live/jingsai.m3u8?txSecret=49c8041461997c7a97dbcc3c7fd11b4f&txTime=18d00acf487, IPv_Type: ipv6, Location: 美国, ISP: CloudFlare Inc., Date: None, Delay: -1 ms, Speed: 0.00 M/s, Resolution: None
Name: 广州竞赛, URL: https://live.lalifeier.eu.org/gztv/jingsai.m3u8?t=1745774515&key=78e6a12641c455c41ba29024931e276e, IPv_Type: ipv6, Location: 美国, ISP: CloudFlare Inc., Date: None, Delay: -1 ms, Speed: 0.00 M/s, Resolution: None
Name: 广州竞赛, URL: https://live.lalifeier.eu.org/gztv/jingsai.m3u8?t=1748225084&key=9f1e5a913d75bfb9c02432f32e935766, IPv_Type: ipv6, Location: 美国, ISP: CloudFlare Inc., Date: None, Delay: -1 ms, Speed: 0.00 M/s, Resolution: None
Name: 广州竞赛, URL: https://live.lalifeier.eu.org/gztv/jingsai.m3u8?t=1748253139&key=5ceecdccd7822f58833b3e3d08f3bbc1, IPv_Type: ipv6, Location: 美国, ISP: CloudFlare Inc., Date: None, Delay: -1 ms, Speed: 0.00 M/s, Resolution: None
Name: 广州竞赛, URL: https://live.lalifeier.eu.org/gztv/jingsai.m3u8?t=1748280279&key=c126e2baf1f8a61321b9e89957b9cd90, IPv_Type: ipv6, Location: 美国, ISP: CloudFlare Inc., Date: None, Delay: -1 ms, Speed: 0.00 M/s, Resolution: None
Name: 广州竞赛, URL: https://live.lalifeier.eu.org/gztv/jingsai.m3u8?t=1748294604&key=adb4a3f31b4ea3bdf40026fef4817abe, IPv_Type: ipv6, Location: 美国, ISP: CloudFlare Inc., Date: None, Delay: -1 ms, Speed: 0.00 M/s, Resolution: None
Name: 广州竞赛, URL: https://live.lalifeier.eu.org/gztv/jingsai.m3u8?t=1748330780&key=e340cc58c467afe4f3216915e132731a, IPv_Type: ipv6, Location: 美国, ISP: CloudFlare Inc., Date: None, Delay: -1 ms, Speed: 0.00 M/s, Resolution: None
Name: 广州竞赛, URL: https://live.lalifeier.eu.org/gztv/jingsai.m3u8?t=1748338081&key=2c14decb66859c2618b3b1c53ba6dcf2, IPv_Type: ipv6, Location: 美国, ISP: CloudFlare Inc., Date: None, Delay: -1 ms, Speed: 0.00 M/s, Resolution: None
Name: 广州竞赛, URL: https://live.lalifeier.eu.org/gztv/jingsai.m3u8?t=1748366630&key=f30d9ab38b3d8a44decb70f7f62bf4f8, IPv_Type: ipv6, Location: 美国, ISP: CloudFlare Inc., Date: None, Delay: -1 ms, Speed: 0.00 M/s, Resolution: None
Name: 广州竞赛, URL: https://live.lalifeier.eu.org/gztv/jingsai.m3u8?t=1748381085&key=994e013b08acdc0d9e7302b0ca5790c2, IPv_Type: ipv6, Location: 美国, ISP: CloudFlare Inc., Date: None, Delay: -1 ms, Speed: 0.00 M/s, Resolution: None
Name: 广州竞赛, URL: https://live.lalifeier.eu.org/gztv/jingsai.m3u8?t=1748453025&key=bb95d20ca7ecbe22b621d563a789667e, IPv_Type: ipv6, Location: 美国, ISP: CloudFlare Inc., Date: None, Delay: -1 ms, Speed: 0.00 M/s, Resolution: None
Name: 广州竞赛, URL: https://live.lalifeier.eu.org/gztv/jingsai.m3u8?t=1748467475&key=daa41d7ecc126f253a9a105330621b1b, IPv_Type: ipv6, Location: 美国, ISP: CloudFlare Inc., Date: None, Delay: -1 ms, Speed: 0.00 M/s, Resolution: None
Name: 广州竞赛, URL: https://live.lalifeier.eu.org/gztv/jingsai.m3u8?t=1748503654&key=738819c98e5ca81679b848fde899adcb, IPv_Type: ipv6, Location: 美国, ISP: CloudFlare Inc., Date: None, Delay: -1 ms, Speed: 0.00 M/s, Resolution: None
Name: 广州竞赛, URL: https://live.lalifeier.eu.org/gztv/jingsai.m3u8?t=1748514595&key=144d5ff77584a917a09de9c30ca78198, IPv_Type: ipv6, Location: 美国, ISP: CloudFlare Inc., Date: None, Delay: -1 ms, Speed: 0.00 M/s, Resolution: None
Name: 广州竞赛, URL: https://live.lalifeier.eu.org/gztv/jingsai.m3u8?t=1748539588&key=ec3768dd0ef38a7c316347ae32f6d7fd, IPv_Type: ipv6, Location: 美国, ISP: CloudFlare Inc., Date: None, Delay: -1 ms, Speed: 0.00 M/s, Resolution: None
Name: 广州竞赛, URL: https://live.lalifeier.eu.org/gztv/jingsai.m3u8?t=1748553884&key=f1b25dc086bbf2cf53aef5e36661d606, IPv_Type: ipv6, Location: 美国, ISP: CloudFlare Inc., Date: None, Delay: -1 ms, Speed: 0.00 M/s, Resolution: None
Name: 广州竞赛, URL: https://live.lalifeier.eu.org/gztv/jingsai.m3u8?t=1748590013&key=a2813861f41953ee66bafe1724246c21, IPv_Type: ipv6, Location: 美国, ISP: CloudFlare Inc., Date: None, Delay: -1 ms, Speed: 0.00 M/s, Resolution: None
Name: 广州竞赛, URL: https://live.lalifeier.eu.org/gztv/jingsai.m3u8?t=1748597362&key=3bbc5a7e220a245b79fe4b2f33c107a1, IPv_Type: ipv6, Location: 美国, ISP: CloudFlare Inc., Date: None, Delay: -1 ms, Speed: 0.00 M/s, Resolution: None
Name: 广州竞赛, URL: https://live.lalifeier.eu.org/gztv/jingsai.m3u8?t=1748625812&key=b7cff0af52d98bef1d79f323bc7a2d20, IPv_Type: ipv6, Location: 美国, ISP: CloudFlare Inc., Date: None, Delay: -1 ms, Speed: 0.00 M/s, Resolution: None
Name: 广州竞赛, URL: https://live.lalifeier.eu.org/gztv/jingsai.m3u8?t=1748640180&key=84487bf0e4a99f898a81737e2a43caef, IPv_Type: ipv6, Location: 美国, ISP: CloudFlare Inc., Date: None, Delay: -1 ms, Speed: 0.00 M/s, Resolution: None
Name: 广州竞赛, URL: https://live.lalifeier.eu.org/gztv/jingsai.m3u8?t=1748676222&key=86e2e11d28199f1ece5a69719de0b288, IPv_Type: ipv6, Location: 美国, ISP: CloudFlare Inc., Date: None, Delay: -1 ms, Speed: 0.00 M/s, Resolution: None
Name: 广州竞赛, URL: https://live.lalifeier.eu.org/gztv/jingsai.m3u8?t=1748683536&key=fa839a7c153bf8e22b174c3f98f1f71b, IPv_Type: ipv6, Location: 美国, ISP: CloudFlare Inc., Date: None, Delay: -1 ms, Speed: 0.00 M/s, Resolution: None
Name: 深圳体育, URL: http://wmh.wmh.ink:6633/rtp/239.77.1.8:5146, IPv_Type: ipv4, Location: 中国-广东-茂名, ISP: 电信, Date: None, Delay: 498 ms, Speed: 0.91 M/s, Resolution: 1920x1080
Name: 福建体育, URL: http://e2.woc.iiiya.cn:28888/rtp/239.61.2.160:8948, IPv_Type: ipv4, Location: 中国-福建-厦门, ISP: 电信, Date: None, Delay: 477 ms, Speed: 0.00 M/s, Resolution: 1920x1080
Name: 山东体育, URL: http://livealone302.iqilu.com/iqilu/typd.m3u8, IPv_Type: ipv6, Location: 加拿大, ISP: , Date: None, Delay: -1 ms, Speed: 0.00 M/s, Resolution: None
Name: 天津体育, URL: http://nas.hssvm.com:8888/udp/225.1.1.122:5002, IPv_Type: ipv4, Location: 中国-天津-天津, ISP: 联通, Date: None, Delay: 515 ms, Speed: 0.29 M/s, Resolution: 1920x1080
Name: 江苏体育, URL: http://[2409:8087:2001:20:2800:0:df6e:eb15]/wh7f454c46tw4122585160_1534269250/ott.mobaibox.com/PLTV/3/224/3221225935/index.m3u8?icpid=3&RTS=1669268931&from=40&popid=40&hms_devid=2115&prioritypopid=40&vqe=3, IPv_Type: ipv6, Location: 中国, ISP: 中国移动, Date: None, Delay: -1 ms, Speed: 0.00 M/s, Resolution: None
Name: 江苏体育, URL: https://live.lalifeier.eu.org/jstv/jsty.m3u8?t=1748157804&key=d1842780c09b732e49163446334e54fd, IPv_Type: ipv6, Location: 美国, ISP: CloudFlare Inc., Date: None, Delay: -1 ms, Speed: 0.00 M/s, Resolution: None
Name: 江苏体育, URL: https://live.lalifeier.eu.org/jstv/jsty.m3u8?t=1748225084&key=dd6e3a94277dde0b2d246274fd01b0de, IPv_Type: ipv6, Location: 美国, ISP: CloudFlare Inc., Date: None, Delay: -1 ms, Speed: 0.00 M/s, Resolution: None
Name: 江苏体育, URL: https://live.lalifeier.eu.org/jstv/jsty.m3u8?t=1748253139&key=d51149f1769240fd79825ac846975d35, IPv_Type: ipv6, Location: 美国, ISP: CloudFlare Inc., Date: None, Delay: -1 ms, Speed: 0.00 M/s, Resolution: None
Name: 江苏体育, URL: https://live.lalifeier.eu.org/jstv/jsty.m3u8?t=1748280279&key=0f3c0abbfb843e4a0fdfac7c0cae1398, IPv_Type: ipv6, Location: 美国, ISP: CloudFlare Inc., Date: None, Delay: -1 ms, Speed: 0.00 M/s, Resolution: None
Name: 江苏体育, URL: https://live.lalifeier.eu.org/jstv/jsty.m3u8?t=1748294604&key=a2490cc84779b25eba11c9fe8a8c5470, IPv_Type: ipv6, Location: 美国, ISP: CloudFlare Inc., Date: None, Delay: -1 ms, Speed: 0.00 M/s, Resolution: None
Name: 江苏体育, URL: https://live.lalifeier.eu.org/jstv/jsty.m3u8?t=1748330780&key=c4dbfca8d6abdf356584d5213078241c, IPv_Type: ipv6, Location: 美国, ISP: CloudFlare Inc., Date: None, Delay: -1 ms, Speed: 0.00 M/s, Resolution: None
Name: 江苏体育, URL: https://live.lalifeier.eu.org/jstv/jsty.m3u8?t=1748338081&key=34ddac4367c3edf0a7a42998b7fd3d5a, IPv_Type: ipv6, Location: 美国, ISP: CloudFlare Inc., Date: None, Delay: -1 ms, Speed: 0.00 M/s, Resolution: None
Name: 江苏体育, URL: https://live.lalifeier.eu.org/jstv/jsty.m3u8?t=1748366630&key=5bdcb37ac14335f6c255d29e1429c00c, IPv_Type: ipv6, Location: 美国, ISP: CloudFlare Inc., Date: None, Delay: -1 ms, Speed: 0.00 M/s, Resolution: None
Name: 江苏体育, URL: https://live.lalifeier.eu.org/jstv/jsty.m3u8?t=1748381085&key=47f9ff96c933b9a0ed08bcbc178ba9bd, IPv_Type: ipv6, Location: 美国, ISP: CloudFlare Inc., Date: None, Delay: -1 ms, Speed: 0.00 M/s, Resolution: None
Name: 江苏体育, URL: https://live.lalifeier.eu.org/jstv/jsty.m3u8?t=1748453025&key=91d4f2057b3aaccc6ca0c375e52592cf, IPv_Type: ipv6, Location: 美国, ISP: CloudFlare Inc., Date: None, Delay: -1 ms, Speed: 0.00 M/s, Resolution: None
Name: 江苏体育, URL: https://live.lalifeier.eu.org/jstv/jsty.m3u8?t=1748467475&key=e434f0cc5a464112645ec342a6d9b273, IPv_Type: ipv6, Location: 美国, ISP: CloudFlare Inc., Date: None, Delay: -1 ms, Speed: 0.00 M/s, Resolution: None
Name: 江苏体育, URL: https://live.lalifeier.eu.org/jstv/jsty.m3u8?t=1748503654&key=2eeb6f7a2e1e81aa7333a3b254dbc170, IPv_Type: ipv6, Location: 美国, ISP: CloudFlare Inc., Date: None, Delay: -1 ms, Speed: 0.00 M/s, Resolution: None
Name: 江苏体育, URL: https://live.lalifeier.eu.org/jstv/jsty.m3u8?t=1748514595&key=16d691a6f2a940edfb0b383db28870b3, IPv_Type: ipv6, Location: 美国, ISP: CloudFlare Inc., Date: None, Delay: -1 ms, Speed: 0.00 M/s, Resolution: None
Name: 江苏体育, URL: https://live.lalifeier.eu.org/jstv/jsty.m3u8?t=1748539588&key=4ce175943af4b8091b3f25788c3449d8, IPv_Type: ipv6, Location: 美国, ISP: CloudFlare Inc., Date: None, Delay: -1 ms, Speed: 0.00 M/s, Resolution: None
Name: 江苏体育, URL: https://live.lalifeier.eu.org/jstv/jsty.m3u8?t=1748553884&key=fa151bfe98b83bf3a40757e32107c812, IPv_Type: ipv6, Location: 美国, ISP: CloudFlare Inc., Date: None, Delay: -1 ms, Speed: 0.00 M/s, Resolution: None
Name: 江苏体育, URL: https://live.lalifeier.eu.org/jstv/jsty.m3u8?t=1748590013&key=dff61ab2ff2feddef3d712706d6d29fd, IPv_Type: ipv6, Location: 美国, ISP: CloudFlare Inc., Date: None, Delay: -1 ms, Speed: 0.00 M/s, Resolution: None
Name: 江苏体育, URL: https://live.lalifeier.eu.org/jstv/jsty.m3u8?t=1748597362&key=4fd78ca8d3f3c5a1ff76e3a177f3c899, IPv_Type: ipv6, Location: 美国, ISP: CloudFlare Inc., Date: None, Delay: -1 ms, Speed: 0.00 M/s, Resolution: None
Name: 江苏体育, URL: https://live.lalifeier.eu.org/jstv/jsty.m3u8?t=1748625812&key=a7abd02371162aed2bcfb1eb1e7d93f9, IPv_Type: ipv6, Location: 美国, ISP: CloudFlare Inc., Date: None, Delay: -1 ms, Speed: 0.00 M/s, Resolution: None
Name: 江苏体育, URL: https://live.lalifeier.eu.org/jstv/jsty.m3u8?t=1748640180&key=776b053ce80d4593828d7ed829b965b4, IPv_Type: ipv6, Location: 美国, ISP: CloudFlare Inc., Date: None, Delay: -1 ms, Speed: 0.00 M/s, Resolution: None
Name: 江苏体育, URL: https://live.lalifeier.eu.org/jstv/jsty.m3u8?t=1748676222&key=0fcb4af62f2ed17e09e2a298e1fc4406, IPv_Type: ipv6, Location: 美国, ISP: CloudFlare Inc., Date: None, Delay: -1 ms, Speed: 0.00 M/s, Resolution: None
Name: 江苏体育, URL: https://live.lalifeier.eu.org/jstv/jsty.m3u8?t=1748683536&key=b099cdce17d10e39ec1d4e928d64634d, IPv_Type: ipv6, Location: 美国, ISP: CloudFlare Inc., Date: None, Delay: -1 ms, Speed: 0.00 M/s, Resolution: None
Name: 安徽综艺体育, URL: https://live.lalifeier.eu.org/ahtv/ahzyty.m3u8?t=1745774515&key=27009aec794adc785b22478c5aa2ae16, IPv_Type: ipv6, Location: 美国, ISP: CloudFlare Inc., Date: None, Delay: -1 ms, Speed: 0.00 M/s, Resolution: None
Name: 安徽综艺体育, URL: https://live.lalifeier.eu.org/ahtv/ahzyty.m3u8?t=1746292937&key=940b0f98a121c28884c74971efaac4de, IPv_Type: ipv6, Location: 美国, ISP: CloudFlare Inc., Date: None, Delay: -1 ms, Speed: 0.00 M/s, Resolution: None
Name: 安徽综艺体育, URL: https://live.lalifeier.eu.org/ahtv/ahzyty.m3u8?t=1746307365&key=6b104d1fc66c5b34b63d0e19c627e0f9, IPv_Type: ipv6, Location: 美国, ISP: CloudFlare Inc., Date: None, Delay: -1 ms, Speed: 0.00 M/s, Resolution: None
Name: 安徽综艺体育, URL: https://live.lalifeier.eu.org/ahtv/ahzyty.m3u8?t=1746307365&amp;key=6b104d1fc66c5b34b63d0e19c627e0f9, IPv_Type: ipv6, Location: 美国, ISP: CloudFlare Inc., Date: None, Delay: -1 ms, Speed: 0.00 M/s, Resolution: None
Name: 安徽综艺体育, URL: https://live.lalifeier.eu.org/ahtv/ahzyty.m3u8?t=1746725062&amp;key=4fd742e193737a1cfe3c3dfa3973e299, IPv_Type: ipv6, Location: 美国, ISP: CloudFlare Inc., Date: None, Delay: -1 ms, Speed: 0.00 M/s, Resolution: None
Name: 安徽综艺体育, URL: https://live.lalifeier.eu.org/ahtv/ahzyty.m3u8?t=1746739480&amp;key=d9527b9d7ce3a70d8e81d3f27965213f, IPv_Type: ipv6, Location: 美国, ISP: CloudFlare Inc., Date: None, Delay: -1 ms, Speed: 0.00 M/s, Resolution: None
Name: 安徽综艺体育, URL: https://live.lalifeier.eu.org/ahtv/ahzyty.m3u8?t=1747070729&key=9f0e18ee55404a00f5e7f5d69d6644c9, IPv_Type: ipv6, Location: 美国, ISP: CloudFlare Inc., Date: None, Delay: -1 ms, Speed: 0.00 M/s, Resolution: None
Name: 安徽综艺体育, URL: https://live.lalifeier.eu.org/ahtv/ahzyty.m3u8?t=1747085050&key=59f0c3d81c57da151cc63bc32dc95649, IPv_Type: ipv6, Location: 美国, ISP: CloudFlare Inc., Date: None, Delay: -1 ms, Speed: 0.00 M/s, Resolution: None
Name: 安徽综艺体育, URL: https://live.lalifeier.eu.org/ahtv/ahzyty.m3u8?t=1747675517&key=2d5e0757532a35c7177e365cfb852b96, IPv_Type: ipv6, Location: 美国, ISP: CloudFlare Inc., Date: None, Delay: -1 ms, Speed: 0.00 M/s, Resolution: None
Name: 安徽综艺体育, URL: https://live.lalifeier.eu.org/ahtv/ahzyty.m3u8?t=1748225084&key=ac4aa1517715c601b736aa0262ca444e, IPv_Type: ipv6, Location: 美国, ISP: CloudFlare Inc., Date: None, Delay: -1 ms, Speed: 0.00 M/s, Resolution: None
Name: 安徽综艺体育, URL: https://live.lalifeier.eu.org/ahtv/ahzyty.m3u8?t=1748280279&key=52433ff4c5ffe9dd566bc324e624cde7, IPv_Type: ipv6, Location: 美国, ISP: CloudFlare Inc., Date: None, Delay: -1 ms, Speed: 0.00 M/s, Resolution: None
Name: 安徽综艺体育, URL: https://live.lalifeier.eu.org/ahtv/ahzyty.m3u8?t=1748330780&key=4dfaedbef28f06a757046e2cc3135d60, IPv_Type: ipv6, Location: 美国, ISP: CloudFlare Inc., Date: None, Delay: -1 ms, Speed: 0.00 M/s, Resolution: None
Name: 安徽综艺体育, URL: https://live.lalifeier.eu.org/ahtv/ahzyty.m3u8?t=1748338081&key=6a538f18fb6cbf5ac076a81b656ed54f, IPv_Type: ipv6, Location: 美国, ISP: CloudFlare Inc., Date: None, Delay: -1 ms, Speed: 0.00 M/s, Resolution: None
Name: 安徽综艺体育, URL: https://live.lalifeier.eu.org/ahtv/ahzyty.m3u8?t=1748366630&key=31567487d52cb8b38057dafb9366f39b, IPv_Type: ipv6, Location: 美国, ISP: CloudFlare Inc., Date: None, Delay: -1 ms, Speed: 0.00 M/s, Resolution: None
Name: 安徽综艺体育, URL: https://live.lalifeier.eu.org/ahtv/ahzyty.m3u8?t=1748381085&key=cfb4cb4e92e5f3ca2352fb6a1a4f0054, IPv_Type: ipv6, Location: 美国, ISP: CloudFlare Inc., Date: None, Delay: -1 ms, Speed: 0.00 M/s, Resolution: None
Name: 安徽综艺体育, URL: https://live.lalifeier.eu.org/ahtv/ahzyty.m3u8?t=1748453025&key=2eeccc32266c1f7bf65cb74649a05786, IPv_Type: ipv6, Location: 美国, ISP: CloudFlare Inc., Date: None, Delay: -1 ms, Speed: 0.00 M/s, Resolution: None
Name: 安徽综艺体育, URL: https://live.lalifeier.eu.org/ahtv/ahzyty.m3u8?t=1748467475&key=a5a7a340fff3b95a734721a8c531b452, IPv_Type: ipv6, Location: 美国, ISP: CloudFlare Inc., Date: None, Delay: -1 ms, Speed: 0.00 M/s, Resolution: None
Name: 安徽综艺体育, URL: https://live.lalifeier.eu.org/ahtv/ahzyty.m3u8?t=1748503654&key=e843158636c8a30297c1e55bcb645b9a, IPv_Type: ipv6, Location: 美国, ISP: CloudFlare Inc., Date: None, Delay: -1 ms, Speed: 0.00 M/s, Resolution: None
Name: 安徽综艺体育, URL: https://live.lalifeier.eu.org/ahtv/ahzyty.m3u8?t=1748514595&key=c12520f29b9d62854c894fab7489ccbb, IPv_Type: ipv6, Location: 美国, ISP: CloudFlare Inc., Date: None, Delay: -1 ms, Speed: 0.00 M/s, Resolution: None
Name: 安徽综艺体育, URL: https://live.lalifeier.eu.org/ahtv/ahzyty.m3u8?t=1748539588&key=ce75cef0e5443d82b0065efbc148c728, IPv_Type: ipv6, Location: 美国, ISP: CloudFlare Inc., Date: None, Delay: -1 ms, Speed: 0.00 M/s, Resolution: None
Name: 安徽综艺体育, URL: https://live.lalifeier.eu.org/ahtv/ahzyty.m3u8?t=1748553884&key=76d1d227dfe24462ebdabca14405ba48, IPv_Type: ipv6, Location: 美国, ISP: CloudFlare Inc., Date: None, Delay: -1 ms, Speed: 0.00 M/s, Resolution: None
Name: 安徽综艺体育, URL: https://live.lalifeier.eu.org/ahtv/ahzyty.m3u8?t=1748590013&key=5e1c2e4cbd757aa68e8c75c30533c2a4, IPv_Type: ipv6, Location: 美国, ISP: CloudFlare Inc., Date: None, Delay: -1 ms, Speed: 0.00 M/s, Resolution: None
Name: 安徽综艺体育, URL: https://live.lalifeier.eu.org/ahtv/ahzyty.m3u8?t=1748597362&key=f1eaff93067c1e57258398e67fcfcfaf, IPv_Type: ipv6, Location: 美国, ISP: CloudFlare Inc., Date: None, Delay: -1 ms, Speed: 0.00 M/s, Resolution: None
Name: 安徽综艺体育, URL: https://live.lalifeier.eu.org/ahtv/ahzyty.m3u8?t=1748625812&key=ce27e082622c6e1d5f3a7c05973379cc, IPv_Type: ipv6, Location: 美国, ISP: CloudFlare Inc., Date: None, Delay: -1 ms, Speed: 0.00 M/s, Resolution: None
Name: 安徽综艺体育, URL: https://live.lalifeier.eu.org/ahtv/ahzyty.m3u8?t=1748640180&key=25001ebbf27dad227704f16e40fe35da, IPv_Type: ipv6, Location: 美国, ISP: CloudFlare Inc., Date: None, Delay: -1 ms, Speed: 0.00 M/s, Resolution: None
Name: 安徽综艺体育, URL: https://live.lalifeier.eu.org/ahtv/ahzyty.m3u8?t=1748676222&key=1f69d46b3fed5d1a10736304e0805872, IPv_Type: ipv6, Location: 美国, ISP: CloudFlare Inc., Date: None, Delay: -1 ms, Speed: 0.00 M/s, Resolution: None
Name: 安徽综艺体育, URL: https://live.lalifeier.eu.org/ahtv/ahzyty.m3u8?t=1748683536&key=77f79837a091d190ed1955682b08fac6, IPv_Type: ipv6, Location: 美国, ISP: CloudFlare Inc., Date: None, Delay: -1 ms, Speed: 0.00 M/s, Resolution: None
Name: 睛彩篮球, URL: http://[2409:8087:1a01:df::4055]:80/TVOD/88888888/224/3221225901/main.m3u8, IPv_Type: ipv6, Location: 中国, ISP: 中国移动, Date: None, Delay: -1 ms, Speed: 0.00 M/s, Resolution: None
Name: 睛彩篮球, URL: http://[2603:c022:8005:81ff:6745:ae39:400f:259a]:4022/rtp/239.77.1.21:5146, IPv_Type: ipv6, Location: 美国, ISP: , Date: None, Delay: -1 ms, Speed: 0.00 M/s, Resolution: None
Name: 睛彩篮球, URL: http://[2409:8087:5e00:24::20]:6610/000000001000/1/3000000020000011529/index.m3u8?channel-id=FifastbLive&Contentid=3000000020000011529&livemode=1&stbId=YanG-1989, IPv_Type: ipv6, Location: 中国, ISP: 中国移动, Date: None, Delay: -1 ms, Speed: 0.00 M/s, Resolution: None
Name: 睛彩篮球, URL: http://congtou.top:9292/rtp/239.77.1.21:5146, IPv_Type: ipv6, Location: 中国, ISP: 中国电信, Date: None, Delay: -1 ms, Speed: 0.00 M/s, Resolution: None
Name: 睛彩篮球, URL: http://rrs01.hw.gmcc.net:8088/PLTV/116/224/3221226952/index.m3u8, IPv_Type: ipv6, Location: 中国, ISP: 中国移动, Date: None, Delay: -1 ms, Speed: 0.00 M/s, Resolution: None
Name: 睛彩篮球, URL: http://13937899.xyz:35455/itv/3000000020000011529.m3u8?cdn=FifastbLive, IPv_Type: ipv6, Location: 中国, ISP: 中国电信, Date: None, Delay: -1 ms, Speed: 0.00 M/s, Resolution: None
Name: 睛彩篮球, URL: http://13937899.xyz:35455/itv/3000000020000011531.m3u8?cdn=FifastbLive, IPv_Type: ipv6, Location: 中国, ISP: 中国电信, Date: None, Delay: -1 ms, Speed: 0.00 M/s, Resolution: None
Name: 睛彩篮球, URL: http://missyao.com:35455/itv/3000000020000011529.m3u8?cdn=FifastbLive, IPv_Type: ipv6, Location: 中国-香港, ISP: , Date: None, Delay: -1 ms, Speed: 0.00 M/s, Resolution: None
Name: 睛彩篮球, URL: http://[2409:8087:5e00:24::1e]:6060/000000001000/1000000006000270006/1.m3u8, IPv_Type: ipv6, Location: 中国, ISP: 中国移动, Date: None, Delay: -1 ms, Speed: 0.00 M/s, Resolution: None
Name: 睛彩篮球, URL: http://[2409:8087:74d6:22::7]:6410/270000001128/9900000118/index.m3u8, IPv_Type: ipv6, Location: 中国, ISP: 中国移动, Date: None, Delay: -1 ms, Speed: 0.00 M/s, Resolution: None
Name: 睛彩篮球, URL: http://[2409:8087:5e08:24::15]:6610/000000001000/3000000020000011529/index.m3u8, IPv_Type: ipv6, Location: 中国, ISP: 中国移动, Date: None, Delay: -1 ms, Speed: 0.00 M/s, Resolution: None
Name: 睛彩篮球, URL: http://m.951688.xyz:35455/itv/2000000003000000061.m3u8, IPv_Type: ipv6, Location: 中国, ISP: 中国电信, Date: None, Delay: -1 ms, Speed: 0.00 M/s, Resolution: None
Name: 睛彩篮球, URL: http://m.951688.xyz:35455/itv/2000000003000000065.m3u8, IPv_Type: ipv6, Location: 中国, ISP: 中国电信, Date: None, Delay: -1 ms, Speed: 0.00 M/s, Resolution: None
Name: 睛彩篮球, URL: http://m.951688.xyz:35455/itv/1000000006000270002.m3u8, IPv_Type: ipv6, Location: 中国, ISP: 中国电信, Date: None, Delay: -1 ms, Speed: 0.00 M/s, Resolution: None
Name: 睛彩篮球, URL: http://[2409:8087:1a01:df::7005]/TVOD/88888888/224/3221225895/main.m3u8, IPv_Type: ipv6, Location: 中国, ISP: 中国移动, Date: None, Delay: -1 ms, Speed: 0.00 M/s, Resolution: None
Name: 睛彩篮球, URL: http://m.951688.xyz:35455/itv/1000000006000270006.m3u8, IPv_Type: ipv6, Location: 中国, ISP: 中国电信, Date: None, Delay: -1 ms, Speed: 0.00 M/s, Resolution: None
Name: 睛彩篮球, URL: http://[2409:8087:5e00:24::1e]:6060/000000001000/1000000006000270002/1.m3u8, IPv_Type: ipv6, Location: 中国, ISP: 中国移动, Date: None, Delay: -1 ms, Speed: 0.00 M/s, Resolution: None
Name: 睛彩篮球, URL: http://[2409:8087:74f0:22::4]:6410/270000001128/9900000118/index.m3u8, IPv_Type: ipv6, Location: 中国, ISP: 中国移动, Date: None, Delay: -1 ms, Speed: 0.00 M/s, Resolution: None
Name: 睛彩篮球, URL: http://thhomes.cn:4000/rtp/239.3.1.126:8001, IPv_Type: ipv4, Location: 中国-北京-北京, ISP: 联通, Date: None, Delay: 821 ms, Speed: 0.87 M/s, Resolution: 1920x1080
Name: 睛彩羽毛球, URL: http://thhomes.cn:4000/rtp/239.3.1.127:8001, IPv_Type: ipv4, Location: 中国-北京-北京, ISP: 联通, Date: None, Delay: 486 ms, Speed: 0.89 M/s, Resolution: 1920x1080
Name: 睛彩广场舞, URL: http://cdn6.bkpcp.top/itv/yditv.php, IPv_Type: ipv6, Location: 美国, ISP: CloudFlare Inc., Date: None, Delay: -1 ms, Speed: 0.00 M/s, Resolution: None
Name: 睛彩广场舞, URL: http://[2409:8087:74d4:21::36]/270000001128/9900000532/1.m3u8, IPv_Type: ipv6, Location: 中国, ISP: 中国移动, Date: None, Delay: -1 ms, Speed: 0.00 M/s, Resolution: None
Name: 睛彩广场舞, URL: http://[2409:8087:5e08:24::15]:6610/000000001000/3000000020000011524/index.m3u8?channel-id=FifastbLive&Contentid=3000000020000011524&livemode=1&stbId=3, IPv_Type: ipv6, Location: 中国, ISP: 中国移动, Date: None, Delay: -1 ms, Speed: 0.00 M/s, Resolution: None
Name: 睛彩广场舞, URL: http://ott.mobaibox.com/PLTV/4/224/3221228231/index.m3u8, IPv_Type: ipv6, Location: 中国, ISP: 中国移动, Date: None, Delay: -1 ms, Speed: 0.00 M/s, Resolution: None
Name: 睛彩广场舞, URL: http://[2409:8087:5e00:24::20]:6610/000000001000/1/3000000020000011523/index.m3u8?channel-id=FifastbLive&Contentid=3000000020000011523&livemode=1&stbId=YanG-1989, IPv_Type: ipv6, Location: 中国, ISP: 中国移动, Date: None, Delay: -1 ms, Speed: 0.00 M/s, Resolution: None
Name: 睛彩广场舞, URL: http://[2409:8087:5e00:24::2d]:6610/000000001000/1/3000000020000011523/index.m3u8?channel-id=FifastbLive&Contentid=3000000020000011523&livemode=1&stbId=YanG-1989, IPv_Type: ipv6, Location: 中国, ISP: 中国移动, Date: None, Delay: -1 ms, Speed: 0.00 M/s, Resolution: None
Name: 睛彩广场舞, URL: http://13937899.xyz:35455/itv/3000000020000011523.m3u8?cdn=FifastbLive, IPv_Type: ipv6, Location: 中国, ISP: 中国电信, Date: None, Delay: -1 ms, Speed: 0.00 M/s, Resolution: None
Name: 睛彩广场舞, URL: http://zjzcf.synology.me:35455/itv/3000000020000011523.m3u8?cdn=FifastbLive, IPv_Type: ipv6, Location: 中国, ISP: 中国移动, Date: None, Delay: -1 ms, Speed: 0.00 M/s, Resolution: None
Name: 睛彩广场舞, URL: http://dsj.motem.top:8880/itv/3000000020000011523.m3u8?cdn=FifastbLive, IPv_Type: ipv6, Location: 美国, ISP: CloudFlare Inc., Date: None, Delay: -1 ms, Speed: 0.00 M/s, Resolution: None
Name: 睛彩广场舞, URL: http://13937899.xyz:35455/itv/3000000020000011523.m3u8, IPv_Type: ipv6, Location: 中国, ISP: 中国电信, Date: None, Delay: -1 ms, Speed: 0.00 M/s, Resolution: None
Name: 睛彩广场舞, URL: http://thhomes.cn:4000/rtp/239.3.1.128:8001, IPv_Type: ipv4, Location: 中国-北京-北京, ISP: 联通, Date: None, Delay: 517 ms, Speed: 0.90 M/s, Resolution: 1920x1080
Name: 风云足球, URL: https://epg.pw/stream/ac8062ec9484078061d3bef507c15a423ac57ae4144e3fcc4b0a198dd420f911.m3u8, IPv_Type: ipv6, Location: 美国, ISP: CloudFlare Inc., Date: None, Delay: -1 ms, Speed: 0.00 M/s, Resolution: None
Name: 足球频道, URL: http://ymz.stkeyu.top:8303/rtp/239.253.43.202:5146, IPv_Type: ipv4, Location: 中国-广东-汕头, ISP: 电信, Date: None, Delay: 947 ms, Speed: 0.89 M/s, Resolution: 1920x1080
Name: 魅力足球, URL: http://z.b.bkpcp.top/m.php?id=mlzq, IPv_Type: ipv6, Location: 美国, ISP: CloudFlare Inc., Date: None, Delay: -1 ms, Speed: 0.00 M/s, Resolution: None
Name: 魅力足球, URL: http://gat.bkpcp.top/ymg.php?id=mlzq, IPv_Type: ipv6, Location: 美国, ISP: CloudFlare Inc., Date: None, Delay: -1 ms, Speed: 0.00 M/s, Resolution: None
Name: 魅力足球, URL: http://goo.bkpcp.top/mg/mlzq, IPv_Type: ipv6, Location: 美国, ISP: CloudFlare Inc., Date: None, Delay: -1 ms, Speed: 0.00 M/s, Resolution: None
Name: 魅力足球, URL: http://z.b.bkpcp.top/m.php, IPv_Type: ipv6, Location: 美国, ISP: CloudFlare Inc., Date: None, Delay: -1 ms, Speed: 0.00 M/s, Resolution: None
Name: 魅力足球, URL: http://gat.bkpcp.top/ymg.php, IPv_Type: ipv6, Location: 美国, ISP: CloudFlare Inc., Date: None, Delay: -1 ms, Speed: 0.00 M/s, Resolution: None
Name: 魅力足球, URL: https://tv.fanmingming.com/api/v6, IPv_Type: ipv6, Location: 美国, ISP: CloudFlare Inc., Date: None, Delay: -1 ms, Speed: 0.00 M/s, Resolution: None
